{"error": null, "params": {"dates": [{"endDate": "04-30-2019", "startDate": "01-01-2017", "yearRange": [1980, 2050]}], "layers": [{"layer": "_1_km_monthly_EVI", "product": "MOD13A3.006"}, {"layer": "_1_km_monthly_NDVI", "product": "MOD13A3.006"}], "coordinates": [{"latitude": 0.283671, "longitude": 32.600376}]}, "status": "processing", "created": "2019-06-02T15:07:30.688574", "task_id": "1dfd9ec9-513f-45ec-93e3-6dc90174951b", "updated": "2019-06-02T15:07:31.414185", "user_id": "sserurich@gmail.com", "retry_at": null, "task_name": "makindye-vi-2017-2019", "task_type": "point", "api_version": null, "svc_version": "2.21", "web_version": "2.21", "expires_on": "2019-07-02T15:07:31.414185", "attempts": 1}
