{"error": null, "params": {"dates": [{"endDate": "04-30-2019", "startDate": "01-01-2017", "yearRange": [1980, 2050]}], "layers": [{"layer": "_1_km_monthly_EVI", "product": "MOD13A3.006"}, {"layer": "_1_km_monthly_NDVI", "product": "MOD13A3.006"}], "coordinates": [{"latitude": 0.2828274, "longitude": 32.6021926}]}, "status": "processing", "created": "2019-04-30T09:11:22.636986", "task_id": "73f26339-2937-493b-baf2-d1365a34f191", "updated": "2019-04-30T09:11:24.948962", "user_id": "sserurich@gmail.com", "retry_at": null, "task_name": "makindye_ris_vi_2017_2019", "task_type": "point", "api_version": null, "svc_version": "2.20", "web_version": "2.20", "expires_on": "2019-05-30T09:11:24.948962", "attempts": 1}
