Latitude,Longitude,Date,MODIS_Tile,MOD13A3_006_Line_Y_1km,MOD13A3_006_Sample_X_1km,MOD13A3_006__1_km_monthly_EVI,MOD13A3_006__1_km_monthly_NDVI,MOD13A3_006__1_km_monthly_VI_Quality,MOD13A3_006__1_km_monthly_VI_Quality_bitmask,MOD13A3_006__1_km_monthly_VI_Quality_MODLAND,MOD13A3_006__1_km_monthly_VI_Quality_MODLAND_Description,MOD13A3_006__1_km_monthly_VI_Quality_VI_Usefulness,MOD13A3_006__1_km_monthly_VI_Quality_VI_Usefulness_Description,MOD13A3_006__1_km_monthly_VI_Quality_Aerosol_Quantity,MOD13A3_006__1_km_monthly_VI_Quality_Aerosol_Quantity_Description,MOD13A3_006__1_km_monthly_VI_Quality_Adjacent_cloud_detected,MOD13A3_006__1_km_monthly_VI_Quality_Adjacent_cloud_detected_Description,MOD13A3_006__1_km_monthly_VI_Quality_Atmosphere_BRDF_Correction,MOD13A3_006__1_km_monthly_VI_Quality_Atmosphere_BRDF_Correction_Description,MOD13A3_006__1_km_monthly_VI_Quality_Mixed_Clouds,MOD13A3_006__1_km_monthly_VI_Quality_Mixed_Clouds_Description,MOD13A3_006__1_km_monthly_VI_Quality_Land/Water_Mask,MOD13A3_006__1_km_monthly_VI_Quality_Land/Water_Mask_Description,MOD13A3_006__1_km_monthly_VI_Quality_Possible_snow/ice,MOD13A3_006__1_km_monthly_VI_Quality_Possible_snow/ice_Description,MOD13A3_006__1_km_monthly_VI_Quality_Possible_shadow,MOD13A3_006__1_km_monthly_VI_Quality_Possible_shadow_Description
0.2828274,32.6021926,2017-01-01,h21v08,1166.0,312.0,0.1884,0.3234,2112.0,0b0000100001000000,0b00,"VI produced, good quality",0b0000,Highest quality,0b01,Low,0b0,No,0b0,No,0b0,No,0b001,Land (Nothing else but land),0b0,No,0b0,No
0.2828274,32.6021926,2017-02-01,h21v08,1166.0,312.0,0.2032,0.3603,2112.0,0b0000100001000000,0b00,"VI produced, good quality",0b0000,Highest quality,0b01,Low,0b0,No,0b0,No,0b0,No,0b001,Land (Nothing else but land),0b0,No,0b0,No
0.2828274,32.6021926,2017-03-01,h21v08,1166.0,312.0,0.2332,0.3541,2181.0,0b0000100010000101,0b01,"VI produced, but check other QA",0b0001,Lower quality,0b10,Average,0b0,No,0b0,No,0b0,No,0b001,Land (Nothing else but land),0b0,No,0b0,No
0.2828274,32.6021926,2017-04-01,h21v08,1166.0,312.0,0.2108,0.355,2112.0,0b0000100001000000,0b00,"VI produced, good quality",0b0000,Highest quality,0b01,Low,0b0,No,0b0,No,0b0,No,0b001,Land (Nothing else but land),0b0,No,0b0,No
0.2828274,32.6021926,2017-05-01,h21v08,1166.0,312.0,0.2321,0.4198,2112.0,0b0000100001000000,0b00,"VI produced, good quality",0b0000,Highest quality,0b01,Low,0b0,No,0b0,No,0b0,No,0b001,Land (Nothing else but land),0b0,No,0b0,No
0.2828274,32.6021926,2017-06-01,h21v08,1166.0,312.0,0.2134,0.3868,2181.0,0b0000100010000101,0b01,"VI produced, but check other QA",0b0001,Lower quality,0b10,Average,0b0,No,0b0,No,0b0,No,0b001,Land (Nothing else but land),0b0,No,0b0,No
0.2828274,32.6021926,2017-07-01,h21v08,1166.0,312.0,0.2119,0.4163,4305.0,0b0001000011010001,0b01,"VI produced, but check other QA",0b0100,Decreasing quality (0100),0b11,High,0b0,No,0b0,No,0b0,No,0b010,Ocean coastlines and lake shorelines,0b0,No,0b0,No
0.2828274,32.6021926,2017-08-01,h21v08,1166.0,312.0,0.2215,0.3846,4233.0,0b0001000010001001,0b01,"VI produced, but check other QA",0b0010,Decreasing quality (0010),0b10,Average,0b0,No,0b0,No,0b0,No,0b010,Ocean coastlines and lake shorelines,0b0,No,0b0,No
0.2828274,32.6021926,2017-09-01,h21v08,1166.0,312.0,0.2351,0.4179,2185.0,0b0000100010001001,0b01,"VI produced, but check other QA",0b0010,Decreasing quality (0010),0b10,Average,0b0,No,0b0,No,0b0,No,0b001,Land (Nothing else but land),0b0,No,0b0,No
0.2828274,32.6021926,2017-10-01,h21v08,1166.0,312.0,0.2189,0.4116,2112.0,0b0000100001000000,0b00,"VI produced, good quality",0b0000,Highest quality,0b01,Low,0b0,No,0b0,No,0b0,No,0b001,Land (Nothing else but land),0b0,No,0b0,No
0.2828274,32.6021926,2017-11-01,h21v08,1166.0,312.0,0.2245,0.4246,2112.0,0b0000100001000000,0b00,"VI produced, good quality",0b0000,Highest quality,0b01,Low,0b0,No,0b0,No,0b0,No,0b001,Land (Nothing else but land),0b0,No,0b0,No
0.2828274,32.6021926,2017-12-01,h21v08,1166.0,312.0,0.2139,0.4028,2185.0,0b0000100010001001,0b01,"VI produced, but check other QA",0b0010,Decreasing quality (0010),0b10,Average,0b0,No,0b0,No,0b0,No,0b001,Land (Nothing else but land),0b0,No,0b0,No
0.2828274,32.6021926,2018-01-01,h21v08,1166.0,312.0,0.162,0.3307,2181.0,0b0000100010000101,0b01,"VI produced, but check other QA",0b0001,Lower quality,0b10,Average,0b0,No,0b0,No,0b0,No,0b001,Land (Nothing else but land),0b0,No,0b0,No
0.2828274,32.6021926,2018-02-01,h21v08,1166.0,312.0,0.1738,0.3276,2181.0,0b0000100010000101,0b01,"VI produced, but check other QA",0b0001,Lower quality,0b10,Average,0b0,No,0b0,No,0b0,No,0b001,Land (Nothing else but land),0b0,No,0b0,No
0.2828274,32.6021926,2018-03-01,h21v08,1166.0,312.0,0.2047,0.3324,2112.0,0b0000100001000000,0b00,"VI produced, good quality",0b0000,Highest quality,0b01,Low,0b0,No,0b0,No,0b0,No,0b001,Land (Nothing else but land),0b0,No,0b0,No
0.2828274,32.6021926,2018-04-01,h21v08,1166.0,312.0,0.2635,0.4276,2445.0,0b0000100110001101,0b01,"VI produced, but check other QA",0b0011,Decreasing quality (0011),0b10,Average,0b1,Yes,0b0,No,0b0,No,0b001,Land (Nothing else but land),0b0,No,0b0,No
0.2828274,32.6021926,2018-05-01,h21v08,1166.0,312.0,0.2501,0.4622,2116.0,0b0000100001000100,0b00,"VI produced, good quality",0b0001,Lower quality,0b01,Low,0b0,No,0b0,No,0b0,No,0b001,Land (Nothing else but land),0b0,No,0b0,No
0.2828274,32.6021926,2018-06-01,h21v08,1166.0,312.0,0.2816,0.4319,2185.0,0b0000100010001001,0b01,"VI produced, but check other QA",0b0010,Decreasing quality (0010),0b10,Average,0b0,No,0b0,No,0b0,No,0b001,Land (Nothing else but land),0b0,No,0b0,No
0.2828274,32.6021926,2018-07-01,h21v08,1166.0,312.0,0.232,0.4191,2116.0,0b0000100001000100,0b00,"VI produced, good quality",0b0001,Lower quality,0b01,Low,0b0,No,0b0,No,0b0,No,0b001,Land (Nothing else but land),0b0,No,0b0,No
0.2828274,32.6021926,2018-08-01,h21v08,1166.0,312.0,0.3135,0.4859,2112.0,0b0000100001000000,0b00,"VI produced, good quality",0b0000,Highest quality,0b01,Low,0b0,No,0b0,No,0b0,No,0b001,Land (Nothing else but land),0b0,No,0b0,No
0.2828274,32.6021926,2018-09-01,h21v08,1166.0,312.0,0.2022,0.3547,2181.0,0b0000100010000101,0b01,"VI produced, but check other QA",0b0001,Lower quality,0b10,Average,0b0,No,0b0,No,0b0,No,0b001,Land (Nothing else but land),0b0,No,0b0,No
0.2828274,32.6021926,2018-10-01,h21v08,1166.0,312.0,0.2244,0.3994,2181.0,0b0000100010000101,0b01,"VI produced, but check other QA",0b0001,Lower quality,0b10,Average,0b0,No,0b0,No,0b0,No,0b001,Land (Nothing else but land),0b0,No,0b0,No
0.2828274,32.6021926,2018-11-01,h21v08,1166.0,312.0,0.2703,0.4027,2517.0,0b0000100111010101,0b01,"VI produced, but check other QA",0b0101,Decreasing quality (0101),0b11,High,0b1,Yes,0b0,No,0b0,No,0b001,Land (Nothing else but land),0b0,No,0b0,No
0.2828274,32.6021926,2018-12-01,h21v08,1166.0,312.0,0.2299,0.3548,2513.0,0b0000100111010001,0b01,"VI produced, but check other QA",0b0100,Decreasing quality (0100),0b11,High,0b1,Yes,0b0,No,0b0,No,0b001,Land (Nothing else but land),0b0,No,0b0,No
0.2828274,32.6021926,2019-01-01,h21v08,1166.0,312.0,0.2216,0.3775,2112.0,0b0000100001000000,0b00,"VI produced, good quality",0b0000,Highest quality,0b01,Low,0b0,No,0b0,No,0b0,No,0b001,Land (Nothing else but land),0b0,No,0b0,No
0.2828274,32.6021926,2019-02-01,h21v08,1166.0,312.0,0.2234,0.3993,2112.0,0b0000100001000000,0b00,"VI produced, good quality",0b0000,Highest quality,0b01,Low,0b0,No,0b0,No,0b0,No,0b001,Land (Nothing else but land),0b0,No,0b0,No
0.2828274,32.6021926,2019-03-01,h21v08,1166.0,312.0,0.1809,0.3132,2112.0,0b0000100001000000,0b00,"VI produced, good quality",0b0000,Highest quality,0b01,Low,0b0,No,0b0,No,0b0,No,0b001,Land (Nothing else but land),0b0,No,0b0,No
