{"error": null, "params": {"dates": [{"endDate": "04-30-2019", "startDate": "01-01-2017", "yearRange": [1980, 2050]}], "layers": [{"layer": "_1_km_monthly_EVI", "product": "MOD13A3.006"}, {"layer": "_1_km_monthly_NDVI", "product": "MOD13A3.006"}], "coordinates": [{"latitude": 0.297841, "longitude": 32.55506}]}, "status": "processing", "created": "2019-06-02T14:33:36.493303", "task_id": "fd898eff-eeb6-4e43-9fae-7707fd76051d", "updated": "2019-06-02T14:33:36.803792", "user_id": "sserurich@gmail.com", "retry_at": null, "task_name": "rubaga-kabusu-vi-2017-2019", "task_type": "point", "api_version": null, "svc_version": "2.21", "web_version": "2.21", "expires_on": "2019-07-02T14:33:36.803792", "attempts": 1}
