{"error": null, "params": {"dates": [{"endDate": "04-30-2019", "startDate": "01-01-2017", "yearRange": [1980, 2050]}], "layers": [{"layer": "_1_km_monthly_EVI", "product": "MOD13A3.006"}, {"layer": "_1_km_monthly_NDVI", "product": "MOD13A3.006"}], "coordinates": [{"latitude": 0.34616, "longitude": 32.64833}]}, "status": "processing", "created": "2019-06-02T14:18:39.533465", "task_id": "c55de60a-cbad-4063-b5ea-0b00cf70ca36", "updated": "2019-06-02T14:18:39.854926", "user_id": "sserurich@gmail.com", "retry_at": null, "task_name": "kireka_vi_2017_2019", "task_type": "point", "api_version": null, "svc_version": "2.21", "web_version": "2.21", "expires_on": "2019-07-02T14:18:39.854926", "attempts": 1}
