{"error": null, "params": {"dates": [{"endDate": "04-29-2019", "startDate": "01-01-2017", "yearRange": [1980, 2050]}], "layers": [{"layer": "_1_km_monthly_EVI", "product": "MOD13A3.006"}, {"layer": "_1_km_monthly_NDVI", "product": "MOD13A3.006"}], "coordinates": [{"latitude": 0.3141877, "longitude": 32.5901072}]}, "status": "processing", "created": "2019-04-29T13:19:29.698543", "task_id": "f91a2509-2e20-44c7-8ef1-deba7083785f", "updated": "2019-04-29T13:19:33.761223", "user_id": "sserurich@gmail.com", "retry_at": null, "task_name": "jinja_road_nema_house_vi_2017_2019", "task_type": "point", "api_version": null, "svc_version": "2.19", "web_version": "2.19", "expires_on": "2019-05-29T13:19:33.761223", "attempts": 1}
