TimeStamp,PM1(Ug/m3),PM2.5(Ug/m3),PM10(Ug/m3),EVI,NDVI,average humidity (%),total rainfall (mm),average pressure (kPa),total radiation (W/m2),average temperature (oC),average windspeed (m/s),min windspeed (m/s),max windspeed (m/s),winddirection_E,winddirection_N,winddirection_NE,winddirection_NW,winddirection_S,winddirection_SE,winddirection_SW,winddirection_W
2017-09-09,11.35,14.23,30.41,0.2002,0.366,86.22,0.0,87.666,0.0,20.92,0.59,0.29,1.19,0,0,0,0,0,1,0,0
2017-09-10,7.67,9.78,27.35,0.2002,0.366,78.17,0.0,87.715,3575.39,21.91,0.6,0.31,1.41,0,0,1,0,0,0,0,0
2017-09-11,7.39,10.63,29.46,0.2002,0.366,75.27,1.77,87.65700000000001,4600.25,23.05,0.69,0.44,1.27,0,0,1,0,0,0,0,0
2017-09-13,9.19,12.39,23.34,0.2002,0.366,90.0,0.0,87.73,0.0,20.46,0.91,0.91,0.91,1,0,0,0,0,0,0,0
2017-09-24,9.55,14.08,31.79,0.2002,0.366,78.17,0.0,87.78,4839.53,22.02,0.88,0.3,1.63,0,0,0,0,0,1,0,0
2017-09-25,6.06,8.88,21.48,0.2002,0.366,80.21,7.88,87.62700000000001,4820.36,21.65,0.7,0.39,1.03,1,0,0,0,0,0,0,0
2017-09-26,10.27,14.95,29.77,0.2002,0.366,90.25,0.0,87.645,0.0,19.6,0.62,0.19,1.23,0,1,0,0,0,0,0,0
2017-10-31,6.86,10.51,25.02,0.2086,0.3898,84.5,1.07,87.665,0.0,20.55,0.95,0.71,1.24,0,0,1,0,0,0,0,0
2017-11-01,6.78,11.49,22.38,0.2021,0.3925,73.0,1.67,87.624,4707.15,23.25,0.69,0.32,1.38,0,0,0,0,0,1,0,0
2017-11-02,9.2,14.87,33.29,0.2021,0.3925,74.96,0.02,87.61,4683.44,22.99,0.66,0.22,1.28,0,0,0,0,0,0,0,1
2017-11-03,7.25,12.68,25.09,0.2021,0.3925,81.25,10.1,87.56,4773.7,22.08,0.77,0.18,1.31,0,0,0,0,0,0,0,1
2017-11-04,3.89,6.77,15.04,0.2021,0.3925,82.88,0.0,87.708,3302.85,20.49,1.14,0.72,2.1,0,0,0,0,0,1,0,0
2017-11-05,4.44,8.3,15.25,0.2021,0.3925,80.63,0.0,87.734,3079.76,21.23,0.55,0.18,0.9,1,0,0,0,0,0,0,0
2017-11-06,7.67,13.42,28.38,0.2021,0.3925,87.92,7.3,87.604,2781.42,20.95,0.57,0.2,1.0,1,0,0,0,0,0,0,0
2017-11-07,4.62,8.33,15.34,0.2021,0.3925,92.29,66.84,87.723,2762.91,19.38,1.65,0.15,22.84,0,0,0,0,0,1,0,0
2017-11-08,4.79,7.7,17.3,0.2021,0.3925,85.42,3.36,87.68700000000001,3191.81,21.62,0.53,0.23,0.83,1,0,0,0,0,0,0,0
2017-11-09,5.29,8.23,14.62,0.2021,0.3925,86.33,1.0,87.632,3439.81,21.52,0.53,0.2,0.93,1,0,0,0,0,0,0,0
2017-11-10,6.64,11.3,20.43,0.2021,0.3925,85.25,12.08,87.55799999999999,3612.91,21.24,0.7,0.4,1.19,1,0,0,0,0,0,0,0
2017-11-11,8.85,15.51,28.68,0.2021,0.3925,78.5,0.0,87.56299999999999,4988.47,22.97,0.63,0.23,1.23,0,0,1,0,0,0,0,0
2017-11-12,12.99,23.09,32.86,0.2021,0.3925,89.17,4.26,87.632,2888.44,21.12,0.55,0.2,1.04,1,0,0,0,0,0,0,0
2017-11-13,7.6,12.68,18.35,0.2021,0.3925,85.38,6.98,87.574,4226.36,21.72,0.55,0.18,0.88,0,0,0,0,0,1,0,0
2017-11-14,9.46,16.17,28.29,0.2021,0.3925,88.71,32.26,87.565,3049.48,20.91,0.42,0.0,1.62,0,1,0,0,0,0,0,0
2017-11-15,14.51,24.32,40.38,0.2021,0.3925,75.54,0.05,87.505,5064.27,23.26,0.65,0.0,3.18,0,0,0,0,0,0,1,0
2017-11-16,10.06,17.26,29.71,0.2021,0.3925,81.75,9.26,87.478,3873.78,22.2,0.61,0.29,1.12,0,0,0,0,1,0,0,0
2017-11-17,8.89,14.82,23.63,0.2021,0.3925,77.04,1.64,87.52,4096.07,22.06,0.6,0.2,1.13,1,0,0,0,0,0,0,0
2017-11-18,10.53,18.09,31.41,0.2021,0.3925,74.71,0.0,87.56299999999999,4927.37,22.61,0.57,0.2,1.28,0,0,0,1,0,0,0,0
2017-11-19,18.16,28.78,40.2,0.2021,0.3925,72.63,0.04,87.574,5279.71,23.58,0.71,0.23,1.28,0,0,0,0,1,0,0,0
2017-11-20,11.96,20.08,31.6,0.2021,0.3925,71.0,0.0,87.65100000000001,4566.07,23.17,0.73,0.35,1.39,0,0,1,0,0,0,0,0
2017-11-21,13.81,23.35,37.94,0.2021,0.3925,60.54,0.0,87.555,5359.13,24.24,0.66,0.24,1.06,1,0,0,0,0,0,0,0
2017-11-22,14.59,24.31,41.27,0.2021,0.3925,69.75,0.0,87.535,4130.73,23.58,0.56,0.21,1.48,0,0,0,1,0,0,0,0
2017-11-23,12.94,22.53,33.98,0.2021,0.3925,72.17,0.0,87.571,3628.69,22.93,0.78,0.37,1.22,1,0,0,0,0,0,0,0
2017-11-24,39.33,68.07,78.34,0.2021,0.3925,93.92,26.9,87.73700000000001,1205.04,19.13,0.57,0.27,1.42,1,0,0,0,0,0,0,0
2017-11-25,25.335,43.885,52.620000000000005,0.2021,0.3925,76.67,0.77,87.773,4122.03,22.63,0.7,0.22,1.16,0,0,1,0,0,0,0,0
2017-11-26,25.335,43.885,52.620000000000005,0.2021,0.3925,80.38,3.01,87.87200000000001,3721.45,21.57,0.62,0.26,1.03,0,0,0,1,0,0,0,0
2017-11-27,11.34,19.7,26.9,0.2021,0.3925,82.92,1.98,87.77799999999999,3635.92,22.12,0.64,0.32,1.22,0,0,0,0,0,0,1,0
2017-11-28,11.81,21.24,29.14,0.2021,0.3925,77.46,0.11,87.69,5622.47,23.11,0.77,0.35,1.25,0,0,1,0,0,0,0,0
2017-11-29,11.75,20.69,28.18,0.2021,0.3925,80.13,24.5,87.756,3927.77,22.05,0.68,0.31,0.99,1,0,0,0,0,0,0,0
2017-11-30,10.77,19.47,27.5,0.2021,0.3925,80.25,2.55,87.759,3589.94,21.77,0.81,0.35,1.41,1,0,0,0,0,0,0,0
2017-12-01,9.57,18.22,24.64,0.1908,0.3787,81.21,0.05,87.656,4460.95,22.0,0.61,0.25,1.19,0,0,0,0,0,0,1,0
2017-12-02,11.34,20.59,28.19,0.1908,0.3787,76.13,0.82,87.635,4100.75,22.57,0.53,0.26,1.16,0,0,0,1,0,0,0,0
2017-12-03,14.61,24.92,33.32,0.1908,0.3787,76.96,0.0,87.691,3999.69,22.66,0.7,0.28,1.21,0,0,0,1,0,0,0,0
2017-12-04,14.4,24.8,34.58,0.1908,0.3787,82.46,0.0,87.67299999999999,2855.72,22.3,0.61,0.32,1.15,0,0,0,1,0,0,0,0
2017-12-05,10.77,19.52,26.83,0.1908,0.3787,75.33,0.08,87.57799999999999,5203.02,23.23,0.68,0.24,1.44,0,0,0,0,0,0,1,0
2017-12-06,11.63,19.92,34.18,0.1908,0.3787,80.0,0.53,87.54899999999999,2411.81,22.33,0.54,0.29,1.13,0,0,0,1,0,0,0,0
2017-12-07,11.29,18.73,31.1,0.1908,0.3787,82.79,5.23,87.49799999999999,2946.75,22.4,0.53,0.19,1.0,0,0,0,1,0,0,0,0
2017-12-08,17.42,29.34,41.2,0.1908,0.3787,79.5,0.0,87.46,3535.43,23.24,0.51,0.23,0.95,0,0,0,0,0,0,0,1
2017-12-09,18.02,30.77,40.03,0.1908,0.3787,87.63,4.37,87.491,2687.9,21.45,0.6,0.25,1.12,0,0,0,0,0,0,1,0
2017-12-10,22.59,36.9,46.65,0.1908,0.3787,78.0,0.15,87.561,4194.82,22.95,0.57,0.32,0.89,0,1,0,0,0,0,0,0
2017-12-11,28.52,46.54,58.01,0.1908,0.3787,73.13,0.1,87.669,4254.06,22.64,0.68,0.27,1.23,0,0,0,0,1,0,0,0
2017-12-12,34.19,55.35,65.26,0.1908,0.3787,75.71,0.15,87.678,5118.76,22.73,0.78,0.21,1.51,0,0,0,0,1,0,0,0
2017-12-13,22.99,38.24,46.52,0.1908,0.3787,66.58,0.1,87.645,5425.89,23.54,0.92,0.4,1.86,0,0,0,0,1,0,0,0
2017-12-14,13.579999999999998,21.67,26.340000000000003,0.1908,0.3787,71.13,0.0,87.633,3940.04,23.69,0.59,0.27,1.1,0,0,0,0,0,0,1,0
2017-12-15,13.579999999999998,21.67,26.340000000000003,0.1908,0.3787,69.38,0.0,87.616,3312.54,24.1,0.84,0.31,1.38,0,0,0,0,1,0,0,0
2017-12-16,13.579999999999998,21.67,26.340000000000003,0.1908,0.3787,68.83,0.0,87.613,4209.28,23.85,0.75,0.27,1.75,0,0,0,0,1,0,0,0
2017-12-17,13.579999999999998,21.67,26.340000000000003,0.1908,0.3787,75.96,0.15,87.594,4018.11,23.3,0.69,0.24,1.35,0,0,0,0,1,0,0,0
2017-12-18,13.579999999999998,21.67,26.340000000000003,0.1908,0.3787,75.33,0.0,87.55799999999999,3302.82,23.05,0.66,0.35,1.17,0,0,0,0,1,0,0,0
2017-12-19,4.17,5.1,6.16,0.1908,0.3787,70.75,0.0,87.56299999999999,4857.77,24.04,1.01,0.17,2.07,0,0,0,0,1,0,0,0
2017-12-20,20.92,28.34,75.86,0.1908,0.3787,74.92,0.04,87.67,4974.24,23.82,0.94,0.29,1.97,0,0,0,0,1,0,0,0
2017-12-21,10.48,14.52,39.71,0.1908,0.3787,71.5,0.09,87.678,4655.03,23.23,0.9,0.33,1.83,0,0,0,0,1,0,0,0
2017-12-22,8.21,12.67,43.44,0.1908,0.3787,70.04,0.03,87.589,4909.77,23.71,0.9,0.17,1.83,0,0,0,0,1,0,0,0
2017-12-23,9.85,15.58,55.97,0.1908,0.3787,62.33,0.0,87.52600000000001,4543.12,24.41,0.97,0.23,1.76,0,0,0,0,1,0,0,0
2017-12-24,9.72,15.54,57.55,0.1908,0.3787,56.04,0.0,87.492,4719.5,24.7,1.38,0.41,2.15,0,0,0,0,0,1,0,0
2017-12-25,7.75,12.07,44.03,0.1908,0.3787,61.21,0.0,87.598,4441.08,24.27,1.03,0.3,2.06,0,0,0,0,1,0,0,0
2017-12-26,4.41,6.99,28.21,0.1908,0.3787,72.67,0.0,87.537,5055.94,23.94,1.01,0.32,2.02,0,0,0,0,1,0,0,0
2017-12-27,5.21,7.9,30.94,0.1908,0.3787,69.58,0.0,87.449,4832.5,23.97,1.17,0.23,2.77,0,0,0,0,1,0,0,0
2017-12-28,6.43,9.71,34.9,0.1908,0.3787,65.75,0.05,87.49600000000001,4392.59,24.49,1.04,0.22,2.42,0,0,0,0,0,1,0,0
2017-12-29,8.95,13.72,44.63,0.1908,0.3787,67.38,0.0,87.61399999999999,4151.41,24.15,1.23,0.26,2.71,0,0,0,0,0,1,0,0
2017-12-30,7.51,11.08,30.51,0.1908,0.3787,83.46,5.79,87.65299999999999,1843.19,21.77,0.52,0.24,1.0,0,0,0,1,0,0,0,0
2017-12-31,8.3,11.27,24.44,0.1908,0.3787,91.96,10.01,87.685,1119.67,19.9,0.58,0.28,1.14,0,0,1,0,0,0,0,0
2018-01-01,5.78,8.32,20.85,0.1686,0.3408,81.17,0.0,87.631,2829.12,21.65,0.77,0.2,2.35,0,0,0,0,0,1,0,0
2018-01-02,7.06,10.29,23.77,0.1686,0.3408,81.71,0.06,87.59,3262.32,21.82,0.6,0.29,1.28,0,0,0,0,0,0,1,0
2018-01-03,16.23,29.42,71.97,0.1686,0.3408,62.67,0.06,87.596,4191.76,23.04,1.48,0.24,2.72,0,0,0,0,0,1,0,0
2018-01-04,15.82,30.67,64.72,0.1686,0.3408,71.96,0.02,87.713,3715.14,22.24,0.99,0.27,2.72,0,0,0,0,0,1,0,0
2018-01-05,8.62,14.2,33.9,0.1686,0.3408,60.33,0.08,87.56299999999999,4203.79,23.28,1.1,0.22,2.03,0,0,0,0,0,1,0,0
2018-01-06,9.35,14.85,37.26,0.1686,0.3408,49.38,0.0,87.57799999999999,4063.62,22.86,1.35,0.74,2.4,0,0,0,0,0,1,0,0
2018-01-07,7.87,12.51,31.97,0.1686,0.3408,48.04,0.0,87.61,4169.88,22.85,1.55,0.67,2.75,0,0,0,0,0,1,0,0
2018-01-08,6.83,11.0,31.32,0.1686,0.3408,42.29,0.0,87.65299999999999,4798.52,23.7,1.69,0.74,2.97,0,0,0,0,0,1,0,0
2018-01-09,5.18,8.3,23.07,0.1686,0.3408,52.08,0.0,87.699,4710.61,23.53,1.62,0.32,3.17,0,0,0,0,0,1,0,0
2018-01-10,7.67,12.1,32.17,0.1686,0.3408,52.04,0.07,87.62100000000001,4064.56,24.46,1.18,0.3,2.15,0,0,0,0,0,1,0,0
2018-01-11,6.425,10.295,29.53,0.1686,0.3408,59.33,0.0,87.603,3672.02,24.48,1.29,0.32,2.81,0,0,0,0,1,0,0,0
2018-01-12,6.425,10.295,29.53,0.1686,0.3408,83.96,20.53,87.637,1804.81,20.85,0.7,0.0,3.1,0,0,0,1,0,0,0,0
2018-01-13,5.18,8.49,26.89,0.1686,0.3408,80.67,0.02,87.60600000000001,3120.51,22.38,0.67,0.38,1.16,0,0,0,0,0,0,1,0
2018-01-14,4.09,6.3,13.6,0.1686,0.3408,74.42,0.77,87.602,4307.81,22.78,0.61,0.31,1.34,0,0,0,0,0,0,1,0
2018-01-15,4.25,6.81,16.34,0.1686,0.3408,72.79,0.0,87.654,4218.56,23.74,1.09,0.23,2.96,0,0,0,0,0,1,0,0
2018-01-16,5.66,8.46,19.74,0.1686,0.3408,77.79,0.14,87.605,3986.33,23.33,0.63,0.17,1.33,0,0,0,0,1,0,0,0
2018-01-17,8.37,12.78,32.36,0.1686,0.3408,58.38,0.0,87.475,5122.16,24.03,0.75,0.21,1.25,0,0,1,0,0,0,0,0
2018-01-18,8.37,12.75,31.6,0.1686,0.3408,76.88,0.13,87.525,3739.29,23.37,0.65,0.28,1.15,0,0,0,0,0,0,1,0
2018-01-19,8.29,12.33,30.64,0.1686,0.3408,72.13,0.12,87.514,4324.3,24.27,0.72,0.26,1.29,0,0,0,0,0,1,0,0
2018-01-20,8.19,12.75,31.16,0.1686,0.3408,71.67,0.0,87.63799999999999,2433.21,22.74,0.61,0.24,1.11,0,0,0,0,0,0,1,0
2018-01-21,3.98,6.17,15.95,0.1686,0.3408,70.63,0.0,87.617,4919.34,23.03,0.88,0.31,1.69,0,0,0,0,0,0,0,1
2018-01-22,6.75,10.01,23.47,0.1686,0.3408,66.46,0.06,87.473,4437.5,24.16,0.77,0.32,1.36,0,0,0,0,1,0,0,0
2018-01-23,6.39,8.86,20.2,0.1686,0.3408,71.71,0.0,87.448,3471.57,23.03,0.81,0.31,1.67,0,0,0,0,1,0,0,0
2018-01-24,6.49,8.55,12.47,0.1686,0.3408,88.63,4.96,87.544,1640.06,19.65,0.54,0.24,1.05,0,0,0,0,0,0,0,1
2018-01-25,5.4,7.02,10.52,0.1686,0.3408,84.79,0.02,87.616,1552.61,19.29,0.51,0.19,0.99,0,0,0,0,0,0,0,1
2018-01-26,7.865,11.04,22.64,0.1686,0.3408,83.42,0.73,87.59899999999999,2012.86,20.85,0.56,0.24,0.74,0,0,0,0,0,0,1,0
2018-01-27,7.865,11.04,22.64,0.1686,0.3408,75.0,0.16,87.541,3883.04,23.01,0.67,0.38,1.17,0,0,0,0,0,1,0,0
2018-01-28,7.865,11.04,22.64,0.1686,0.3408,79.96,0.06,87.507,3750.27,22.57,0.66,0.29,1.69,0,0,0,0,0,0,1,0
2018-01-29,7.865,11.04,22.64,0.1686,0.3408,78.29,0.25,87.525,3357.97,23.14,0.63,0.35,1.15,0,0,0,0,0,0,1,0
2018-01-30,10.33,15.06,34.76,0.1686,0.3408,66.38,0.12,87.53399999999999,4469.12,24.16,0.68,0.27,1.19,1,0,0,0,0,0,0,0
2018-01-31,6.68,9.89,28.89,0.1686,0.3408,63.58,0.08,87.52799999999999,4984.53,24.22,1.08,0.39,2.52,0,0,0,0,0,0,1,0
2018-02-01,6.34,9.34,29.63,0.1852,0.3308,66.71,0.1,87.448,4380.57,24.02,0.72,0.29,1.55,0,0,0,0,0,0,0,1
2018-02-02,6.43,9.7,33.5,0.1852,0.3308,73.21,0.04,87.45,3705.59,23.97,0.75,0.37,1.38,0,0,0,0,0,0,1,0
2018-02-03,6.31,9.39,29.54,0.1852,0.3308,66.54,0.04,87.48100000000001,5132.9,24.87,0.81,0.42,1.49,0,0,0,0,0,0,1,0
2018-02-04,8.07,11.8,35.48,0.1852,0.3308,65.17,0.05,87.43700000000001,4977.85,24.85,1.14,0.39,2.8,0,0,0,0,1,0,0,0
2018-02-05,7.09,10.75,34.27,0.1852,0.3308,57.42,0.0,87.37299999999999,4577.99,25.79,0.84,0.44,1.77,0,0,0,0,0,0,0,1
2018-02-06,6.51,9.76,29.73,0.1852,0.3308,59.46,0.0,87.405,3343.79,25.05,0.99,0.32,2.21,0,0,0,0,1,0,0,0
2018-02-07,6.68,9.73,28.55,0.1852,0.3308,76.04,0.07,87.398,3683.76,24.06,0.89,0.31,1.8,0,1,0,0,0,0,0,0
2018-02-08,5.75,8.73,26.67,0.1852,0.3308,74.46,0.1,87.40100000000001,4288.39,24.65,0.75,0.27,1.38,0,0,0,0,0,0,1,0
2018-02-09,8.25,12.74,39.69,0.1852,0.3308,75.67,0.07,87.40799999999999,1576.59,22.29,0.55,0.33,0.91,0,0,0,0,0,0,1,0
2018-02-10,6.32,9.91,30.83,0.1852,0.3308,75.38,0.12,87.35,3824.68,24.21,0.66,0.31,1.23,0,0,0,0,0,0,1,0
2018-02-11,6.03,9.035,24.915,0.1852,0.3308,68.0,0.02,87.49799999999999,4553.84,24.51,0.8,0.34,1.82,0,0,0,0,1,0,0,0
2018-02-12,6.03,9.035,24.915,0.1852,0.3308,76.67,0.68,87.63799999999999,3509.53,23.5,0.69,0.36,1.51,0,0,0,0,0,0,1,0
2018-02-13,6.03,9.035,24.915,0.1852,0.3308,69.25,0.0,87.624,4829.82,24.7,0.81,0.32,1.54,0,0,0,0,1,0,0,0
2018-02-14,6.03,9.035,24.915,0.1852,0.3308,69.63,0.02,87.572,3715.19,24.88,0.75,0.3,1.43,0,0,0,0,0,0,0,1
2018-02-15,5.74,8.16,19.0,0.1852,0.3308,67.25,0.0,87.523,5386.66,25.3,0.9,0.34,1.9,0,0,0,0,1,0,0,0
2018-02-16,6.37,9.48,23.1,0.1852,0.3308,62.75,0.0,87.52,5139.5,25.52,0.91,0.34,1.96,0,0,0,0,1,0,0,0
2018-02-17,5.03,7.77,26.05,0.1852,0.3308,55.88,0.0,87.43700000000001,4915.15,26.28,1.17,0.26,2.47,0,0,0,0,1,0,0,0
2018-02-18,4.28,6.67,21.71,0.1852,0.3308,62.13,1.77,87.406,3545.44,25.27,1.19,0.45,2.57,0,0,0,0,1,0,0,0
2018-02-19,2.25,3.52,14.38,0.1852,0.3308,78.96,27.45,87.512,3050.26,22.12,1.77,0.0,16.74,0,0,0,0,0,0,1,0
2018-02-20,3.2,4.65,15.29,0.1852,0.3308,78.63,0.07,87.454,3438.21,22.7,0.89,0.38,1.55,1,0,0,0,0,0,0,0
2018-02-21,3.92,5.84,21.0,0.1852,0.3308,81.21,1.23,87.459,2705.65,21.37,0.56,0.29,0.99,0,0,0,1,0,0,0,0
2018-02-22,5.47,8.24,26.59,0.1852,0.3308,74.5,0.0,87.31299999999999,3785.42,23.6,0.67,0.25,1.35,0,0,0,0,0,0,1,0
2018-02-23,4.1,6.0,21.6,0.1852,0.3308,73.83,1.2,87.339,4499.87,24.04,0.81,0.4,1.49,0,0,0,0,0,0,0,1
2018-02-24,3.45,5.02,18.31,0.1852,0.3308,79.29,0.0,87.51700000000001,3559.51,22.66,0.73,0.32,1.41,0,0,0,0,0,0,1,0
2018-02-25,4.45,6.19,19.0,0.1852,0.3308,73.63,0.0,87.556,3983.18,23.7,0.69,0.35,1.2,0,0,0,0,0,0,1,0
2018-02-26,4.04,5.41,18.05,0.1852,0.3308,77.04,9.9,87.529,3783.19,22.42,0.63,0.0,1.69,0,0,1,0,0,0,0,0
2018-02-27,32.54,39.44,62.26,0.1852,0.3308,79.13,10.67,87.57799999999999,3805.53,22.08,0.71,0.28,1.22,0,0,0,1,0,0,0,0
2018-02-28,57.0,68.0,83.17,0.1852,0.3308,78.25,0.0,87.604,3128.3,22.62,0.77,0.32,1.46,1,0,0,0,0,0,0,0
2018-03-01,35.775,45.355000000000004,63.845,0.2158,0.3514,85.25,69.87,87.62799999999999,3223.45,20.63,0.44,0.0,1.63,0,1,0,0,0,0,0,0
2018-03-02,35.775,45.355000000000004,63.845,0.2158,0.3514,90.79,0.11,87.68,1751.82,19.3,1.09,0.0,11.99,1,0,0,0,0,0,0,0
2018-03-03,35.775,45.355000000000004,63.845,0.2158,0.3514,83.96,14.76,87.557,2776.52,20.83,0.79,0.4,1.91,0,1,0,0,0,0,0,0
2018-03-04,35.775,45.355000000000004,63.845,0.2158,0.3514,97.58,35.03,87.665,890.02,18.53,12.4,0.0,33.3,0,1,0,0,0,0,0,0
2018-03-05,35.775,45.355000000000004,63.845,0.2158,0.3514,84.29,0.04,87.63,2959.9,21.89,0.68,0.0,1.43,0,0,0,0,0,0,0,1
2018-03-06,35.775,45.355000000000004,63.845,0.2158,0.3514,91.04,3.36,87.779,1667.21,20.04,0.68,0.28,1.67,0,0,0,0,1,0,0,0
2018-03-07,35.775,45.355000000000004,63.845,0.2158,0.3514,77.08,0.15,87.758,5019.44,22.61,0.83,0.37,1.37,0,0,0,0,0,0,0,1
2018-03-08,35.775,45.355000000000004,63.845,0.2158,0.3514,76.04,1.33,87.632,5550.29,23.34,0.87,0.56,1.39,0,0,0,0,0,0,1,0
2018-03-09,14.55,22.71,44.52,0.2158,0.3514,76.38,0.0,87.52799999999999,3700.4,24.09,0.79,0.43,1.34,0,0,0,0,0,0,1,0
2018-03-10,29.57,52.12,66.58,0.2158,0.3514,78.29,0.86,87.57799999999999,3456.09,22.73,0.85,0.35,1.41,0,0,0,0,0,0,1,0
2018-03-11,48.19,90.31,114.12,0.2158,0.3514,76.83,0.0,87.66799999999999,4094.07,22.47,0.77,0.37,1.17,0,1,0,0,0,0,0,0
2018-03-12,36.84,69.5,86.84,0.2158,0.3514,82.75,2.36,87.77799999999999,1877.02,21.48,0.61,0.28,0.99,0,0,0,1,0,0,0,0
2018-03-13,62.47,112.36,138.57,0.2158,0.3514,84.42,0.0,87.76700000000001,2080.23,21.74,0.58,0.27,0.99,0,0,0,0,0,0,1,0
2018-03-14,60.1,111.98,135.27,0.2158,0.3514,86.42,5.47,87.57799999999999,2669.74,22.19,0.74,0.38,1.76,0,0,0,0,0,0,0,1
2018-03-15,18.93,23.94,43.42,0.2158,0.3514,96.21,24.82,87.726,804.91,19.15,0.69,0.2,1.38,0,0,1,0,0,0,0,0
2018-03-16,11.23,14.05,23.03,0.2158,0.3514,83.17,0.0,87.64200000000001,3314.87,22.3,0.73,0.4,1.15,0,0,0,0,0,0,0,1
2018-03-17,2.28,3.3,7.27,0.2158,0.3514,77.96,0.0,87.494,4493.03,23.77,0.77,0.31,1.41,0,0,0,0,0,0,0,1
2018-03-18,4.78,5.42,5.44,0.2158,0.3514,83.17,5.95,87.469,2278.77,21.17,0.7,0.24,1.35,0,0,0,1,0,0,0,0
2018-03-19,0.93,1.36,2.46,0.2158,0.3514,85.0,2.88,87.68,3428.57,20.95,0.93,0.23,1.86,0,0,1,0,0,0,0,0
2018-03-20,0.47,0.51,0.51,0.2158,0.3514,86.33,0.3,87.656,3262.86,21.25,0.77,0.0,2.7,0,1,0,0,0,0,0,0
2018-03-21,1.08,1.62,4.0,0.2158,0.3514,87.63,9.83,87.781,3215.46,21.21,0.51,0.0,1.06,0,0,0,0,0,0,0,1
2018-03-22,1.835,3.02,5.279999999999999,0.2158,0.3514,79.58,0.36,87.698,5318.26,23.06,0.81,0.42,1.3,0,0,0,0,0,0,0,1
2018-03-23,2.59,4.42,6.56,0.2158,0.3514,78.54,0.1,87.501,4925.53,24.05,0.82,0.48,1.25,0,0,0,0,0,0,0,1
2018-03-24,2.24,2.89,2.93,0.2158,0.3514,78.38,0.04,87.515,4017.79,23.77,0.85,0.51,1.22,0,0,0,0,0,0,1,0
2018-03-25,2.5,3.22,3.25,0.2158,0.3514,77.92,0.12,87.65,4748.45,22.93,0.8,0.33,1.34,0,0,0,0,0,0,1,0
2018-03-26,2.88,3.46,3.51,0.2158,0.3514,77.54,0.08,87.65299999999999,4461.32,23.66,0.83,0.4,1.22,0,0,0,0,0,0,0,1
2018-03-27,2.28,2.67,2.69,0.2158,0.3514,82.88,0.08,87.531,2849.16,22.81,0.72,0.39,1.33,0,0,0,1,0,0,0,0
2018-03-28,2.38,2.84,2.88,0.2158,0.3514,79.25,0.62,87.545,3300.59,22.27,5.68,0.43,34.99,0,0,0,1,0,0,0,0
2018-03-29,9.77,14.27,34.29,0.2158,0.3514,81.88,0.21,87.70700000000001,2449.3,21.77,0.74,0.38,1.26,0,0,0,1,0,0,0,0
2018-03-30,8.74,12.83,30.86,0.2158,0.3514,85.21,0.21,87.695,2502.43,22.1,0.71,0.41,1.25,0,0,0,1,0,0,0,0
2018-03-31,7.17,10.06,17.54,0.2158,0.3514,78.96,0.1,87.521,3409.52,22.94,0.77,0.39,1.28,0,0,0,0,0,0,0,1
2018-04-01,3.61,4.45,4.49,0.2428,0.3909,88.33,18.7,87.443,2250.86,21.56,1.8,0.0,27.0,0,0,0,1,0,0,0,0
2018-04-02,3.73,4.47,4.51,0.2428,0.3909,90.21,11.17,87.36399999999999,2572.58,21.55,0.67,0.37,1.08,0,0,0,1,0,0,0,0
2018-04-03,3.94,4.53,4.57,0.2428,0.3909,92.42,20.49,87.439,2929.92,20.7,2.67,0.41,22.56,0,0,0,0,0,0,1,0
2018-04-04,3.53,4.09,4.13,0.2428,0.3909,88.54,3.0,87.62,2566.76,20.48,0.69,0.33,1.39,0,0,0,1,0,0,0,0
2018-04-05,2.91,3.43,3.47,0.2428,0.3909,83.92,0.0,87.49600000000001,3512.24,21.37,0.76,0.44,1.17,0,0,0,0,0,0,1,0
2018-04-06,2.6,3.37,4.08,0.2428,0.3909,85.42,0.17,87.45700000000001,2065.05,21.09,0.68,0.41,0.96,0,0,0,1,0,0,0,0
2018-04-07,3.31,4.92,12.35,0.2428,0.3909,83.75,0.0,87.58,2646.75,21.21,0.73,0.42,1.07,0,0,0,1,0,0,0,0
2018-04-08,4.505,6.12,12.76,0.2428,0.3909,82.75,7.3,87.715,3586.29,21.07,0.74,0.31,1.07,0,0,0,0,0,1,0,0
2018-04-09,4.505,6.12,12.76,0.2428,0.3909,85.42,0.17,87.64200000000001,2700.17,21.18,0.71,0.36,1.15,0,0,0,1,0,0,0,0
2018-04-10,4.505,6.12,12.76,0.2428,0.3909,79.17,0.02,87.566,3059.13,22.48,0.67,0.29,1.07,0,0,0,0,0,0,0,1
2018-04-11,5.7,7.32,13.17,0.2428,0.3909,90.46,9.95,87.58200000000001,1727.71,20.49,0.59,0.24,1.03,0,0,0,1,0,0,0,0
2018-04-12,4.7,7.35,22.83,0.2428,0.3909,80.71,0.16,87.639,3930.66,22.13,0.81,0.42,1.23,0,0,0,1,0,0,0,0
2018-04-13,5.66,8.33,21.6,0.2428,0.3909,84.42,37.24,87.71,2893.87,21.95,0.82,0.44,1.28,0,0,0,1,0,0,0,0
2018-04-14,2.9,3.99,7.67,0.2428,0.3909,94.58,8.13,87.905,1620.33,18.51,1.04,0.0,13.12,0,0,1,0,0,0,0,0
2018-04-15,6.71,9.46,17.34,0.2428,0.3909,89.92,5.51,87.79299999999999,3141.82,20.77,0.85,0.35,1.94,0,0,0,1,0,0,0,0
2018-04-16,5.8,8.17,15.18,0.2428,0.3909,94.63,14.17,87.904,1446.86,19.32,0.98,0.31,5.65,0,0,0,0,0,0,1,0
2018-04-17,6.7,9.48,16.33,0.2428,0.3909,86.04,0.8,87.962,2907.17,21.16,0.8,0.48,1.21,0,0,0,0,0,0,1,0
2018-04-18,7.045,10.27,19.99,0.2428,0.3909,88.46,4.96,87.883,2493.19,21.67,0.69,0.4,1.16,0,0,0,0,0,0,1,0
2018-04-19,7.39,11.06,23.65,0.2428,0.3909,86.46,1.15,87.79299999999999,2590.13,21.85,0.66,0.34,1.15,0,0,0,0,0,0,1,0
2018-04-20,9.68,14.41,30.57,0.2428,0.3909,84.88,0.13,87.70700000000001,2818.05,22.74,0.73,0.32,1.24,0,0,0,1,0,0,0,0
2018-04-21,4.81,6.98,13.97,0.2428,0.3909,88.67,5.27,87.71,3781.26,21.23,1.03,0.0,11.48,0,0,0,0,0,0,0,1
2018-04-22,11.64,15.97,21.73,0.2428,0.3909,90.04,2.48,87.76899999999999,2275.87,20.46,1.04,0.33,1.61,0,0,0,0,0,0,1,0
2018-04-23,10.74,15.08,26.24,0.2428,0.3909,86.96,1.23,87.704,2917.4,22.12,0.86,0.44,1.6,0,0,0,0,0,0,1,0
2018-04-24,6.98,9.96,19.81,0.2428,0.3909,92.33,2.0,87.73200000000001,1630.92,20.93,0.79,0.31,2.33,0,0,0,0,0,0,1,0
2018-04-25,4.42,6.36,14.65,0.2428,0.3909,83.33,1.52,87.74,4291.82,22.19,0.75,0.34,1.16,0,0,0,0,0,0,0,1
2018-04-26,5.01,7.35,18.17,0.2428,0.3909,85.96,1.6,87.71700000000001,2849.58,21.18,0.72,0.42,1.24,0,0,0,0,0,0,0,1
2018-04-27,2.31,3.51,12.63,0.2428,0.3909,86.42,1.63,87.78299999999999,4099.34,21.14,0.76,0.0,1.98,0,0,0,0,0,0,0,1
2018-04-28,4.51,6.63,17.22,0.2428,0.3909,85.17,0.91,87.771,3740.79,22.31,0.76,0.32,1.25,0,0,0,0,0,0,1,0
2018-04-29,4.42,6.34,14.41,0.2428,0.3909,84.67,0.68,87.801,2893.9,21.67,0.83,0.43,1.44,0,0,0,1,0,0,0,0
2018-04-30,4.7,6.72,15.73,0.2428,0.3909,78.96,0.38,87.762,5125.62,22.86,0.9,0.47,1.37,0,0,0,0,0,0,1,0
2018-05-01,2.55,3.66,8.38,0.1977,0.39399999999999996,88.25,0.42,87.87700000000001,2578.19,21.05,0.89,0.0,6.7,0,1,0,0,0,0,0,0
2018-05-02,3.56,5.54,17.94,0.1977,0.39399999999999996,83.5,0.38,87.822,2906.37,21.85,0.75,0.33,1.53,0,0,0,1,0,0,0,0
2018-05-03,4.81,7.06,19.49,0.1977,0.39399999999999996,82.5,0.24,87.64,3846.21,23.13,0.73,0.36,1.16,0,0,0,0,0,0,1,0
2018-05-04,6.77,9.49,19.96,0.1977,0.39399999999999996,81.38,0.14,87.617,3835.08,23.5,0.76,0.45,1.27,0,0,0,0,0,0,1,0
2018-05-05,5.96,8.495000000000001,19.39,0.1977,0.39399999999999996,91.17,0.16,87.66799999999999,1450.53,21.59,0.69,0.4,1.31,0,0,0,0,0,0,0,1
2018-05-06,5.96,8.495000000000001,19.39,0.1977,0.39399999999999996,86.75,0.18,87.771,3040.48,22.07,0.72,0.31,1.48,0,0,0,0,0,0,0,1
2018-05-07,5.96,8.495000000000001,19.39,0.1977,0.39399999999999996,84.13,0.16,87.807,3396.68,22.46,0.75,0.4,1.33,0,0,0,0,0,0,0,1
2018-05-08,5.96,8.495000000000001,19.39,0.1977,0.39399999999999996,84.25,0.1,87.66799999999999,3159.08,22.48,0.73,0.37,1.41,0,0,0,0,0,0,1,0
2018-05-09,5.96,8.495000000000001,19.39,0.1977,0.39399999999999996,82.67,0.08,87.625,2605.26,22.89,0.74,0.32,1.54,0,0,0,1,0,0,0,0
2018-05-10,5.96,8.495000000000001,19.39,0.1977,0.39399999999999996,81.46,0.04,87.714,3593.77,23.32,0.76,0.4,1.24,0,0,0,0,0,0,0,1
2018-05-11,5.96,8.495000000000001,19.39,0.1977,0.39399999999999996,92.71,0.04,87.713,992.72,20.13,0.83,0.32,2.05,0,0,0,1,0,0,0,0
2018-05-12,5.96,8.495000000000001,19.39,0.1977,0.39399999999999996,86.71,0.02,87.676,3483.47,21.94,0.69,0.39,1.2,0,0,0,0,0,0,0,1
2018-05-13,5.96,8.495000000000001,19.39,0.1977,0.39399999999999996,84.58,0.02,87.613,3640.18,23.02,0.7,0.36,1.23,0,0,0,0,0,0,1,0
2018-05-14,5.96,8.495000000000001,19.39,0.1977,0.39399999999999996,75.96,0.02,87.585,4329.51,23.4,0.78,0.34,1.3,0,0,0,0,0,0,1,0
2018-05-15,5.96,8.495000000000001,19.39,0.1977,0.39399999999999996,80.79,0.0,87.697,2965.28,22.19,0.85,0.44,1.28,0,0,0,1,0,0,0,0
2018-05-16,5.96,8.495000000000001,19.39,0.1977,0.39399999999999996,80.21,0.0,87.777,2692.15,21.96,0.67,0.3,1.19,0,0,0,0,0,0,0,1
2018-05-17,5.96,8.495000000000001,19.39,0.1977,0.39399999999999996,78.42,0.0,87.70299999999999,4196.15,23.29,0.87,0.39,1.55,0,0,0,0,0,0,1,0
2018-05-18,5.96,8.495000000000001,19.39,0.1977,0.39399999999999996,85.5,0.14,87.619,2191.56,22.12,0.65,0.4,1.0,0,0,0,1,0,0,0,0
2018-05-19,5.96,8.495000000000001,19.39,0.1977,0.39399999999999996,87.38,0.07,87.697,2531.57,21.05,0.71,0.3,1.11,0,0,0,0,0,0,1,0
2018-05-20,5.96,8.495000000000001,19.39,0.1977,0.39399999999999996,85.96,0.02,87.609,2204.02,21.75,0.73,0.38,1.09,0,0,0,1,0,0,0,0
2018-05-21,5.15,7.5,18.82,0.1977,0.39399999999999996,84.33,0.0,87.72,2774.89,21.4,0.84,0.23,1.28,0,0,1,0,0,0,0,0
2018-05-22,4.58,6.37,12.22,0.1977,0.39399999999999996,87.58,0.0,87.884,1652.99,20.22,0.67,0.29,1.14,0,0,0,1,0,0,0,0
2018-05-23,8.71,12.16,21.98,0.1977,0.39399999999999996,80.67,0.0,87.87299999999999,3332.31,21.5,0.69,0.3,1.26,0,0,0,1,0,0,0,0
2018-05-24,8.45,12.08,23.91,0.1977,0.39399999999999996,79.17,0.0,87.779,4052.89,22.02,1.01,0.26,2.1,0,0,0,0,1,0,0,0
2018-05-25,10.8,15.26,28.15,0.1977,0.39399999999999996,89.75,0.1,87.712,1577.31,20.85,0.54,0.27,0.9,0,0,0,1,0,0,0,0
2018-05-26,10.55,14.86,24.11,0.1977,0.39399999999999996,86.25,0.0,87.749,2195.85,22.07,0.57,0.29,0.82,0,0,0,0,0,0,0,1
2018-05-27,10.76,15.0,23.65,0.1977,0.39399999999999996,86.13,0.0,87.84299999999999,2788.66,21.62,0.59,0.3,1.07,0,0,0,0,0,0,0,1
2018-05-28,5.66,8.22,15.58,0.1977,0.39399999999999996,79.63,0.0,87.846,4687.42,22.14,0.81,0.33,1.47,0,0,0,0,0,0,1,0
2018-05-29,6.46,9.64,20.75,0.1977,0.39399999999999996,73.0,0.07,87.81,4461.5,22.17,0.82,0.28,1.54,0,0,0,0,0,0,1,0
2018-05-30,6.24,9.43,20.16,0.1977,0.39399999999999996,70.04,0.0,87.837,3940.2,23.01,0.99,0.42,1.87,0,0,0,0,1,0,0,0
2018-05-31,5.26,8.03,21.56,0.1977,0.39399999999999996,84.96,0.09,87.86,1844.99,21.7,0.61,0.2,1.18,0,0,0,0,0,0,0,1
2018-06-01,6.33,9.4,21.26,0.2662,0.41200000000000003,79.67,0.02,87.85,3956.08,22.97,0.91,0.3,1.77,0,0,0,0,1,0,0,0
2018-06-02,10.37,14.36,28.3,0.2662,0.41200000000000003,84.83,0.0,87.852,2599.87,22.19,0.63,0.34,1.02,0,0,0,1,0,0,0,0
2018-06-03,13.91,19.02,33.4,0.2662,0.41200000000000003,83.58,0.0,87.76899999999999,2868.83,22.65,0.64,0.32,1.14,0,0,0,0,0,0,0,1
2018-06-04,7.73,10.4,17.32,0.2662,0.41200000000000003,92.46,0.0,87.76299999999999,873.28,20.28,0.62,0.3,1.44,0,0,0,0,0,0,1,0
2018-06-05,5.26,6.78,10.07,0.2662,0.41200000000000003,93.71,0.0,87.883,1233.57,18.74,0.59,0.21,1.41,0,0,1,0,0,0,0,0
2018-06-06,4.41,6.140000000000001,12.945,0.2662,0.41200000000000003,86.0,0.02,87.927,2072.75,20.42,0.52,0.24,0.68,0,0,0,1,0,0,0,0
2018-06-07,4.41,6.140000000000001,12.945,0.2662,0.41200000000000003,84.08,0.0,87.939,2089.16,21.69,0.56,0.24,1.21,0,0,0,0,1,0,0,0
2018-06-08,4.41,6.140000000000001,12.945,0.2662,0.41200000000000003,79.71,0.02,87.96799999999999,3045.74,21.91,0.89,0.32,2.05,0,0,0,0,1,0,0,0
2018-06-09,4.41,6.140000000000001,12.945,0.2662,0.41200000000000003,76.88,0.0,87.92299999999999,3109.6,22.13,0.94,0.37,2.0,0,0,0,0,1,0,0,0
2018-06-10,4.41,6.140000000000001,12.945,0.2662,0.41200000000000003,73.13,0.0,87.925,3948.96,22.81,0.8,0.26,1.55,0,0,0,0,0,0,1,0
2018-06-11,4.41,6.140000000000001,12.945,0.2662,0.41200000000000003,75.71,0.0,87.969,3909.36,23.09,0.77,0.26,1.6,0,0,0,0,0,0,1,0
2018-06-12,4.41,6.140000000000001,12.945,0.2662,0.41200000000000003,70.96,0.02,88.00200000000001,3167.84,22.18,0.65,0.27,1.28,0,0,0,0,1,0,0,0
2018-06-13,3.56,5.5,15.82,0.2662,0.41200000000000003,81.96,0.0,87.963,3277.2,21.04,0.62,0.27,1.2,0,0,0,1,0,0,0,0
2018-06-14,4.93,7.45,18.64,0.2662,0.41200000000000003,84.0,0.0,87.93,3422.2,21.51,0.76,0.28,1.89,0,0,0,1,0,0,0,0
2018-06-15,5.81,8.9,23.53,0.2662,0.41200000000000003,78.5,0.0,87.882,3218.6,22.64,0.65,0.36,1.19,0,0,0,1,0,0,0,0
2018-06-16,7.41,10.82,25.28,0.2662,0.41200000000000003,77.13,0.0,87.874,3931.31,23.01,0.71,0.33,1.39,0,0,0,0,0,0,1,0
2018-06-17,7.66,11.1,25.03,0.2662,0.41200000000000003,73.29,0.0,87.781,3214.84,22.77,0.78,0.4,1.51,0,0,0,0,1,0,0,0
2018-06-18,10.28,14.96,33.01,0.2662,0.41200000000000003,77.0,0.02,87.71,2915.39,22.69,0.69,0.43,1.18,0,0,0,0,0,0,1,0
2018-06-19,4.44,6.48,13.76,0.2662,0.41200000000000003,83.67,0.02,87.865,3374.57,21.21,0.66,0.29,1.32,0,0,0,0,0,0,0,1
2018-06-20,5.54,7.99,18.05,0.2662,0.41200000000000003,86.21,0.02,87.99799999999999,1956.14,20.38,0.57,0.27,1.04,0,0,0,0,0,0,1,0
2018-06-21,9.99,14.09,24.52,0.2662,0.41200000000000003,85.38,0.0,88.014,2725.06,20.96,0.54,0.28,0.97,0,0,0,1,0,0,0,0
2018-06-22,4.58,6.83,13.89,0.2662,0.41200000000000003,85.17,0.0,87.973,2289.35,20.11,0.6,0.28,1.01,0,0,0,0,0,0,0,1
2018-06-23,7.55,11.38,24.45,0.2662,0.41200000000000003,81.46,0.0,87.87899999999999,2450.9,21.28,0.64,0.36,1.02,0,0,0,0,0,0,0,1
2018-06-24,8.7,12.6,24.53,0.2662,0.41200000000000003,79.33,0.0,87.79700000000001,3092.42,21.67,0.63,0.36,0.94,0,1,0,0,0,0,0,0
2018-06-25,8.07,12.35,33.1,0.2662,0.41200000000000003,81.83,0.0,87.74700000000001,3820.87,21.75,0.66,0.37,1.09,0,0,0,0,0,0,1,0
2018-06-26,41.28,58.6,162.42,0.2662,0.41200000000000003,89.13,0.06,87.781,1674.84,19.69,0.52,0.28,0.96,0,0,0,0,0,0,1,0
2018-06-27,27.975,38.27,97.125,0.2662,0.41200000000000003,80.63,0.0,87.785,2922.46,21.24,0.72,0.32,1.46,0,0,0,0,0,0,0,1
2018-06-28,27.975,38.27,97.125,0.2662,0.41200000000000003,79.21,0.0,87.727,2939.07,21.76,0.7,0.3,1.6,0,0,0,0,1,0,0,0
2018-06-29,14.67,17.94,31.83,0.2662,0.41200000000000003,81.04,0.0,87.63799999999999,2275.58,21.79,0.58,0.27,0.9,0,0,0,1,0,0,0,0
2018-06-30,19.63,23.84,35.0,0.2662,0.41200000000000003,83.88,0.04,87.62100000000001,3046.81,21.28,0.66,0.33,1.33,0,0,0,0,0,0,1,0
2018-07-01,13.739999999999998,16.965,27.14,0.1963,0.3861,85.38,0.0,87.675,2306.33,21.13,0.65,0.32,1.31,0,0,0,0,0,0,0,1
2018-07-02,13.739999999999998,16.965,27.14,0.1963,0.3861,88.92,0.13,87.708,1931.16,20.21,0.53,0.28,0.94,0,0,0,0,0,0,0,1
2018-07-03,13.739999999999998,16.965,27.14,0.1963,0.3861,82.46,0.02,87.73200000000001,3433.85,21.55,0.77,0.0,3.48,0,0,0,0,0,0,1,0
2018-07-04,13.739999999999998,16.965,27.14,0.1963,0.3861,80.83,2.6,87.795,2723.78,21.61,0.66,0.25,1.32,0,0,0,0,1,0,0,0
2018-07-05,7.85,10.09,19.28,0.1963,0.3861,80.08,0.06,87.936,4013.9,21.07,0.81,0.41,1.37,0,0,0,0,1,0,0,0
2018-07-06,8.0,10.55,18.53,0.1963,0.3861,71.04,0.0,87.98899999999999,5342.13,21.25,1.24,0.24,2.31,0,0,0,0,0,1,0,0
2018-07-07,8.52,11.32,20.47,0.1963,0.3861,74.88,0.02,87.929,5425.17,20.95,0.9,0.21,1.76,0,0,0,0,1,0,0,0
2018-07-08,20.14,26.19,40.71,0.1963,0.3861,74.04,1.38,87.93,3181.08,21.14,0.89,0.21,1.86,0,0,0,0,0,1,0,0
2018-07-09,10.29,13.79,24.57,0.1963,0.3861,79.75,0.04,87.949,3670.65,20.89,0.77,0.26,1.7,0,0,0,0,0,1,0,0
2018-07-10,17.32,22.9,36.73,0.1963,0.3861,73.79,0.0,87.965,4355.11,22.15,0.77,0.25,1.56,0,0,0,0,1,0,0,0
2018-07-11,12.6,16.8,27.41,0.1963,0.3861,83.17,2.82,87.98200000000001,1989.1,20.69,0.54,0.13,1.0,0,0,0,0,0,1,0,0
2018-07-12,15.07,19.69,30.01,0.1963,0.3861,79.67,1.72,87.949,4235.45,21.39,0.67,0.2,1.45,0,0,0,0,1,0,0,0
2018-07-13,17.12,22.53,36.39,0.1963,0.3861,77.0,0.0,87.87899999999999,3261.56,21.58,0.59,0.23,1.5,0,0,0,0,1,0,0,0
2018-07-14,31.9,41.46,60.68,0.1963,0.3861,81.42,0.0,87.852,2109.57,20.78,0.59,0.16,1.28,0,0,0,0,1,0,0,0
2018-07-15,35.88,46.69,62.37,0.1963,0.3861,79.04,0.39,87.852,3132.71,21.06,0.59,0.15,1.44,0,0,0,0,1,0,0,0
2018-07-16,15.16,19.86,31.36,0.1963,0.3861,76.67,0.0,87.958,4202.57,20.59,0.81,0.18,1.8,0,0,0,0,1,0,0,0
2018-07-17,9.08,12.39,22.94,0.1963,0.3861,70.29,0.09,87.97,5138.95,21.59,0.71,0.19,1.6,0,0,0,0,1,0,0,0
2018-07-18,6.68,9.51,23.37,0.1963,0.3861,63.96,0.0,87.884,5136.87,22.47,1.0,0.2,1.85,0,0,0,0,0,1,0,0
2018-07-19,8.66,11.76,23.96,0.1963,0.3861,67.38,0.0,87.848,5403.22,22.52,0.95,0.17,1.96,0,0,0,0,1,0,0,0
2018-07-20,9.07,12.1,20.98,0.1963,0.3861,71.33,3.36,87.85799999999999,5595.04,21.74,0.66,0.14,1.38,0,0,0,0,1,0,0,0
2018-07-21,18.56,24.09,36.21,0.1963,0.3861,74.04,0.0,87.87899999999999,4982.1,22.46,0.69,0.13,1.6,0,0,0,0,1,0,0,0
2018-07-22,12.93,17.39,26.42,0.1963,0.3861,73.42,0.0,87.889,5137.42,22.86,0.84,0.22,1.61,0,0,0,0,1,0,0,0
2018-07-23,10.43,15.38,26.29,0.1963,0.3861,68.58,0.0,87.87100000000001,4778.38,22.72,1.1,0.45,1.78,0,0,0,0,1,0,0,0
2018-07-24,10.78,15.86,27.64,0.1963,0.3861,63.83,0.0,87.883,5077.03,22.48,1.15,0.36,1.94,0,0,0,0,1,0,0,0
2018-07-25,10.02,14.25,26.02,0.1963,0.3861,71.21,0.12,87.822,3627.42,21.83,0.81,0.22,1.58,0,0,0,0,1,0,0,0
2018-07-26,6.91,10.0,18.35,0.1963,0.3861,76.79,1.86,87.883,3956.88,21.95,0.57,0.15,1.39,0,0,0,0,1,0,0,0
2018-07-27,9.469999999999999,12.594999999999999,21.75,0.1963,0.3861,73.08,0.0,87.963,4803.86,23.04,0.73,0.18,1.39,0,0,0,0,1,0,0,0
2018-07-28,9.469999999999999,12.594999999999999,21.75,0.1963,0.3861,75.5,0.0,87.92,5142.08,22.55,0.68,0.17,1.39,0,0,0,0,1,0,0,0
2018-07-29,9.469999999999999,12.594999999999999,21.75,0.1963,0.3861,73.67,0.0,87.874,4435.69,22.62,0.71,0.21,1.31,0,0,1,0,0,0,0,0
2018-07-30,9.469999999999999,12.594999999999999,21.75,0.1963,0.3861,86.92,4.32,87.833,2469.56,20.7,0.55,0.27,1.06,0,0,0,0,0,1,0,0
2018-07-31,9.469999999999999,12.594999999999999,21.75,0.1963,0.3861,82.54,1.02,87.735,4113.78,22.51,0.64,0.31,0.93,0,0,0,0,1,0,0,0
2018-08-01,9.469999999999999,12.594999999999999,21.75,0.1867,0.3687,88.88,29.44,87.836,2254.35,19.79,0.6,0.24,1.21,0,0,0,0,0,1,0,0
2018-08-02,12.03,15.19,25.15,0.1867,0.3687,77.79,0.0,87.825,4707.24,22.66,0.62,0.2,1.32,0,0,0,0,0,1,0,0
2018-08-03,15.19,19.4,28.24,0.1867,0.3687,79.42,7.48,87.867,4047.0,22.09,0.53,0.2,0.88,0,0,0,0,0,1,0,0
2018-08-04,18.16,23.79,36.14,0.1867,0.3687,83.71,9.08,87.87799999999999,3172.83,21.2,0.61,0.18,0.99,0,0,0,0,1,0,0,0
2018-08-05,16.06,20.89,29.62,0.1867,0.3687,80.17,0.04,87.863,4352.14,21.98,0.68,0.21,1.35,0,0,0,0,1,0,0,0
2018-08-06,17.25,22.78,31.27,0.1867,0.3687,86.79,10.17,87.92200000000001,3203.03,20.82,0.88,0.48,1.44,1,0,0,0,0,0,0,0
2018-08-07,15.59,20.45,27.86,0.1867,0.3687,77.13,0.0,87.887,5522.5,21.83,0.81,0.25,1.65,0,0,0,0,1,0,0,0
2018-08-08,24.39,32.25,48.09,0.1867,0.3687,77.17,0.02,87.87299999999999,4105.83,22.4,0.62,0.19,1.12,0,0,0,0,0,1,0,0
2018-08-09,27.11,35.29,50.35,0.1867,0.3687,77.67,0.0,87.896,4563.35,22.76,0.85,0.19,1.61,1,0,0,0,0,0,0,0
2018-08-10,23.04,30.14,44.05,0.1867,0.3687,76.29,1.11,87.91799999999999,3178.9,21.48,0.73,0.32,1.29,0,0,0,0,0,1,0,0
2018-08-11,19.37,24.83,33.15,0.1867,0.3687,0.0,0.05,87.825,5090.88,22.44,0.81,0.2,1.46,0,0,0,0,1,0,0,0
2018-08-12,15.92,20.61,31.06,0.1867,0.3687,0.0,0.0,87.91,3422.41,21.67,0.86,0.3,2.02,0,0,0,0,1,0,0,0
2018-08-13,23.52,30.91,48.08,0.1867,0.3687,0.0,0.17,87.92299999999999,2814.98,21.5,0.67,0.18,1.51,0,0,0,0,1,0,0,0
2018-08-14,28.87,37.67,53.68,0.1867,0.3687,0.0,0.0,87.90700000000001,4235.11,21.61,0.7,0.18,1.49,0,0,0,0,1,0,0,0
2018-08-15,22.26,29.45,46.66,0.1867,0.3687,0.0,0.0,87.85799999999999,5494.5,22.09,0.85,0.27,1.79,0,0,0,0,1,0,0,0
2018-08-16,51.63,67.79,99.82,0.1867,0.3687,0.0,0.0,87.88799999999999,3475.58,21.74,0.8,0.25,1.65,0,0,0,0,0,1,0,0
2018-08-17,34.6,45.19500000000001,69.685,0.1867,0.3687,0.0,0.0,87.791,4747.58,22.25,0.82,0.13,1.64,0,0,0,0,1,0,0,0
2018-08-18,34.6,45.19500000000001,69.685,0.1867,0.3687,0.0,0.0,87.728,2930.29,22.46,0.77,0.22,1.34,0,0,0,0,0,1,0,0
2018-08-19,34.6,45.19500000000001,69.685,0.1867,0.3687,0.0,0.0,87.771,3510.21,22.06,0.73,0.19,1.54,1,0,0,0,0,0,0,0
2018-08-20,17.57,22.6,39.55,0.1867,0.3687,60.54,0.0,87.76899999999999,3361.4,22.48,0.73,0.17,1.42,0,0,0,0,1,0,0,0
2018-08-21,16.59,20.71,30.62,0.1867,0.3687,87.13,1.69,87.927,1913.73,20.61,0.84,0.36,1.48,1,0,0,0,0,0,0,0
2018-08-22,11.81,14.5,19.39,0.1867,0.3687,80.0,0.0,87.84299999999999,4854.44,22.14,0.84,0.15,1.47,1,0,0,0,0,0,0,0
2018-08-23,17.43,21.62,29.7,0.1867,0.3687,86.54,0.06,87.79,2322.68,21.06,0.72,0.32,1.16,0,0,1,0,0,0,0,0
2018-08-24,14.24,17.56,24.76,0.1867,0.3687,86.17,0.18,87.883,2319.92,20.32,0.58,0.25,0.85,1,0,0,0,0,0,0,0
2018-08-25,16.68,20.5,25.27,0.1867,0.3687,89.04,1.88,87.926,2402.79,20.07,0.57,0.24,1.14,0,0,0,0,0,1,0,0
2018-08-26,18.3,22.44,27.53,0.1867,0.3687,85.5,19.73,87.8,4743.49,21.25,2.94,0.0,33.68,1,0,0,0,0,0,0,0
2018-08-27,11.485,14.285,19.14,0.1867,0.3687,90.08,2.01,87.845,2041.77,19.64,0.72,0.24,1.29,0,0,0,0,1,0,0,0
2018-08-28,11.485,14.285,19.14,0.1867,0.3687,81.42,0.08,87.773,3206.63,21.47,0.68,0.23,1.07,1,0,0,0,0,0,0,0
2018-08-29,11.485,14.285,19.14,0.1867,0.3687,85.38,2.62,87.833,3339.61,20.63,0.91,0.28,1.88,1,0,0,0,0,0,0,0
2018-08-30,4.67,6.13,10.75,0.1867,0.3687,82.46,1.07,87.667,4767.17,21.56,0.98,0.36,1.56,0,0,0,0,1,0,0,0
2018-08-31,15.34,19.51,31.39,0.1867,0.3687,84.58,0.0,87.65,2112.07,21.57,0.68,0.21,1.27,0,0,0,0,0,1,0,0
2018-09-01,17.7,21.8,31.33,0.2209,0.38299999999999995,83.33,0.41,87.676,3712.3,22.37,0.81,0.21,1.58,0,0,0,0,0,1,0,0
2018-09-02,11.53,14.73,22.96,0.2209,0.38299999999999995,75.88,0.19,87.586,4596.35,23.27,0.78,0.2,1.57,0,0,0,0,0,1,0,0
2018-09-03,14.3,17.48,23.62,0.2209,0.38299999999999995,85.92,0.84,87.618,2592.8,21.39,0.67,0.28,1.05,1,0,0,0,0,0,0,0
2018-09-04,12.29,15.18,20.56,0.2209,0.38299999999999995,86.79,15.88,87.729,2976.85,20.67,1.67,0.0,10.06,0,0,0,0,0,1,0,0
2018-09-05,13.65,16.78,21.49,0.2209,0.38299999999999995,87.79,2.02,87.77,2430.75,20.73,0.5,0.21,1.04,0,0,0,0,1,0,0,0
2018-09-06,24.7,30.96,41.17,0.2209,0.38299999999999995,81.0,0.2,87.686,4651.11,22.35,0.78,0.33,1.42,0,0,0,0,1,0,0,0
2018-09-07,21.23,27.43,37.64,0.2209,0.38299999999999995,78.5,0.04,87.59899999999999,4881.92,22.8,0.76,0.21,1.33,0,0,0,0,1,0,0,0
2018-09-08,24.93,31.79,42.15,0.2209,0.38299999999999995,87.04,36.32,87.66799999999999,2917.98,20.97,2.22,0.0,33.74,0,0,0,0,0,1,0,0
2018-09-09,13.24,16.44,23.59,0.2209,0.38299999999999995,80.92,0.05,87.704,4264.75,22.33,0.73,0.2,1.34,0,0,0,0,0,1,0,0
2018-09-10,22.03,27.52,38.22,0.2209,0.38299999999999995,81.21,2.35,87.691,3383.16,21.41,0.67,0.26,1.51,0,0,0,0,0,1,0,0
2018-09-11,15.5,19.17,26.85,0.2209,0.38299999999999995,78.92,0.12,87.69,3237.23,22.46,0.75,0.23,1.64,1,0,0,0,0,0,0,0
2018-09-12,14.26,17.83,26.52,0.2209,0.38299999999999995,84.67,2.66,87.756,2773.4,19.98,0.72,0.3,1.65,1,0,0,0,0,0,0,0
2018-09-13,17.87,22.61,33.17,0.2209,0.38299999999999995,75.42,0.0,87.719,5523.33,22.92,0.83,0.3,1.59,1,0,0,0,0,0,0,0
2018-09-14,16.25,20.56,33.27,0.2209,0.38299999999999995,78.79,0.66,87.719,3346.18,22.4,0.62,0.28,1.1,0,0,0,0,0,1,0,0
2018-09-15,18.03,22.86,38.08,0.2209,0.38299999999999995,72.29,0.0,87.652,5818.4,23.87,0.92,0.34,1.59,1,0,0,0,0,0,0,0
2018-09-16,15.94,20.35,33.31,0.2209,0.38299999999999995,78.13,0.4,87.60799999999999,3443.82,22.67,0.9,0.27,1.95,1,0,0,0,0,0,0,0
2018-09-17,11.46,14.83,24.16,0.2209,0.38299999999999995,77.67,0.0,87.565,4228.94,23.0,0.69,0.23,1.27,1,0,0,0,0,0,0,0
2018-09-18,22.68,28.67,41.18,0.2209,0.38299999999999995,74.13,0.08,87.585,4936.63,23.62,0.8,0.23,1.34,0,0,0,0,0,1,0,0
2018-09-19,8.85,11.31,18.11,0.2209,0.38299999999999995,81.5,1.62,87.68,3629.83,21.17,0.97,0.37,1.53,1,0,0,0,0,0,0,0
2018-09-20,7.99,10.26,16.87,0.2209,0.38299999999999995,77.42,0.0,87.65,4914.53,22.85,0.75,0.29,1.44,1,0,0,0,0,0,0,0
2018-09-21,14.81,19.2,32.36,0.2209,0.38299999999999995,75.79,0.04,87.60799999999999,4877.03,22.66,0.83,0.18,1.75,0,0,0,0,1,0,0,0
2018-09-22,17.1,21.99,34.52,0.2209,0.38299999999999995,74.54,0.06,87.59299999999999,4458.44,23.58,0.89,0.23,1.78,0,0,0,0,0,1,0,0
2018-09-23,14.08,17.82,25.8,0.2209,0.38299999999999995,84.17,3.63,87.646,2211.26,21.42,0.56,0.26,1.11,0,0,0,0,0,1,0,0
2018-09-24,13.26,16.97,24.32,0.2209,0.38299999999999995,76.42,0.26,87.595,4756.02,23.27,0.73,0.25,1.43,0,0,0,0,0,1,0,0
2018-09-25,15.27,19.265,28.14,0.2209,0.38299999999999995,66.92,0.0,87.67,5025.34,24.41,0.77,0.35,1.34,0,0,0,0,0,1,0,0
2018-09-26,15.27,19.265,28.14,0.2209,0.38299999999999995,70.21,0.0,87.654,4871.38,23.83,0.73,0.2,1.36,0,0,0,0,0,1,0,0
2018-09-27,15.27,19.265,28.14,0.2209,0.38299999999999995,73.25,0.0,87.555,3254.76,23.83,0.5,0.17,1.25,0,0,0,0,0,1,0,0
2018-09-28,15.27,19.265,28.14,0.2209,0.38299999999999995,80.88,9.07,87.52600000000001,3338.88,22.66,0.62,0.22,1.12,0,0,0,0,0,1,0,0
2018-09-29,15.27,19.265,28.14,0.2209,0.38299999999999995,77.25,1.04,87.661,5126.76,22.22,0.73,0.35,1.21,0,0,1,0,0,0,0,0
2018-09-30,15.27,19.265,28.14,0.2209,0.38299999999999995,74.38,0.0,87.64200000000001,4326.32,22.85,0.76,0.17,1.49,0,0,0,0,1,0,0,0
2018-10-01,15.27,19.265,28.14,0.2137,0.3747,72.25,0.0,87.587,4552.24,23.22,0.71,0.37,1.25,0,0,0,0,0,1,0,0
2018-10-02,15.27,19.265,28.14,0.2137,0.3747,68.25,0.0,87.626,4412.13,23.76,0.75,0.14,1.34,0,0,0,0,0,1,0,0
2018-10-03,15.27,19.265,28.14,0.2137,0.3747,80.88,6.29,87.66799999999999,2006.32,21.35,0.55,0.32,0.82,0,0,1,0,0,0,0,0
2018-10-04,17.28,21.56,31.96,0.2137,0.3747,78.33,0.09,87.711,2681.78,22.66,0.59,0.25,1.13,1,0,0,0,0,0,0,0
2018-10-05,11.57,14.99,23.3,0.2137,0.3747,79.71,11.72,87.676,3632.1,22.96,0.78,0.2,2.22,0,0,1,0,0,0,0,0
2018-10-06,8.8,11.52,17.97,0.2137,0.3747,75.5,0.93,87.663,5285.77,23.82,0.8,0.36,1.2,0,0,0,0,1,0,0,0
2018-10-07,16.51,21.38,34.53,0.2137,0.3747,77.46,0.0,87.65799999999999,3711.49,22.09,0.92,0.46,1.76,1,0,0,0,0,0,0,0
2018-10-08,8.77,11.04,16.2,0.2137,0.3747,82.75,0.02,87.618,3197.94,22.2,0.66,0.31,1.14,0,0,1,0,0,0,0,0
2018-10-09,13.13,16.01,21.09,0.2137,0.3747,83.83,0.1,87.531,4069.43,22.75,0.66,0.23,1.62,0,0,0,0,1,0,0,0
2018-10-10,15.86,19.52,26.97,0.2137,0.3747,91.42,4.33,87.654,2775.5,20.77,0.71,0.25,1.4,1,0,0,0,0,0,0,0
2018-10-11,15.61,19.45,27.21,0.2137,0.3747,85.33,1.15,87.67200000000001,3241.78,21.29,0.68,0.26,1.15,1,0,0,0,0,0,0,0
2018-10-12,22.03,27.64,39.45,0.2137,0.3747,86.71,0.48,87.682,1810.97,20.31,0.6,0.21,1.32,1,0,0,0,0,0,0,0
2018-10-13,28.48,34.86,48.48,0.2137,0.3747,80.58,0.07,87.63,4507.94,22.82,0.75,0.2,1.36,1,0,0,0,0,0,0,0
2018-10-14,10.57,12.84,19.42,0.2137,0.3747,88.54,48.23,87.789,2300.38,20.16,1.01,0.0,9.2,0,0,0,0,0,1,0,0
2018-10-15,13.55,16.29,22.93,0.2137,0.3747,83.54,0.0,87.78200000000001,3640.5,21.76,0.7,0.21,1.28,0,0,0,0,0,1,0,0
2018-10-16,13.36,16.3,24.33,0.2137,0.3747,82.63,19.77,87.74700000000001,3581.35,21.86,1.0,0.23,10.48,0,0,0,0,0,1,0,0
2018-10-17,12.25,15.25,23.5,0.2137,0.3747,83.04,1.81,87.589,3494.6,22.37,0.73,0.32,1.26,0,0,0,0,0,1,0,0
2018-10-18,11.59,14.53,24.2,0.2137,0.3747,82.88,0.0,87.572,3230.95,21.36,0.67,0.24,1.63,0,0,0,0,0,1,0,0
2018-10-19,8.49,10.56,16.29,0.2137,0.3747,89.67,0.09,87.72399999999999,2220.65,19.91,0.81,0.45,1.04,1,0,0,0,0,0,0,0
2018-10-20,11.73,14.53,21.82,0.2137,0.3747,82.5,0.45,87.70299999999999,4534.44,22.23,0.69,0.22,1.21,0,0,0,0,1,0,0,0
2018-10-21,64.86,79.05,102.75,0.2137,0.3747,78.46,4.13,87.63,5659.36,23.42,0.83,0.29,1.46,0,0,0,0,1,0,0,0
2018-10-22,35.71,44.019999999999996,59.965,0.2137,0.3747,70.38,0.0,87.624,5803.29,23.77,0.94,0.21,1.88,0,0,0,0,1,0,0,0
2018-10-23,35.71,44.019999999999996,59.965,0.2137,0.3747,74.13,17.27,87.74600000000001,5562.18,23.18,0.95,0.0,1.92,0,0,0,0,0,1,0,0
2018-10-24,35.71,44.019999999999996,59.965,0.2137,0.3747,78.0,2.33,87.678,4384.98,23.16,2.71,0.0,32.62,0,0,0,0,1,0,0,0
2018-10-25,35.71,44.019999999999996,59.965,0.2137,0.3747,91.13,34.35,87.715,2094.59,20.51,1.85,0.0,22.1,0,0,0,0,0,1,0,0
2018-10-26,35.71,44.019999999999996,59.965,0.2137,0.3747,84.67,13.84,87.77799999999999,4273.73,21.93,0.89,0.35,1.61,0,0,0,0,1,0,0,0
2018-10-27,35.71,44.019999999999996,59.965,0.2137,0.3747,83.38,6.74,87.81,3612.22,22.41,1.02,0.67,1.61,0,0,0,0,0,1,0,0
2018-10-28,6.56,8.99,17.18,0.2137,0.3747,76.58,2.3,87.75200000000001,4967.7,22.98,0.7,0.37,1.15,0,0,0,0,0,1,0,0
2018-10-29,9.51,12.46,20.75,0.2137,0.3747,78.83,0.25,87.62799999999999,4459.35,23.06,0.97,0.36,2.29,0,0,0,0,0,1,0,0
2018-10-30,10.27,12.77,19.54,0.2137,0.3747,86.25,44.93,87.57600000000001,3082.72,21.96,0.78,0.3,1.85,0,0,0,0,0,1,0,0
2018-10-31,7.47,9.26,13.91,0.2137,0.3747,84.21,4.13,87.57,2576.05,21.58,0.69,0.28,1.8,0,0,0,0,0,0,1,0
2018-11-01,8.49,10.67,16.95,0.2613,0.4242,82.79,1.35,87.604,2828.78,21.46,0.88,0.3,2.07,0,0,0,0,1,0,0,0
2018-11-02,7.99,9.93,15.6,0.2613,0.4242,78.38,7.8,87.573,5318.15,23.19,0.7,0.24,1.17,0,0,0,0,1,0,0,0
2018-11-03,9.88,12.13,17.58,0.2613,0.4242,84.54,7.14,87.596,2907.88,22.08,0.62,0.26,1.22,0,0,0,0,0,1,0,0
2018-11-04,14.62,17.53,23.72,0.2613,0.4242,90.42,5.0,87.633,2375.95,21.0,0.63,0.31,1.17,0,0,1,0,0,0,0,0
2018-11-05,15.28,18.63,26.57,0.2613,0.4242,80.29,0.07,87.561,3968.53,22.74,0.74,0.19,1.57,0,0,0,0,1,0,0,0
2018-11-06,31.19,38.3,49.26,0.2613,0.4242,80.33,0.0,87.54700000000001,3843.58,22.7,0.62,0.28,1.12,0,0,0,0,0,1,0,0
2018-11-07,22.13,27.42,39.08,0.2613,0.4242,74.58,0.0,87.617,3935.9,23.98,0.81,0.28,1.89,0,0,0,0,0,1,0,0
2018-11-08,10.92,13.92,22.77,0.2613,0.4242,79.42,19.32,87.671,4653.88,22.74,0.76,0.29,1.55,1,0,0,0,0,0,0,0
2018-11-09,8.15,10.32,17.32,0.2613,0.4242,80.83,11.39,87.681,4057.21,21.9,1.03,0.36,2.44,0,0,0,0,0,1,0,0
2018-11-10,13.63,17.32,29.11,0.2613,0.4242,86.38,0.0,87.71799999999999,2318.92,21.12,0.84,0.36,1.21,1,0,0,0,0,0,0,0
2018-11-11,10.18,12.44,17.11,0.2613,0.4242,90.0,35.71,87.76700000000001,3025.11,20.65,2.04,0.0,28.34,0,0,0,0,0,1,0,0
2018-11-12,6.47,8.01,11.5,0.2613,0.4242,81.21,4.12,87.59700000000001,5403.87,23.07,0.92,0.28,1.49,0,0,0,0,1,0,0,0
2018-11-13,11.48,14.56,24.52,0.2613,0.4242,79.29,20.02,87.523,4295.44,22.64,0.87,0.0,2.07,0,0,0,0,0,1,0,0
2018-11-14,10.305,13.55,24.810000000000002,0.2613,0.4242,76.5,0.0,87.397,5205.46,23.78,1.12,0.3,2.89,0,0,0,0,0,1,0,0
2018-11-15,10.305,13.55,24.810000000000002,0.2613,0.4242,80.83,3.49,87.54,3022.36,22.52,1.17,0.33,3.14,0,0,0,0,0,1,0,0
2018-11-16,10.305,13.55,24.810000000000002,0.2613,0.4242,81.38,0.32,87.70700000000001,3215.17,22.54,0.93,0.44,2.06,0,0,0,0,0,1,0,0
2018-11-17,10.305,13.55,24.810000000000002,0.2613,0.4242,82.17,6.35,87.705,3282.16,22.8,1.15,0.4,2.48,0,0,0,0,0,1,0,0
2018-11-18,10.305,13.55,24.810000000000002,0.2613,0.4242,81.17,26.32,87.743,4053.65,22.42,0.88,0.5,1.58,0,0,0,0,1,0,0,0
2018-11-19,10.305,13.55,24.810000000000002,0.2613,0.4242,79.5,0.82,87.63,4089.4,23.32,0.73,0.32,1.19,0,0,0,0,0,1,0,0
2018-11-20,10.305,13.55,24.810000000000002,0.2613,0.4242,80.0,12.11,87.64,4630.45,23.45,0.7,0.29,1.29,0,0,0,0,1,0,0,0
2018-11-21,10.305,13.55,24.810000000000002,0.2613,0.4242,76.21,0.05,87.634,4508.37,23.77,0.67,0.31,1.31,0,0,0,0,1,0,0,0
2018-11-22,10.305,13.55,24.810000000000002,0.2613,0.4242,79.83,0.02,87.641,4369.34,23.47,1.13,0.46,2.64,0,0,0,0,1,0,0,0
2018-11-23,10.305,13.55,24.810000000000002,0.2613,0.4242,83.67,0.09,87.64299999999999,2820.5,22.5,0.73,0.37,1.18,0,0,0,0,1,0,0,0
2018-11-24,10.305,13.55,24.810000000000002,0.2613,0.4242,80.29,0.07,87.695,3845.44,23.11,0.87,0.44,1.7,0,0,0,0,1,0,0,0
2018-11-25,10.305,13.55,24.810000000000002,0.2613,0.4242,83.79,0.14,87.64200000000001,4334.46,23.41,0.9,0.37,1.75,0,0,0,0,1,0,0,0
2018-11-26,10.305,13.55,24.810000000000002,0.2613,0.4242,77.83,0.06,87.55799999999999,4034.99,23.69,0.98,0.31,2.02,0,0,0,0,1,0,0,0
2018-11-27,10.305,13.55,24.810000000000002,0.2613,0.4242,73.5,0.04,87.551,4916.73,24.45,1.02,0.22,1.98,0,0,0,0,1,0,0,0
2018-11-28,10.305,13.55,24.810000000000002,0.2613,0.4242,73.38,0.0,87.544,4716.37,24.39,0.98,0.27,2.07,0,0,0,0,1,0,0,0
2018-11-29,10.305,13.55,24.810000000000002,0.2613,0.4242,70.54,0.0,87.478,5049.9,24.65,0.95,0.26,2.08,0,0,0,0,0,1,0,0
2018-11-30,10.305,13.55,24.810000000000002,0.2613,0.4242,60.67,0.0,87.435,5149.88,24.98,2.05,0.51,3.44,0,0,0,0,0,1,0,0
2018-12-01,9.13,12.54,25.1,0.2083,0.3787,65.04,0.0,87.456,4382.59,24.27,2.38,0.5,3.96,0,0,0,0,0,1,0,0
2018-12-02,13.39,17.61,30.15,0.2083,0.3787,74.67,0.59,87.46,3712.15,23.8,1.65,0.28,3.86,0,0,0,0,0,1,0,0
2018-12-03,5.99,7.42,10.88,0.2083,0.3787,82.92,10.41,87.444,3224.91,21.57,0.86,0.32,1.35,1,0,0,0,0,0,0,0
2018-12-04,6.89,8.46,11.52,0.2083,0.3787,87.33,4.75,87.602,2449.84,21.3,0.57,0.2,0.89,0,0,0,0,0,1,0,0
2018-12-05,6.1,7.34,9.72,0.2083,0.3787,85.54,0.02,87.661,3367.12,22.21,0.68,0.35,1.41,0,0,0,0,1,0,0,0
2018-12-06,6.68,8.19,11.11,0.2083,0.3787,88.54,24.39,87.605,2505.44,21.68,1.11,0.0,6.65,0,0,0,0,1,0,0,0
2018-12-07,19.38,23.82,32.21,0.2083,0.3787,77.42,0.12,87.432,4025.98,24.34,0.98,0.4,1.92,0,0,0,0,0,1,0,0
2018-12-08,12.53,16.24,27.65,0.2083,0.3787,76.25,15.38,87.62299999999999,3762.12,23.56,1.34,0.48,4.21,0,0,0,0,0,1,0,0
2018-12-09,8.35,10.1,12.5,0.2083,0.3787,91.79,0.95,87.881,2209.51,19.78,0.88,0.38,1.55,0,0,0,0,0,1,0,0
2018-12-10,10.79,13.17,16.95,0.2083,0.3787,85.79,5.21,87.932,2585.12,21.1,0.75,0.37,1.27,0,0,0,0,0,1,0,0
2018-12-11,6.71,7.79,8.72,0.2083,0.3787,98.29,17.84,88.014,757.54,17.91,1.01,0.73,1.55,0,0,0,0,0,1,0,0
2018-12-12,13.7,16.52,21.94,0.2083,0.3787,83.33,0.04,87.92299999999999,3272.1,22.01,0.86,0.52,1.12,0,0,0,0,0,1,0,0
2018-12-13,13.81,17.17,25.16,0.2083,0.3787,86.88,0.0,87.954,1994.96,21.42,0.65,0.4,0.97,0,0,0,0,1,0,0,0
2018-12-14,30.04,37.18,49.19,0.2083,0.3787,83.46,0.0,87.89,3769.41,22.44,0.86,0.4,1.38,0,0,0,0,1,0,0,0
2018-12-15,5.71,7.14,10.77,0.2083,0.3787,85.54,38.67,87.87299999999999,3753.42,22.02,0.89,0.4,1.94,0,0,0,0,1,0,0,0
2018-12-16,11.13,13.91,20.3,0.2083,0.3787,81.71,0.54,87.838,4138.06,21.32,1.9,0.0,23.31,0,0,0,0,1,0,0,0
2018-12-17,25.64,31.61,43.61,0.2083,0.3787,75.92,0.07,87.76299999999999,4934.68,23.9,1.78,0.51,4.25,0,0,0,0,0,1,0,0
2018-12-18,29.65,37.08,49.47,0.2083,0.3787,85.46,0.33,87.71700000000001,1833.93,22.34,0.89,0.53,1.35,0,0,0,0,1,0,0,0
2018-12-19,32.64,40.38,51.86,0.2083,0.3787,82.71,0.29,87.71700000000001,2154.82,22.74,1.3,0.38,3.41,0,0,0,0,0,1,0,0
2018-12-20,30.4,36.63,42.34,0.2083,0.3787,86.92,0.97,87.68700000000001,1546.35,21.25,0.74,0.27,1.22,0,0,0,0,1,0,0,0
2018-12-21,21.72,26.445,33.875,0.2083,0.3787,83.83,3.42,87.618,3013.8,22.34,1.47,0.29,3.74,0,0,0,0,0,1,0,0
2018-12-22,21.72,26.445,33.875,0.2083,0.3787,80.92,0.11,87.501,4209.52,23.32,1.44,0.61,2.47,0,0,0,0,0,1,0,0
2018-12-23,21.72,26.445,33.875,0.2083,0.3787,88.0,0.54,87.579,1204.27,20.92,0.76,0.41,1.35,0,0,0,0,0,1,0,0
2018-12-24,21.72,26.445,33.875,0.2083,0.3787,83.38,0.81,87.60600000000001,3880.76,22.61,1.59,0.58,3.97,0,0,0,0,1,0,0,0
2018-12-25,21.72,26.445,33.875,0.2083,0.3787,82.21,0.19,87.60799999999999,3730.86,22.74,1.02,0.52,1.81,0,0,0,0,1,0,0,0
2018-12-26,21.72,26.445,33.875,0.2083,0.3787,80.88,0.15,87.63,4824.01,24.02,1.69,0.87,2.9,0,0,0,0,0,1,0,0
2018-12-27,21.72,26.445,33.875,0.2083,0.3787,76.83,0.11,87.59899999999999,4630.73,23.92,1.25,0.6,1.78,0,0,0,0,0,1,0,0
2018-12-28,21.72,26.445,33.875,0.2083,0.3787,76.63,0.18,87.625,3862.07,23.9,1.88,0.38,3.8,0,0,0,0,0,1,0,0
2018-12-29,21.72,26.445,33.875,0.2083,0.3787,83.67,5.43,87.675,2808.7,21.24,1.15,0.41,3.6,0,0,0,0,0,1,0,0
2018-12-30,21.72,26.445,33.875,0.2083,0.3787,75.67,0.0,87.68799999999999,4810.0,23.57,2.03,0.45,4.09,0,0,0,0,0,1,0,0
2018-12-31,13.04,16.26,25.41,0.2083,0.3787,78.29,0.0,87.71600000000001,4296.84,23.44,1.77,0.43,3.8,0,0,0,0,0,1,0,0
2019-01-01,9.13,11.66,18.86,0.2159,0.3717,79.17,20.11,87.805,4515.33,22.74,1.79,0.0,4.77,0,0,0,0,0,1,0,0
2019-01-02,19.8,24.87,36.78,0.2159,0.3717,84.79,18.68,87.781,4294.26,22.27,0.92,0.39,1.48,0,0,0,0,1,0,0,0
2019-01-03,28.68,35.72,51.67,0.2159,0.3717,76.5,8.34,87.68700000000001,3302.22,23.4,1.13,0.25,3.73,0,0,0,0,1,0,0,0
2019-01-04,19.99,24.72,33.59,0.2159,0.3717,81.83,18.47,87.689,4347.27,22.61,1.21,0.0,3.84,0,0,0,0,0,1,0,0
2019-01-05,18.21,22.49,29.97,0.2159,0.3717,73.0,0.1,87.666,5034.16,24.27,4.72,0.0,36.91,0,0,0,0,0,1,0,0
2019-01-06,23.2,28.96,40.67,0.2159,0.3717,66.75,0.0,87.57600000000001,4612.63,24.76,2.11,0.55,4.24,0,0,0,0,0,1,0,0
2019-01-07,16.29,20.61,33.02,0.2159,0.3717,65.58,0.0,87.536,4747.04,25.12,2.51,0.48,5.48,0,0,0,0,0,1,0,0
2019-01-08,16.63,20.91,31.56,0.2159,0.3717,78.42,0.7,87.59200000000001,2510.11,22.67,1.61,0.41,3.78,0,0,0,0,0,1,0,0
2019-01-09,16.38,20.16,28.07,0.2159,0.3717,76.71,0.0,87.581,4150.46,24.24,2.09,0.53,4.63,0,0,0,0,0,1,0,0
2019-01-10,21.98,27.0,38.67,0.2159,0.3717,66.0,0.0,87.587,4031.51,25.47,2.93,0.57,5.23,0,0,0,0,0,1,0,0
2019-01-11,22.74,28.61,46.97,0.2159,0.3717,68.21,0.0,87.523,4022.66,25.21,3.02,0.46,5.88,0,0,0,0,0,1,0,0
2019-01-12,11.21,14.66,25.7,0.2159,0.3717,62.42,0.0,87.505,4914.39,24.88,3.26,0.63,5.81,0,0,0,0,0,1,0,0
2019-01-13,16.64,20.82,31.55,0.2159,0.3717,68.42,0.04,87.54899999999999,5103.02,24.29,2.7,0.38,6.03,0,0,0,0,0,1,0,0
2019-01-14,19.08,24.09,38.61,0.2159,0.3717,71.38,0.0,87.62899999999999,3265.53,24.29,2.05,0.38,4.3,0,0,0,0,0,1,0,0
2019-01-15,8.09,9.97,14.69,0.2159,0.3717,77.5,0.31,87.745,3666.6,22.74,1.41,0.58,3.88,0,0,0,0,0,1,0,0
2019-01-16,6.18,7.6,10.77,0.2159,0.3717,83.83,7.68,87.82799999999999,3840.94,21.77,1.7,0.56,3.34,0,0,0,0,0,1,0,0
2019-01-17,6.72,8.629999999999999,13.56,0.2159,0.3717,83.17,0.04,87.66,3625.78,23.02,1.34,0.49,3.07,0,0,0,0,0,1,0,0
2019-01-18,7.26,9.66,16.35,0.2159,0.3717,78.33,0.02,87.686,4100.23,23.3,1.44,0.44,3.36,0,0,0,0,0,1,0,0
2019-01-19,8.44,10.67,14.24,0.2159,0.3717,84.54,5.57,87.713,2554.3,21.64,1.13,0.49,3.42,0,0,0,0,1,0,0,0
2019-01-20,20.98,25.83,31.27,0.2159,0.3717,92.38,12.03,87.775,1598.53,20.43,0.75,0.42,1.22,0,0,0,0,1,0,0,0
2019-01-21,9.41,12.31,15.49,0.2159,0.3717,86.13,2.39,87.818,2720.17,21.63,1.37,0.52,3.51,0,0,0,0,0,1,0,0
2019-01-22,12.78,16.08,21.66,0.2159,0.3717,85.13,2.99,87.641,3449.64,22.61,1.34,0.47,3.46,0,0,0,0,1,0,0,0
2019-01-23,16.09,20.14,26.46,0.2159,0.3717,87.92,3.47,87.645,2029.57,22.58,0.62,0.35,0.89,0,0,0,0,1,0,0,0
2019-01-24,16.62,20.44,25.91,0.2159,0.3717,81.96,0.35,87.662,3375.54,23.73,1.41,0.46,3.36,0,0,0,0,0,1,0,0
2019-01-25,11.98,14.82,19.08,0.2159,0.3717,79.33,0.08,87.70100000000001,4867.56,24.29,1.93,0.53,4.06,0,0,0,0,0,1,0,0
2019-01-26,13.56,16.94,24.05,0.2159,0.3717,77.58,0.08,87.719,4731.17,23.98,1.88,0.67,3.73,0,0,0,0,0,1,0,0
2019-01-27,21.77,27.2,37.16,0.2159,0.3717,80.75,0.18,87.624,3232.96,24.02,1.45,0.43,3.26,0,0,0,0,1,0,0,0
2019-01-28,29.56,36.67,49.57,0.2159,0.3717,78.79,0.17,87.536,4213.23,24.58,1.79,0.37,3.9,0,0,0,0,0,1,0,0
2019-01-29,18.67,23.82,34.65,0.2159,0.3717,74.54,0.05,87.585,4343.34,24.87,1.9,0.58,3.89,0,0,0,0,0,1,0,0
2019-01-30,16.25,21.11,32.15,0.2159,0.3717,69.5,0.0,87.63600000000001,4672.8,24.59,2.5,0.38,4.82,0,0,0,0,0,1,0,0
2019-01-31,20.46,26.27,39.48,0.2159,0.3717,72.63,0.04,87.624,4418.63,24.26,2.0,0.47,3.96,0,0,0,0,0,1,0,0
2019-02-01,21.86,28.23,41.98,0.2035,0.3688,75.17,0.13,87.63600000000001,4434.64,24.48,1.96,0.5,3.8,0,0,0,0,0,1,0,0
2019-02-02,22.98,30.14,46.38,0.2035,0.3688,66.63,0.04,87.575,4994.07,25.17,2.43,0.5,4.47,0,0,0,0,0,1,0,0
2019-02-03,16.34,21.525,34.405,0.2035,0.3688,71.33,0.14,87.51,4908.9,25.17,2.2,0.43,4.3,0,0,0,0,0,1,0,0
2019-02-04,16.34,21.525,34.405,0.2035,0.3688,73.67,0.12,87.479,4973.98,25.05,2.33,0.46,4.77,0,0,0,0,0,1,0,0
2019-02-05,16.34,21.525,34.405,0.2035,0.3688,76.79,0.02,87.53,3180.6,24.6,2.4,0.73,4.73,0,0,0,0,0,1,0,0
2019-02-06,9.7,12.91,22.43,0.2035,0.3688,76.5,0.08,87.58,4045.63,24.86,1.86,0.45,3.74,0,0,0,0,0,1,0,0
2019-02-07,13.86,18.09,29.04,0.2035,0.3688,79.0,0.08,87.63799999999999,3293.9,23.73,1.81,0.35,3.62,0,0,0,0,0,1,0,0
2019-02-08,7.93,10.96,20.79,0.2035,0.3688,76.88,0.04,87.541,4213.65,25.38,1.91,0.57,3.9,0,0,0,0,1,0,0,0
2019-02-09,9.92,12.94,21.23,0.2035,0.3688,77.54,0.0,87.431,3217.31,25.78,1.71,0.5,3.71,0,0,0,0,0,1,0,0
2019-02-10,17.77,23.19,35.33,0.2035,0.3688,68.42,0.0,87.476,4479.56,26.08,2.53,0.3,4.67,0,0,0,0,0,1,0,0
2019-02-11,18.87,26.03,46.3,0.2035,0.3688,71.29,0.0,87.585,2563.3,24.34,2.78,0.51,4.43,0,0,0,0,0,1,0,0
2019-02-12,13.18,17.24,26.95,0.2035,0.3688,79.13,0.12,87.509,3649.75,24.78,1.84,0.4,3.78,0,0,0,0,0,1,0,0
2019-02-13,19.21,25.18,41.73,0.2035,0.3688,68.17,0.12,87.63799999999999,4923.16,25.63,2.16,0.51,4.08,0,0,0,0,0,1,0,0
2019-02-14,11.89,15.8,26.84,0.2035,0.3688,59.63,0.0,87.736,4917.36,26.38,3.1,1.24,4.62,0,0,0,0,0,1,0,0
2019-02-15,17.52,24.14,36.93,0.2035,0.3688,67.08,1.99,87.792,3213.31,23.87,1.56,0.33,3.64,0,0,0,0,0,1,0,0
2019-02-16,15.24,19.9,27.79,0.2035,0.3688,65.96,0.0,87.795,5753.17,24.74,0.67,0.22,1.33,0,0,1,0,0,0,0,0
2019-02-17,9.79,12.76,18.67,0.2035,0.3688,74.71,1.47,87.735,3694.69,23.36,0.64,0.2,1.34,1,0,0,0,0,0,0,0
2019-02-18,13.77,18.9,29.15,0.2035,0.3688,66.17,0.46,87.63600000000001,4015.29,23.52,0.69,0.22,1.51,1,0,0,0,0,0,0,0
2019-02-19,16.28,22.57,32.74,0.2035,0.3688,62.92,0.0,87.571,5233.37,24.56,0.74,0.34,1.55,1,0,0,0,0,0,0,0
2019-02-20,8.16,10.97,16.0,0.2035,0.3688,68.13,0.0,87.635,5195.8,24.78,0.7,0.27,1.25,0,0,0,0,1,0,0,0
2019-02-21,3.73,4.85,6.92,0.2035,0.3688,78.71,24.87,87.721,5436.57,22.74,0.76,0.4,1.27,0,0,0,0,0,1,0,0
2019-02-22,12.385,15.975000000000001,26.09,0.2035,0.3688,75.13,12.46,87.723,5381.76,22.06,0.87,0.39,1.45,1,0,0,0,0,0,0,0
2019-02-23,12.385,15.975000000000001,26.09,0.2035,0.3688,78.79,36.88,87.74,5726.34,21.86,0.95,0.25,1.68,1,0,0,0,0,0,0,0
2019-02-24,12.385,15.975000000000001,26.09,0.2035,0.3688,83.38,3.77,87.804,5469.73,20.87,0.72,0.21,1.42,0,0,1,0,0,0,0,0
2019-02-25,12.385,15.975000000000001,26.09,0.2035,0.3688,78.21,0.48,87.72,6784.75,22.54,0.64,0.25,1.23,0,0,0,0,1,0,0,0
2019-02-26,12.385,15.975000000000001,26.09,0.2035,0.3688,72.0,0.0,87.54299999999999,6680.13,24.26,0.62,0.24,1.09,0,0,0,1,0,0,0,0
2019-02-27,12.385,15.975000000000001,26.09,0.2035,0.3688,73.5,0.0,87.56,7245.04,24.96,0.69,0.21,1.26,0,0,0,0,1,0,0,0
2019-02-28,21.04,27.1,45.26,0.2035,0.3688,69.21,0.04,87.588,5715.91,24.54,0.62,0.19,1.29,0,0,1,0,0,0,0,0
2019-03-01,14.56,18.79,29.45,0.1843,0.3287,66.92,0.0,87.67399999999999,5216.36,24.53,0.61,0.23,1.13,1,0,0,0,0,0,0,0
2019-03-02,16.74,23.23,28.27,0.1843,0.3287,77.67,0.53,87.83,3936.49,22.37,0.67,0.21,1.51,1,0,0,0,0,0,0,0
2019-03-03,14.96,21.51,27.22,0.1843,0.3287,73.79,0.0,87.764,4738.79,23.47,0.62,0.23,1.04,0,0,0,0,1,0,0,0
2019-03-04,8.04,11.42,14.64,0.1843,0.3287,87.21,21.32,87.756,4289.48,21.3,0.65,0.22,1.11,1,0,0,0,0,0,0,0
2019-03-05,6.96,9.31,11.36,0.1843,0.3287,78.54,0.14,87.738,5645.62,22.71,0.6,0.22,1.09,0,0,0,0,1,0,0,0
2019-03-06,6.2,8.18,12.9,0.1843,0.3287,73.71,3.98,87.823,5167.8,22.74,0.65,0.23,1.31,0,0,0,0,1,0,0,0
2019-03-07,10.32,12.82,17.77,0.1843,0.3287,77.58,0.37,87.76,5462.28,22.36,0.67,0.3,1.03,0,0,0,0,1,0,0,0
2019-03-08,17.34,22.27,29.86,0.1843,0.3287,63.13,0.0,87.696,4904.02,23.79,0.54,0.2,1.15,0,1,0,0,0,0,0,0
2019-03-09,18.21,23.62,32.12,0.1843,0.3287,69.46,0.0,87.711,5713.91,24.54,0.63,0.24,1.16,0,0,0,0,1,0,0,0
2019-03-10,8.14,10.24,13.93,0.1843,0.3287,74.13,0.0,87.73100000000001,6543.21,24.57,0.62,0.17,1.1,0,0,0,0,1,0,0,0
2019-03-11,8.79,11.44,18.52,0.1843,0.3287,73.42,0.0,87.71600000000001,4943.49,23.99,0.56,0.24,1.19,0,0,0,1,0,0,0,0
2019-03-12,10.77,13.97,22.76,0.1843,0.3287,74.13,0.07,87.652,6240.72,24.68,0.61,0.17,1.26,0,0,0,0,1,0,0,0
2019-03-13,6.32,8.19,13.98,0.1843,0.3287,70.13,0.0,87.71799999999999,6769.53,24.08,0.74,0.27,1.23,0,0,0,0,0,0,1,0
2019-03-14,6.95,8.96,13.96,0.1843,0.3287,73.21,0.0,87.684,6436.77,24.1,0.7,0.28,1.12,0,0,1,0,0,0,0,0
2019-03-15,7.34,9.59,15.4,0.1843,0.3287,71.0,0.0,87.58,6666.1,24.55,0.69,0.26,1.17,0,0,0,0,1,0,0,0
2019-03-16,16.71,21.38,34.64,0.1843,0.3287,70.67,0.0,87.57600000000001,6281.64,25.12,0.72,0.26,1.28,0,0,0,0,1,0,0,0
2019-03-17,11.72,15.16,23.67,0.1843,0.3287,67.04,0.0,87.64299999999999,5438.84,24.98,0.76,0.19,1.48,0,0,1,0,0,0,0,0
2019-03-18,6.12,8.29,14.45,0.1843,0.3287,70.96,0.0,87.663,6039.42,24.54,0.63,0.2,1.38,0,0,1,0,0,0,0,0
2019-03-19,11.61,14.85,22.15,0.1843,0.3287,71.96,0.02,87.51100000000001,5640.94,25.33,0.6,0.13,1.21,0,0,0,0,1,0,0,0
2019-03-20,9.27,12.3,20.64,0.1843,0.3287,69.54,0.06,87.455,6435.22,25.72,0.74,0.17,1.4,0,0,0,0,1,0,0,0
2019-03-21,10.61,13.63,21.85,0.1843,0.3287,70.08,0.0,87.535,5094.93,24.99,0.69,0.19,1.3,0,0,0,0,1,0,0,0
2019-03-22,5.91,7.96,14.97,0.1843,0.3287,71.46,0.0,87.506,6486.31,25.15,0.69,0.25,1.41,0,0,0,0,1,0,0,0
2019-03-23,15.09,19.44,32.28,0.1843,0.3287,69.54,0.0,87.42299999999999,6095.4,25.29,0.62,0.22,1.15,0,0,0,0,1,0,0,0
2019-03-24,15.98,20.33,30.17,0.1843,0.3287,75.54,0.08,87.42,5536.74,24.86,0.68,0.24,1.32,0,0,0,0,1,0,0,0
2019-03-25,11.22,15.21,27.38,0.1843,0.3287,73.04,0.43,87.56700000000001,4879.42,24.54,0.75,0.28,1.24,1,0,0,0,0,0,0,0
2019-03-26,7.41,9.95,18.82,0.1843,0.3287,70.5,0.0,87.77799999999999,4554.91,23.77,0.76,0.22,1.3,1,0,0,0,0,0,0,0
2019-03-27,11.14,14.04,21.79,0.1843,0.3287,85.46,11.56,87.90799999999999,2328.19,21.49,0.6,0.19,1.19,0,0,1,0,0,0,0,0
2019-03-28,5.62,6.78,9.31,0.1843,0.3287,81.42,0.34,87.932,4773.22,22.14,0.75,0.39,1.48,0,0,1,0,0,0,0,0
2019-03-29,7.08,8.91,13.96,0.1843,0.3287,76.5,0.0,87.715,5844.6,24.02,0.6,0.27,1.01,0,0,1,0,0,0,0,0
2019-03-30,8.55,10.71,16.22,0.1843,0.3287,78.13,0.0,87.709,4383.03,23.55,0.66,0.2,1.26,0,0,0,0,1,0,0,0
2019-03-31,4.8,6.18,10.68,0.1843,0.3287,75.5,0.0,87.62700000000001,4935.39,24.23,0.66,0.24,1.3,0,0,0,0,1,0,0,0
2019-04-01,4.68,6.045,10.565,0.2186,0.3674,74.79,0.0,87.65799999999999,5582.26,24.24,0.78,0.28,1.25,0,0,0,0,1,0,0,0
2019-04-02,4.68,6.045,10.565,0.2186,0.3674,80.54,4.88,87.71,4538.82,22.06,0.71,0.22,1.57,0,1,0,0,0,0,0,0
2019-04-03,4.56,5.91,10.45,0.2186,0.3674,74.54,0.05,87.625,5160.32,24.28,0.59,0.26,1.13,0,0,0,0,1,0,0,0
2019-04-04,4.93,6.59,11.6,0.2186,0.3674,77.92,0.29,87.6,4139.2,24.1,0.61,0.2,1.18,0,0,0,0,1,0,0,0
2019-04-05,6.69,8.65,13.0,0.2186,0.3674,78.21,0.0,87.59100000000001,5766.86,24.72,0.68,0.19,1.37,0,0,0,0,1,0,0,0
