Latitude,Longitude,Date,MODIS_Tile,MOD13A3_006_Line_Y_1km,MOD13A3_006_Sample_X_1km,MOD13A3_006__1_km_monthly_EVI,MOD13A3_006__1_km_monthly_NDVI,MOD13A3_006__1_km_monthly_VI_Quality,MOD13A3_006__1_km_monthly_VI_Quality_bitmask,MOD13A3_006__1_km_monthly_VI_Quality_MODLAND,MOD13A3_006__1_km_monthly_VI_Quality_MODLAND_Description,MOD13A3_006__1_km_monthly_VI_Quality_VI_Usefulness,MOD13A3_006__1_km_monthly_VI_Quality_VI_Usefulness_Description,MOD13A3_006__1_km_monthly_VI_Quality_Aerosol_Quantity,MOD13A3_006__1_km_monthly_VI_Quality_Aerosol_Quantity_Description,MOD13A3_006__1_km_monthly_VI_Quality_Adjacent_cloud_detected,MOD13A3_006__1_km_monthly_VI_Quality_Adjacent_cloud_detected_Description,MOD13A3_006__1_km_monthly_VI_Quality_Atmosphere_BRDF_Correction,MOD13A3_006__1_km_monthly_VI_Quality_Atmosphere_BRDF_Correction_Description,MOD13A3_006__1_km_monthly_VI_Quality_Mixed_Clouds,MOD13A3_006__1_km_monthly_VI_Quality_Mixed_Clouds_Description,MOD13A3_006__1_km_monthly_VI_Quality_Land/Water_Mask,MOD13A3_006__1_km_monthly_VI_Quality_Land/Water_Mask_Description,MOD13A3_006__1_km_monthly_VI_Quality_Possible_snow/ice,MOD13A3_006__1_km_monthly_VI_Quality_Possible_snow/ice_Description,MOD13A3_006__1_km_monthly_VI_Quality_Possible_shadow,MOD13A3_006__1_km_monthly_VI_Quality_Possible_shadow_Description
0.3508266,32.5920468,2017-01-01,h21v08,1157.0,310.0,0.1508,0.2666,2112.0,0b0000100001000000,0b00,"VI produced, good quality",0b0000,Highest quality,0b01,Low,0b0,No,0b0,No,0b0,No,0b001,Land (Nothing else but land),0b0,No,0b0,No
0.3508266,32.5920468,2017-02-01,h21v08,1157.0,310.0,0.135,0.2545,2112.0,0b0000100001000000,0b00,"VI produced, good quality",0b0000,Highest quality,0b01,Low,0b0,No,0b0,No,0b0,No,0b001,Land (Nothing else but land),0b0,No,0b0,No
0.3508266,32.5920468,2017-03-01,h21v08,1157.0,310.0,0.1817,0.2963,2181.0,0b0000100010000101,0b01,"VI produced, but check other QA",0b0001,Lower quality,0b10,Average,0b0,No,0b0,No,0b0,No,0b001,Land (Nothing else but land),0b0,No,0b0,No
0.3508266,32.5920468,2017-04-01,h21v08,1157.0,310.0,0.2133,0.3517,2185.0,0b0000100010001001,0b01,"VI produced, but check other QA",0b0010,Decreasing quality (0010),0b10,Average,0b0,No,0b0,No,0b0,No,0b001,Land (Nothing else but land),0b0,No,0b0,No
0.3508266,32.5920468,2017-05-01,h21v08,1157.0,310.0,0.2006,0.3316,2513.0,0b0000100111010001,0b01,"VI produced, but check other QA",0b0100,Decreasing quality (0100),0b11,High,0b1,Yes,0b0,No,0b0,No,0b001,Land (Nothing else but land),0b0,No,0b0,No
0.3508266,32.5920468,2017-06-01,h21v08,1157.0,310.0,0.1621,0.3081,2112.0,0b0000100001000000,0b00,"VI produced, good quality",0b0000,Highest quality,0b01,Low,0b0,No,0b0,No,0b0,No,0b001,Land (Nothing else but land),0b0,No,0b0,No
0.3508266,32.5920468,2017-07-01,h21v08,1157.0,310.0,0.1805,0.3287,2253.0,0b0000100011001101,0b01,"VI produced, but check other QA",0b0011,Decreasing quality (0011),0b11,High,0b0,No,0b0,No,0b0,No,0b001,Land (Nothing else but land),0b0,No,0b0,No
0.3508266,32.5920468,2017-08-01,h21v08,1157.0,310.0,0.1924,0.3354,2257.0,0b0000100011010001,0b01,"VI produced, but check other QA",0b0100,Decreasing quality (0100),0b11,High,0b0,No,0b0,No,0b0,No,0b001,Land (Nothing else but land),0b0,No,0b0,No
0.3508266,32.5920468,2017-09-01,h21v08,1157.0,310.0,0.1942,0.3566,2181.0,0b0000100010000101,0b01,"VI produced, but check other QA",0b0001,Lower quality,0b10,Average,0b0,No,0b0,No,0b0,No,0b001,Land (Nothing else but land),0b0,No,0b0,No
0.3508266,32.5920468,2017-10-01,h21v08,1157.0,310.0,0.2023,0.3377,2116.0,0b0000100001000100,0b00,"VI produced, good quality",0b0001,Lower quality,0b01,Low,0b0,No,0b0,No,0b0,No,0b001,Land (Nothing else but land),0b0,No,0b0,No
0.3508266,32.5920468,2017-11-01,h21v08,1157.0,310.0,0.1976,0.3479,2181.0,0b0000100010000101,0b01,"VI produced, but check other QA",0b0001,Lower quality,0b10,Average,0b0,No,0b0,No,0b0,No,0b001,Land (Nothing else but land),0b0,No,0b0,No
0.3508266,32.5920468,2017-12-01,h21v08,1157.0,310.0,0.1538,0.2998,2181.0,0b0000100010000101,0b01,"VI produced, but check other QA",0b0001,Lower quality,0b10,Average,0b0,No,0b0,No,0b0,No,0b001,Land (Nothing else but land),0b0,No,0b0,No
0.3508266,32.5920468,2018-01-01,h21v08,1157.0,310.0,0.1363,0.2782,2181.0,0b0000100010000101,0b01,"VI produced, but check other QA",0b0001,Lower quality,0b10,Average,0b0,No,0b0,No,0b0,No,0b001,Land (Nothing else but land),0b0,No,0b0,No
0.3508266,32.5920468,2018-02-01,h21v08,1157.0,310.0,0.1136,0.2143,2112.0,0b0000100001000000,0b00,"VI produced, good quality",0b0000,Highest quality,0b01,Low,0b0,No,0b0,No,0b0,No,0b001,Land (Nothing else but land),0b0,No,0b0,No
0.3508266,32.5920468,2018-03-01,h21v08,1157.0,310.0,0.1232,0.2331,2181.0,0b0000100010000101,0b01,"VI produced, but check other QA",0b0001,Lower quality,0b10,Average,0b0,No,0b0,No,0b0,No,0b001,Land (Nothing else but land),0b0,No,0b0,No
0.3508266,32.5920468,2018-04-01,h21v08,1157.0,310.0,0.2494,0.4126,2445.0,0b0000100110001101,0b01,"VI produced, but check other QA",0b0011,Decreasing quality (0011),0b10,Average,0b1,Yes,0b0,No,0b0,No,0b001,Land (Nothing else but land),0b0,No,0b0,No
0.3508266,32.5920468,2018-05-01,h21v08,1157.0,310.0,0.1769,0.3624,2185.0,0b0000100010001001,0b01,"VI produced, but check other QA",0b0010,Decreasing quality (0010),0b10,Average,0b0,No,0b0,No,0b0,No,0b001,Land (Nothing else but land),0b0,No,0b0,No
0.3508266,32.5920468,2018-06-01,h21v08,1157.0,310.0,0.1641,0.3435,2181.0,0b0000100010000101,0b01,"VI produced, but check other QA",0b0001,Lower quality,0b10,Average,0b0,No,0b0,No,0b0,No,0b001,Land (Nothing else but land),0b0,No,0b0,No
0.3508266,32.5920468,2018-07-01,h21v08,1157.0,310.0,0.1511,0.341,2185.0,0b0000100010001001,0b01,"VI produced, but check other QA",0b0010,Decreasing quality (0010),0b10,Average,0b0,No,0b0,No,0b0,No,0b001,Land (Nothing else but land),0b0,No,0b0,No
0.3508266,32.5920468,2018-08-01,h21v08,1157.0,310.0,0.1607,0.2924,2112.0,0b0000100001000000,0b00,"VI produced, good quality",0b0000,Highest quality,0b01,Low,0b0,No,0b0,No,0b0,No,0b001,Land (Nothing else but land),0b0,No,0b0,No
0.3508266,32.5920468,2018-09-01,h21v08,1157.0,310.0,0.2102,0.3505,2517.0,0b0000100111010101,0b01,"VI produced, but check other QA",0b0101,Decreasing quality (0101),0b11,High,0b1,Yes,0b0,No,0b0,No,0b001,Land (Nothing else but land),0b0,No,0b0,No
0.3508266,32.5920468,2018-10-01,h21v08,1157.0,310.0,0.13,0.2341,2112.0,0b0000100001000000,0b00,"VI produced, good quality",0b0000,Highest quality,0b01,Low,0b0,No,0b0,No,0b0,No,0b001,Land (Nothing else but land),0b0,No,0b0,No
0.3508266,32.5920468,2018-11-01,h21v08,1157.0,310.0,0.1963,0.3466,2253.0,0b0000100011001101,0b01,"VI produced, but check other QA",0b0011,Decreasing quality (0011),0b11,High,0b0,No,0b0,No,0b0,No,0b001,Land (Nothing else but land),0b0,No,0b0,No
0.3508266,32.5920468,2018-12-01,h21v08,1157.0,310.0,0.184,0.3233,2112.0,0b0000100001000000,0b00,"VI produced, good quality",0b0000,Highest quality,0b01,Low,0b0,No,0b0,No,0b0,No,0b001,Land (Nothing else but land),0b0,No,0b0,No
0.3508266,32.5920468,2019-01-01,h21v08,1157.0,310.0,0.2,0.3491,2112.0,0b0000100001000000,0b00,"VI produced, good quality",0b0000,Highest quality,0b01,Low,0b0,No,0b0,No,0b0,No,0b001,Land (Nothing else but land),0b0,No,0b0,No
0.3508266,32.5920468,2019-02-01,h21v08,1157.0,310.0,0.1621,0.3036,2112.0,0b0000100001000000,0b00,"VI produced, good quality",0b0000,Highest quality,0b01,Low,0b0,No,0b0,No,0b0,No,0b001,Land (Nothing else but land),0b0,No,0b0,No
0.3508266,32.5920468,2019-03-01,h21v08,1157.0,310.0,0.1848,0.2857,2185.0,0b0000100010001001,0b01,"VI produced, but check other QA",0b0010,Decreasing quality (0010),0b10,Average,0b0,No,0b0,No,0b0,No,0b001,Land (Nothing else but land),0b0,No,0b0,No
