{"error": null, "params": {"dates": [{"endDate": "04-29-2019", "startDate": "01-01-2017", "yearRange": [1980, 2050]}], "layers": [{"layer": "_1_km_monthly_EVI", "product": "MOD13A3.006"}, {"layer": "_1_km_monthly_NDVI", "product": "MOD13A3.006"}], "coordinates": [{"latitude": 0.3508266, "longitude": 32.5920468}]}, "status": "processing", "created": "2019-04-29T12:17:52.484601", "task_id": "3f552104-0353-4cfb-a8eb-2196ab7face0", "updated": "2019-04-29T12:17:55.495409", "user_id": "sserurich@gmail.com", "retry_at": null, "task_name": "bukoto_final_vi_2017_2019", "task_type": "point", "api_version": null, "svc_version": "2.19", "web_version": "2.19", "expires_on": "2019-05-29T12:17:55.495409", "attempts": 1}
