{"error": null, "params": {"dates": [{"endDate": "04-30-2019", "startDate": "01-01-2017", "yearRange": [1980, 2050]}], "layers": [{"layer": "_1_km_monthly_EVI", "product": "MOD13A3.006"}, {"layer": "_1_km_monthly_NDVI", "product": "MOD13A3.006"}], "coordinates": [{"latitude": 0.300225, "longitude": 32.591553}]}, "status": "processing", "created": "2019-05-03T17:26:47.693993", "task_id": "901207a3-3430-454f-a72e-ff937ee05a88", "updated": "2019-05-03T17:26:47.808792", "user_id": "sserurich@gmail.com", "retry_at": null, "task_name": "nsambya_us_embasy_vi_2017_2019", "task_type": "point", "api_version": null, "svc_version": "2.20", "web_version": "2.20", "expires_on": "2019-06-02T17:26:47.808792", "attempts": 1}
