{"error": null, "params": {"dates": [{"endDate": "04-30-2019", "startDate": "01-01-2017", "yearRange": [1980, 2050]}], "layers": [{"layer": "_1_km_monthly_EVI", "product": "MOD13A3.006"}, {"layer": "_1_km_monthly_NDVI", "product": "MOD13A3.006"}], "coordinates": [{"latitude": 0.3292819, "longitude": 32.5710773}]}, "status": "processing", "created": "2019-04-30T07:43:31.730715", "task_id": "dc154e59-4a95-4946-b364-5ef7bc8d268d", "updated": "2019-04-30T07:43:32.328194", "user_id": "sserurich@gmail.com", "retry_at": null, "task_name": "makerere_vi_2017_2019", "task_type": "point", "api_version": null, "svc_version": "2.20", "web_version": "2.20", "expires_on": "2019-05-30T07:43:32.328194", "attempts": 1}
