{"error": null, "params": {"dates": [{"endDate": "04-30-2019", "startDate": "01-01-2017", "yearRange": [1980, 2050]}], "layers": [{"layer": "_1_km_monthly_EVI", "product": "MOD13A3.006"}, {"layer": "_1_km_monthly_NDVI", "product": "MOD13A3.006"}], "coordinates": [{"latitude": 0.2341048, "longitude": 32.5631806}]}, "status": "processing", "created": "2019-06-02T14:52:55.057166", "task_id": "1706a7d4-49b7-4c91-a2b4-ca9d0a95189c", "updated": "2019-06-02T14:52:58.477067", "user_id": "sserurich@gmail.com", "retry_at": null, "task_name": "lubowa-vi-2017-2019-pa", "task_type": "point", "api_version": null, "svc_version": "2.21", "web_version": "2.21", "expires_on": "2019-07-02T14:52:58.477067", "attempts": 1}
