{"error": null, "params": {"dates": [{"endDate": "04-29-2019", "startDate": "01-01-2017", "yearRange": [1980, 2050]}], "layers": [{"layer": "_1_km_monthly_EVI", "product": "MOD13A3.006"}, {"layer": "_1_km_monthly_NDVI", "product": "MOD13A3.006"}], "coordinates": [{"latitude": 0.2343092, "longitude": 32.5596603}]}, "status": "processing", "created": "2019-04-29T10:26:31.610188", "task_id": "c37ac64f-dbd1-43a1-8b8f-0a7b74cd637c", "updated": "2019-04-29T10:26:32.567268", "user_id": "sserurich@gmail.com", "retry_at": null, "task_name": "lubowa_vi_2017_2019", "task_type": "point", "api_version": null, "svc_version": "2.19", "web_version": "2.19", "expires_on": "2019-05-29T10:26:32.567268", "attempts": 1}
