{"error": null, "params": {"dates": [{"endDate": "06-15-2019", "startDate": "01-01-2017", "yearRange": [1980, 2050]}], "layers": [{"layer": "_1_km_monthly_EVI", "product": "MOD13A3.006"}, {"layer": "_1_km_monthly_NDVI", "product": "MOD13A3.006"}], "coordinates": [{"latitude": 0.297841, "longitude": 32.55506}]}, "status": "processing", "created": "2019-06-15T17:44:29.053215", "task_id": "d842f44a-ae06-499a-84a2-b529d2afff33", "updated": "2019-06-15T17:44:30.262805", "user_id": "sserurich@gmail.com", "retry_at": null, "task_name": "rubaga_kabusu_2019", "task_type": "point", "api_version": null, "svc_version": "2.23", "web_version": "2.23", "expires_on": "2019-07-15T17:44:30.262805", "attempts": 1}
