Time (UTC),Barometric Pressure (mbar),Temperature (degrees F),Dewpoint (degrees F),Relative Humidity (%),Wind speed (mph),Wind direction (degrees),Analysis Barometric Pressure (mbar),Analysis Temperature (degrees F),Analysis Dewpoint (degrees F),Analysis Relative Humidity (%),Analysis Wind speed (mph),Analysis Wind direction (degrees)
5/1/2017 6:00,1010.98,65.3,65.3,100,4,180,,,,,,
5/1/2017 9:00,1010.31,68.7,64.4,86,0,0,,,,,,
5/1/2017 12:00,1007.18,73.4,64,72,2,160,,,,,,
5/1/2017 15:00,1006.73,75.2,63.1,66,3,180,,,,,,
5/2/2017 6:00,1009.19,71.6,68.4,89,2,200,,,,,,
5/2/2017 9:00,1009.19,69.4,68.4,96,0,0,,,,,,
5/2/2017 12:00,1006.17,68.9,67.6,95,0,0,,,,,,
5/2/2017 15:00,1004.94,74.5,63.5,68,2,270,,,,,,
5/3/2017 12:00,1005.84,75.2,66.6,74,3,160,,,,,,
5/3/2017 15:00,1003.27,75.6,65.8,71,4,180,,,,,,
5/4/2017 6:00,1007.18,69.8,67.1,91,2,180,,,,,,
5/4/2017 9:00,1007.63,78.8,66.7,66,4,180,,,,,,
5/5/2017 6:00,1008.3,70.5,68,91,0,0,,,,,,
5/5/2017 9:00,1008.3,72.5,67.1,83,2,90,,,,,,
5/5/2017 12:00,1005.5,74.8,68.7,81,0,0,,,,,,
5/5/2017 15:00,1005.17,72.5,68.5,87,2,160,,,,,,
5/6/2017 15:00,1005.73,75.2,67.1,75,5,180,,,,,,
5/7/2017 6:00,1009.41,67.1,67.1,100,0,0,,,,,,
5/7/2017 9:00,1009.08,76.6,66.4,70,2,270,,,,,,
5/7/2017 12:00,1006.4,78.4,66.9,67,7,250,,,,,,
5/8/2017 6:00,1008.3,71.6,68.4,89,2,180,,,,,,
5/8/2017 9:00,1009.52,75.6,68.4,78,4,250,,,,,,
5/8/2017 12:00,1006.95,77.4,67.5,71,5,160,,,,,,
5/8/2017 15:00,1005.17,73.4,67.5,81,0,0,,,,,,
5/9/2017 6:00,1008.07,74.3,67.6,79,4,180,,,,,,
5/9/2017 15:00,1004.5,77.7,66.9,69,3,180,,,,,,
5/10/2017 15:00,1004.61,75.2,68.5,79,0,0,,,,,,
5/11/2017 6:00,,71.6,68.4,89,2,290,,,,,,
5/11/2017 9:00,1008.07,78.8,69.4,73,5,90,,,,,,
5/11/2017 12:00,1006.06,79.7,67.6,66,4,180,,,,,,
5/12/2017 9:00,1009.75,77,67.6,72,4,180,,,,,,
5/13/2017 6:00,1008.85,72,67.6,86,0,0,,,,,,
5/13/2017 12:00,1006.17,80.6,67.1,63,7,90,,,,,,
5/14/2017 6:00,1008.74,68.9,67.6,95,0,0,,,,,,
5/14/2017 9:00,1009.08,74.8,67.3,77,3,180,,,,,,
5/14/2017 12:00,1006.28,78.8,65.8,64,2,160,,,,,,
5/14/2017 15:00,1004.94,78.4,67.1,68,2,140,,,,,,
5/15/2017 6:00,1009.41,70.2,68.4,94,0,0,,,,,,
5/15/2017 9:00,1009.97,69.8,67.1,91,4,230,,,,,,
5/15/2017 12:00,1006.95,78.1,67.3,69,2,230,,,,,,
5/16/2017 15:00,1005.61,77.4,66,68,4,160,,,,,,
5/17/2017 15:00,1004.83,74.8,67.3,77,4,180,,,,,,
5/18/2017 9:00,,73,68.7,86,0,0,,,,,,
5/19/2017 6:00,1012.09,66.6,64.8,93,2,160,,,,,,
5/19/2017 9:00,1011.54,72.5,65.8,79,2,110,,,,,,
5/19/2017 12:00,1008.07,79.5,66.6,64,6,110,,,,,,
5/19/2017 15:00,1007.85,77,66.2,69,7,140,,,,,,
5/20/2017 6:00,1011.54,68.4,67.8,98,0,0,,,,,,
5/20/2017 9:00,1010.98,75.6,66.9,74,2,180,,,,,,
5/20/2017 12:00,1008.3,79.7,65.5,61,3,180,,,,,,
5/20/2017 15:00,1007.85,77.9,66.4,67,2,160,,,,,,
5/22/2017 9:00,1008.3,72.5,67.5,84,6,180,,,,,,
5/22/2017 15:00,1004.83,77.9,66.7,68,3,120,,,,,,
5/23/2017 6:00,1009.19,70.7,68,91,0,0,,,,,,
5/23/2017 12:00,1007.4,78.8,65.3,63,4,160,,,,,,
5/23/2017 15:00,1006.62,77.9,65.8,66,3,200,,,,,,
5/24/2017 15:00,1006.17,77.9,67.1,69,4,160,,,,,,
5/25/2017 15:00,1004.94,77.9,66.7,68,8,110,,,,,,
5/26/2017 9:00,1008.18,81,65.7,59,3,110,,,,,,
5/27/2017 12:00,1006.95,80.6,65.8,60,4,180,,,,,,
5/27/2017 15:00,1006.28,78.8,65.3,63,2,180,,,,,,
5/28/2017 6:00,1011.54,70.2,64.2,81,2,360,,,,,,
5/29/2017 6:00,1009.97,72,65.5,80,0,0,,,,,,
5/30/2017 15:00,1008.52,64.4,64.4,100,0,0,,,,,,
5/31/2017 6:00,1012.21,67.1,67.1,100,0,0,,,,,,
5/31/2017 9:00,1011.42,74.3,67.6,79,2,250,,,,,,
5/31/2017 12:00,1009.08,79.7,65.5,61,2,270,,,,,,
6/1/2017 15:00,1008.18,73.4,65.8,77,0,0,,,,,,
6/2/2017 6:00,1010.31,72.5,68,85,2,110,,,,,,
6/2/2017 12:00,1007.63,80.2,66.7,63,3,230,,,,,,
6/3/2017 9:00,1010.87,76.1,69.4,79,5,180,,,,,,
6/4/2017 6:00,1010.2,69.4,66.7,91,0,0,,,,,,
6/4/2017 9:00,1010.08,79.9,65.8,62,2,180,,,,,,
6/4/2017 12:00,1007.18,79.7,65.5,61,2,230,,,,,,
6/4/2017 15:00,1006.73,77.4,67.1,70,4,160,,,,,,
6/5/2017 6:00,1009.3,72.5,68.5,87,0,0,,,,,,
6/5/2017 9:00,1009.41,81.5,68,63,2,270,,,,,,
6/5/2017 12:00,1007.18,79.2,67.8,68,5,180,,,,,,
6/5/2017 15:00,1005.95,78.8,67.5,68,4,180,,,,,,
6/7/2017 12:00,1006.73,81.3,66.7,61,5,270,,,,,,
6/8/2017 15:00,1005.73,76.6,66.9,72,0,0,,,,,,
6/9/2017 6:00,1009.41,69.8,66.6,89,0,0,,,,,,
6/9/2017 9:00,1008.85,78.8,66.9,67,2,110,,,,,,
6/9/2017 12:00,1007.18,80.6,66,61,6,160,,,,,,
6/9/2017 15:00,1006.62,76.1,66.7,72,2,250,,,,,,
6/10/2017 6:00,1008.74,72.5,69.1,89,2,250,,,,,,
6/10/2017 9:00,1008.85,78.8,66.9,67,3,180,,,,,,
6/10/2017 12:00,1006.84,81.3,64,55,6,160,,,,,,
6/10/2017 15:00,1006.17,78.8,65.3,63,4,140,,,,,,
6/11/2017 15:00,1004.5,77.7,65.8,66,2,160,,,,,,
6/12/2017 15:00,1005.17,77,64.9,66,3,160,,,,,,
6/13/2017 9:00,1007.29,79.2,66.2,64,4,160,,,,,,
6/13/2017 15:00,1005.28,77.9,65.3,65,6,270,,,,,,
6/14/2017 6:00,1007.51,74.3,67.6,79,3,180,,,,,,
6/14/2017 15:00,1005.05,76.6,68,74,4,180,,,,,,
6/15/2017 12:00,1007.29,78.8,65.3,63,2,250,,,,,,
6/16/2017 15:00,1006.06,72.3,66.4,81,2,230,,,,,,
6/17/2017 9:00,1007.29,78.8,65.3,63,3,900,,,,,,
6/18/2017 6:00,1007.51,68.9,66.6,92,0,0,,,,,,
6/18/2017 12:00,1005.28,77,64.9,66,2,160,,,,,,
6/18/2017 15:00,1004.72,74.8,63.5,67,2,180,,,,,,
6/19/2017 15:00,1006.17,77.4,63.9,63,2,180,,,,,,
6/20/2017 6:00,1009.52,69.4,66.7,91,0,0,,,,,,
6/21/2017 15:00,1005.5,77,64,64,2,90,,,,,,
6/22/2017 6:00,1008.41,70.5,67.8,91,0,0,,,,,,
6/22/2017 9:00,1008.52,79.7,61.7,54,2,270,,,,,,
6/22/2017 12:00,1006.17,82.4,64,53,3,230,,,,,,
6/24/2017 6:00,1008.85,66.2,66.2,100,0,0,,,,,,
6/25/2017 9:00,1009.41,78.4,64.4,62,4,270,,,,,,
6/25/2017 12:00,1007.07,78.8,64.2,61,3,250,,,,,,
6/25/2017 15:00,1006.17,77,64,64,4,180,,,,,,
6/26/2017 15:00,1006.28,77,66.2,69,4,180,,,,,,
6/27/2017 6:00,1007.96,72.5,68,85,0,0,,,,,,
6/27/2017 9:00,1007.85,78.8,64.2,61,5,180,,,,,,
6/27/2017 12:00,1006.28,77,64.9,66,2,180,,,,,,
6/27/2017 15:00,1005.28,75.2,64.9,70,0,0,,,,,,
6/28/2017 15:00,1006.06,75.6,65.8,71,4,180,,,,,,
6/29/2017 12:00,1009.97,65.3,65.3,100,4,160,,,,,,
6/29/2017 15:00,1008.18,66.6,64.9,94,4,180,,,,,,
6/30/2017 15:00,1006.4,76.1,64,66,7,180,,,,,,
7/1/2017 12:00,1007.18,78.8,64.8,62,4,230,,,,,,
7/1/2017 15:00,1006.51,77,64,64,4,160,,,,,,
7/2/2017 6:00,1009.19,68.4,65.1,89,0,0,,,,,,
7/2/2017 9:00,1008.85,77,64.9,66,2,290,,,,,,
7/3/2017 9:00,1010.08,69.8,66.6,89,0,0,,,,,,
7/3/2017 12:00,1006.51,76.1,66.2,71,0,0,,,,,,
7/4/2017 6:00,1009.19,65.3,62.6,90,0,0,,,,,,
7/4/2017 9:00,1009.75,75.2,63.1,66,2,320,,,,,,
7/4/2017 15:00,1006.84,73.4,65.8,77,2,180,,,,,,
7/5/2017 15:00,1008.52,66.2,66.2,100,0,0,,,,,,
7/6/2017 9:00,1011.42,74.3,62.8,67,3,270,,,,,,
7/6/2017 12:00,1008.97,73.4,64.8,74,3,180,,,,,,
7/6/2017 15:00,1007.85,73.4,65.3,75,2,270,,,,,,
7/7/2017 6:00,1011.65,65.8,63.7,92,0,0,,,,,,
7/8/2017 15:00,1008.41,73.8,65.3,74,3,180,,,,,,
7/9/2017 12:00,1008.74,77.9,60.4,55,6,160,,,,,,
7/10/2017 15:00,1006.62,77,63.5,63,3,180,,,,,,
7/11/2017 6:00,1010.53,67.1,64.4,91,0,0,,,,,,
7/12/2017 9:00,1012.09,71.6,63.5,75,0,0,,,,,,
7/12/2017 12:00,1009.52,75.6,64.2,67,0,180,,,,,,
7/12/2017 15:00,1008.74,76.1,62.6,63,0,0,,,,,,
7/13/2017 15:00,1006.95,77.7,64.6,64,0,0,,,,,,
7/14/2017 9:00,,76.6,66.9,72,0,0,,,,,,
7/14/2017 12:00,1006.84,65.3,65.3,100,0,0,,,,,,
7/14/2017 15:00,1006.17,78.4,65.5,64,4,160,,,,,,
7/15/2017 15:00,1006.95,68,68,100,0,0,,,,,,
7/16/2017 6:00,1009.52,66.2,66.2,100,2,90,,,,,,
7/16/2017 9:00,1009.75,75.6,66.9,74,4,270,,,,,,
7/16/2017 12:00,1007.29,78.8,64,60,4,270,,,,,,
7/17/2017 6:00,1010.2,68,66.7,95,0,0,,,,,,
7/17/2017 9:00,1010.53,76.1,66.2,71,2,270,,,,,,
7/17/2017 12:00,1008.52,77.9,64.4,63,2,70,,,,,,
7/17/2017 15:00,1007.4,77,64.9,66,2,160,,,,,,
7/18/2017 15:00,1008.07,78.8,64.8,62,5,160,,,,,,
7/19/2017 15:00,1007.74,75.6,66.9,74,4,140,,,,,,
7/20/2017 9:00,1010.42,72,,,3,320,,,,,,
7/21/2017 15:00,1004.72,77.9,64.4,63,2,160,,,,,,
7/22/2017 6:00,1009.08,69.8,64.9,84,6,320,,,,,,
7/23/2017 9:00,,74.1,66.6,77,0,0,,,,,,
7/23/2017 12:00,1007.96,74.3,67.6,79,2,70,,,,,,
7/23/2017 15:00,1006.17,71.6,66.7,84,0,0,,,,,,
7/24/2017 15:00,1006.51,75.2,61.7,62,3,160,,,,,,
7/25/2017 15:00,1008.07,66.6,66.6,100,2,290,,,,,,
7/26/2017 9:00,1009.75,77.9,65.3,65,6,270,,,,,,
7/27/2017 15:00,1006.28,78.8,64,60,0,0,,,,,,
7/28/2017 15:00,1006.84,73.4,64.8,74,4,180,,,,,,
7/29/2017 12:00,1008.85,71.2,67.8,88,0,0,,,,,,
7/30/2017 15:00,1005.28,76.1,64.6,67,5,180,,,,,,
7/31/2017 15:00,1006.73,77,65.1,66,4,180,,,,,,
8/1/2017 6:00,1011.42,69.4,64.6,84,0,0,,,,,,
8/1/2017 9:00,1010.87,73.4,67.5,81,3,320,,,,,,
8/1/2017 12:00,1008.85,77,65.1,66,6,270,,,,,,
8/2/2017 15:00,1009.19,74.8,65.7,73,4,180,,,,,,
8/3/2017 6:00,1010.31,75.2,66.6,74,0,0,,,,,,
8/3/2017 9:00,1010.53,77.9,64.4,63,3,90,,,,,,
8/3/2017 12:00,1009.08,81.3,58.6,46,4,180,,,,,,
8/3/2017 15:00,1007.18,76.3,63.9,65,3,160,,,,,,
8/4/2017 15:00,1005.73,72.3,68,86,4,180,,,,,,
8/5/2017 6:00,1009.75,68,66.7,95,0,0,,,,,,
8/5/2017 9:00,1009.75,77.4,66.6,69,4,320,,,,,,
8/5/2017 12:00,1007.07,76.6,63,62,12,140,,,,,,
8/5/2017 15:00,1005.39,77,63.5,63,2,180,,,,,,
8/6/2017 15:00,1005.84,78.8,64,60,2,180,,,,,,
8/7/2017 12:00,1006.73,81.7,63.9,54,0,0,,,,,,
8/8/2017 6:00,1009.52,68.9,64.9,87,2,20,,,,,,
8/8/2017 9:00,1010.08,76.1,66.7,72,6,320,,,,,,
8/9/2017 15:00,1005.5,75.2,65.5,71,2,140,,,,,,
8/10/2017 6:00,1009.86,65.8,65.1,97,6,320,,,,,,
8/11/2017 15:00,1007.29,73.4,66.7,79,2,270,,,,,,
8/12/2017 6:00,1010.42,66.2,66.2,100,4,160,,,,,,
8/13/2017 9:00,1008.97,77.9,64.4,63,0,0,,,,,,
8/13/2017 12:00,1006.95,76.6,64.8,66,5,140,,,,,,
8/14/2017 15:00,1005.05,77,63.5,63,2,180,,,,,,
8/15/2017 6:00,1008.41,68,65.3,91,0,0,,,,,,
8/15/2017 9:00,1007.96,78.8,65.3,63,2,290,,,,,,
8/15/2017 12:00,1005.05,79.7,64.9,60,6,180,,,,,,
8/16/2017 6:00,1008.3,68.9,66.2,91,0,0,,,,,,
8/16/2017 9:00,1007.74,70.7,66.7,87,0,0,,,,,,
8/16/2017 12:00,1004.72,76.1,64,66,0,0,,,,,,
8/16/2017 15:00,1003.49,77.4,64.8,65,2,180,,,,,,
8/17/2017 15:00,1004.61,77,66.7,70,0,0,,,,,,
8/18/2017 15:00,1004.5,70.5,65.7,84,0,0,,,,,,
8/19/2017 12:00,1006.28,79.9,62.1,54,4,160,,,,,,
8/19/2017 15:00,1005.28,77,64.9,66,6,160,,,,,,
8/20/2017 6:00,1009.52,68.7,65.5,89,0,0,,,,,,
8/20/2017 9:00,1008.97,77,66.2,69,4,20,,,,,,
8/20/2017 12:00,1006.4,79.7,64.9,60,4,20,,,,,,
8/20/2017 15:00,,77,64.6,65,3,180,,,,,,
8/21/2017 15:00,1003.6,77,64.9,66,2,140,,,,,,
8/22/2017 6:00,1007.85,68.7,66.6,92,5,20,,,,,,
8/22/2017 9:00,1008.63,74.3,64.9,72,4,50,,,,,,
8/22/2017 12:00,1006.17,78.8,62.1,56,6,50,,,,,,
8/23/2017 9:00,1008.18,77,63.5,63,4,180,,,,,,
8/23/2017 15:00,1003.6,78.8,65.3,63,2,200,,,,,,
8/24/2017 6:00,1006.4,72.5,64.4,75,6,320,,,,,,
8/24/2017 12:00,1003.83,82.8,64.8,54,4,160,,,,,,
8/24/2017 15:00,1003.49,68.9,67.6,95,4,180,,,,,,
8/25/2017 6:00,1007.85,67.1,67.1,100,0,0,,,,,,
8/25/2017 9:00,1006.95,77.7,67.3,70,4,90,,,,,,
8/25/2017 12:00,1004.61,70.9,68.7,92,0,0,,,,,,
8/25/2017 15:00,1004.72,71.6,67.6,87,4,270,,,,,,
8/26/2017 6:00,1007.51,67.1,65.8,95,3,20,,,,,,
8/26/2017 9:00,1007.4,78.1,67.8,70,3,340,,,,,,
8/26/2017 12:00,1004.61,81,65.7,59,0,0,,,,,,
8/26/2017 15:00,1004.61,73.8,65.7,75,2,160,,,,,,
8/28/2017 15:00,1004.61,75.2,63.1,66,3,20,,,,,,
8/29/2017 6:00,1009.08,67.1,63.1,87,5,270,,,,,,
8/29/2017 9:00,1007.96,77.9,64.4,63,4,50,,,,,,
8/29/2017 12:00,1004.83,80.6,64.4,57,0,0,,,,,,
8/30/2017 6:00,1009.41,64.4,64.4,100,4,20,,,,,,
8/30/2017 9:00,1009.08,69.4,65.1,86,4,320,,,,,,
8/30/2017 12:00,1007.07,74.3,64.9,72,2,90,,,,,,
8/30/2017 15:00,1006.4,70.7,65.3,83,3,20,,,,,,
8/31/2017 6:00,1009.41,67.6,66.9,97,4,340,,,,,,
8/31/2017 9:00,1009.3,77,67.3,72,6,50,,,,,,
8/31/2017 12:00,1006.06,79.7,64.9,60,5,20,,,,,,
8/31/2017 15:00,1005.17,79.2,64,59,2,270,,,,,,
9/1/2017 9:00,1008.74,77,64.9,66,4,270,,,,,,
9/1/2017 12:00,1006.84,70.9,66.6,86,4,180,,,,,,
9/1/2017 15:00,1005.28,71.2,68,89,0,0,,,,,,
9/2/2017 15:00,1004.72,74.8,67.3,77,4,180,,,,,,
9/3/2017 9:00,1008.74,75.9,67.3,74,2,20,,,,,,
9/3/2017 15:00,1005.28,69.8,65.8,87,3,180,,,,,,
9/4/2017 12:00,1008.3,75.9,63,64,0,0,,,,,,
9/4/2017 15:00,1008.07,72.5,63.7,73,6,90,,,,,,
9/5/2017 6:00,1011.42,66.6,64.4,92,0,0,,,,,,
9/6/2017 6:00,,70.2,64.8,83,3,340,,,,,,
9/6/2017 9:00,1010.53,78.8,67.3,67,2,90,,,,,,
9/6/2017 12:00,1006.62,73.4,69.4,87,0,0,,,,,,
9/6/2017 15:00,1006.95,74.3,68.9,83,0,0,,,,,,
9/7/2017 12:00,1006.73,79.2,65.1,62,2,90,,,,,,
9/7/2017 15:00,1005.5,78.8,62.6,57,5,230,,,,,,
9/8/2017 15:00,1004.5,75.9,66.7,73,4,180,,,,,,
9/9/2017 6:00,1008.18,71.6,66.7,84,2,50,,,,,,
9/9/2017 9:00,1007.51,79.7,64.9,60,2,270,,,,,,
9/10/2017 6:00,1008.41,69.4,67.3,92,0,0,,,,,,
9/10/2017 9:00,1008.85,77,67.6,72,0,0,,,,,,
9/10/2017 12:00,1006.28,71.2,65.3,81,2,320,,,,,,
9/13/2017 12:00,1003.83,77.4,64.9,65,2,180,,,,,,
9/14/2017 15:00,1006.06,70.2,65.8,86,2,20,,,,,,
9/15/2017 6:00,1009.86,67.1,64.4,91,0,0,,,,,,
9/15/2017 9:00,1009.64,77,66.2,69,4,90,,,,,,
9/15/2017 12:00,1005.95,78.8,65.3,63,3,90,,,,,,
9/15/2017 15:00,1005.17,80.6,63.1,55,0,0,,,,,,
9/16/2017 9:00,1008.41,80.2,67.3,64,2,360,,,,,,
9/17/2017 15:00,1005.5,72.3,69.6,91,4,180,,,,,,
9/18/2017 6:00,1009.75,68,65.3,91,0,0,,,,,,
9/19/2017 15:00,1006.4,69.1,68.5,98,0,0,,,,,,
9/20/2017 12:00,1007.18,79.9,66.2,63,4,140,,,,,,
9/21/2017 15:00,1004.94,75.9,64,66,2,180,,,,,,
9/22/2017 15:00,1005.95,75.2,64.4,69,2,200,,,,,,
9/23/2017 15:00,1005.84,76.1,69.4,79,0,0,,,,,,
9/24/2017 9:00,1009.52,77,66.2,69,5,70,,,,,,
9/24/2017 12:00,1005.73,80.6,60.4,50,5,90,,,,,,
9/24/2017 15:00,1005.61,73.4,65.3,75,2,320,,,,,,
9/25/2017 6:00,1007.51,68,66.4,94,3,50,,,,,,
9/25/2017 9:00,1006.51,78.8,64.8,62,2,90,,,,,,
9/25/2017 15:00,1004.05,68,64.2,87,2,50,,,,,,
9/26/2017 15:00,1003.16,80.6,65.8,60,2,20,,,,,,
9/27/2017 6:00,1009.19,72,69.3,91,0,0,,,,,,
9/27/2017 9:00,1009.08,73.4,68.5,84,2,250,,,,,,
9/27/2017 12:00,1006.06,75.6,66.9,74,3,180,,,,,,
9/27/2017 15:00,1004.83,79.5,67.1,65,2,110,,,,,,
9/28/2017 12:00,1004.72,82.4,64.9,55,4,180,,,,,,
9/28/2017 15:00,1004.5,79.9,65.8,62,0,0,,,,,,
9/29/2017 6:00,1007.63,66.9,65.8,96,0,0,,,,,,
9/29/2017 9:00,1007.4,73.8,65.7,75,0,0,,,,,,
9/29/2017 15:00,1004.5,75.2,65.3,71,0,0,,,,,,
10/1/2017 6:00,1008.41,71.6,65.1,80,4,20,,,,,,
10/1/2017 9:00,1007.96,79.7,63.9,58,2,160,,,,,,
10/1/2017 12:00,1005.39,80.6,64.4,57,5,110,,,,,,
10/1/2017 15:00,1005.39,75.6,65.8,71,4,180,,,,,,
10/2/2017 15:00,1003.6,78.8,64.2,61,2,180,,,,,,
10/3/2017 12:00,1004.61,69.8,62.2,76,2,270,,,,,,
10/3/2017 15:00,1002.71,77.7,66.9,69,3,290,,,,,,
10/4/2017 15:00,1004.83,78.4,66.6,67,4,180,,,,,,
10/5/2017 6:00,1008.07,72.5,67.1,83,2,70,,,,,,
10/5/2017 9:00,1007.74,78.8,68,69,4,160,,,,,,
10/5/2017 15:00,1004.38,79.2,65.1,62,3,180,,,,,,
10/6/2017 9:00,1006.4,81.5,62.6,52,4,160,,,,,,
10/6/2017 12:00,1003.71,82.4,63.5,52,2,160,,,,,,
10/6/2017 15:00,1002.93,79.3,67.8,67,2,180,,,,,,
10/7/2017 6:00,1007.51,69.4,66,88,2,270,,,,,,
10/7/2017 12:00,1003.49,83.3,64.4,53,2,140,,,,,,
10/7/2017 15:00,1001.93,80.6,65.5,60,2,180,,,,,,
10/8/2017 12:00,1002.82,83.3,64.4,53,6,90,,,,,,
10/8/2017 15:00,1001.93,80.6,65.5,60,4,160,,,,,,
10/9/2017 6:00,1005.5,72.5,66.4,81,6,270,,,,,,
10/9/2017 9:00,1005.17,78.8,65.3,63,8,270,,,,,,
10/9/2017 15:00,1002.37,73.4,66.7,79,0,0,,,,,,
10/10/2017 6:00,1007.96,65.1,65.1,100,0,0,,,,,,
10/11/2017 15:00,1003.71,72.3,65.8,80,2,20,,,,,,
10/12/2017 9:00,1007.74,76.1,64.6,67,4,160,,,,,,
10/12/2017 12:00,1005.5,78.8,66.9,67,4,270,,,,,,
10/13/2017 15:00,1004.16,77.4,65.5,66,3,180,,,,,,
10/14/2017 9:00,1008.3,70.5,67.3,89,2,90,,,,,,
10/14/2017 15:00,1003.71,77,64,64,4,230,,,,,,
10/15/2017 15:00,1005.84,77,65.7,68,2,200,,,,,,
10/16/2017 15:00,1005.28,81.5,66.2,59,0,0,,,,,,
10/17/2017 6:00,1008.85,72.3,67.3,84,3,290,,,,,,
10/17/2017 9:00,1007.85,80.6,67.1,63,3,50,,,,,,
10/17/2017 12:00,1004.16,82,68,62,0,0,,,,,,
10/18/2017 15:00,1003.38,72.3,68,86,0,0,,,,,,
10/19/2017 9:00,1009.52,72.5,67.5,84,3,70,,,,,,
10/19/2017 15:00,1006.28,74.3,67.1,78,2,70,,,,,,
10/20/2017 15:00,,68.7,190,100,0,0,,,,,,
10/21/2017 6:00,1010.08,68.4,67.3,96,2,70,,,,,,
10/21/2017 9:00,1009.64,77,66.2,69,3,180,,,,,,
10/21/2017 12:00,1005.84,81.5,65.7,58,3,180,,,,,,
10/22/2017 6:00,1010.08,67.3,66.2,96,2,270,,,,,,
10/22/2017 9:00,1009.3,77,64.6,65,2,90,,,,,,
10/22/2017 12:00,1006.51,79.7,65.5,61,2,160,,,,,,
10/22/2017 15:00,1004.61,77.9,65.8,66,0,0,,,,,,
10/23/2017 15:00,1004.61,71.6,66.2,83,2,180,,,,,,
10/24/2017 12:00,1005.17,80.6,61.7,52,6,180,,,,,,
10/24/2017 15:00,1004.61,77.9,61.7,57,2,180,,,,,,
10/25/2017 15:00,1003.38,75.2,68.5,79,2,250,,,,,,
10/26/2017 6:00,1007.74,70.5,67.3,89,0,0,,,,,,
10/26/2017 15:00,1004.27,78.4,66.6,67,4,180,,,,,,
10/27/2017 9:00,1005.84,77.9,65.8,66,0,0,,,,,,
10/27/2017 12:00,1002.6,82,63.7,53,2,180,,,,,,
10/27/2017 15:00,1002.37,77,67.3,72,2,270,,,,,,
10/28/2017 15:00,1002.15,77.4,67.5,71,0,0,,,,,,
10/29/2017 15:00,1002.93,73.8,67.3,80,6,180,,,,,,
10/30/2017 9:00,1007.07,68.9,63.9,84,0,0,,,,,,
10/30/2017 15:00,1004.5,75.7,63.7,66,2,180,,,,,,
10/31/2017 6:00,1008.85,68,65.3,91,0,0,,,,,,
10/31/2017 9:00,1008.3,77,66.2,69,0,0,,,,,,
10/31/2017 12:00,1005.17,77.7,67.3,70,2,230,,,,,,
10/31/2017 15:00,1004.5,78.8,65.8,64,4,180,,,,,,
11/1/2017 9:00,1007.18,80.2,64,57,4,160,,,,,,
11/1/2017 15:00,1003.94,77,66.2,69,4,160,,,,,,
11/2/2017 15:00,1003.49,78.8,63.1,58,2,180,,,,,,
11/3/2017 15:00,1002.6,78.4,65.5,64,4,180,,,,,,
11/4/2017 6:00,1008.41,66.2,64,92,4,20,,,,,,
11/4/2017 9:00,1008.52,68.4,65.7,91,6,290,,,,,,
11/4/2017 12:00,1004.83,74.1,63.9,70,4,340,,,,,,
11/4/2017 15:00,1004.16,74.1,65.5,74,4,290,,,,,,
11/5/2017 6:00,1008.97,65.8,63.7,92,0,0,,,,,,
11/5/2017 9:00,1008.41,72,64.8,78,3,20,,,,,,
11/5/2017 12:00,1005.05,75.9,65.1,69,3,110,,,,,,
11/5/2017 15:00,1004.16,75.6,66.9,74,4,90,,,,,,
11/6/2017 6:00,1007.4,69.4,67.3,92,0,0,,,,,,
11/7/2017 9:00,1009.3,63.1,,,0,0,,,,,,
11/7/2017 12:00,1005.61,73.4,65.8,77,4,180,,,,,,
11/7/2017 15:00,1004.27,72.3,66.9,83,2,160,,,,,,
11/8/2017 6:00,1008.18,68,67.5,98,0,0,,,,,,
11/8/2017 9:00,1007.51,72.5,65.8,79,4,110,,,,,,
11/8/2017 12:00,1003.83,74.8,66.7,75,4,180,,,,,,
11/8/2017 15:00,1004.61,71.6,66.2,83,0,0,,,,,,
11/9/2017 12:00,1003.83,78.8,66.7,66,3,180,,,,,,
11/9/2017 15:00,1003.6,74.5,66.9,77,0,0,,,,,,
11/10/2017 6:00,1007.07,69.1,64.8,86,0,0,,,,,,
11/10/2017 9:00,1005.95,78.8,66.4,65,3,90,,,,,,
11/10/2017 12:00,1003.6,68,65.3,91,0,0,,,,,,
11/10/2017 15:00,1003.16,70.9,66.6,86,3,270,,,,,,
11/11/2017 6:00,1007.07,69.1,66.2,90,0,0,,,,,,
11/11/2017 9:00,1006.17,78.8,65.3,63,2,180,,,,,,
11/11/2017 12:00,1003.38,80.2,66,62,5,180,,,,,,
11/11/2017 15:00,1002.48,77,65.1,66,0,0,,,,,,
11/12/2017 6:00,1007.51,65.5,65.5,100,0,0,,,,,,
11/12/2017 9:00,1007.74,74.1,66.6,77,0,0,,,,,,
11/12/2017 12:00,1004.38,70.9,68.7,92,2,340,,,,,,
11/12/2017 15:00,1003.71,72.7,67.3,83,4,160,,,,,,
11/13/2017 6:00,1007.51,69.8,66.6,89,3,290,,,,,,
11/13/2017 12:00,1003.49,79.9,66.4,63,4,110,,,,,,
11/14/2017 15:00,,72,67.5,85,0,0,,,,,,
11/15/2017 6:00,1006.95,72,67.1,84,3,90,,,,,,
11/16/2017 6:00,1005.95,69.8,62.8,78,0,0,,,,,,
11/16/2017 9:00,1005.39,80.6,66.6,62,2,160,,,,,,
11/16/2017 12:00,1003.27,77.7,68.5,73,0,0,,,,,,
11/16/2017 15:00,1002.71,75.9,67.8,76,0,0,,,,,,
11/17/2017 6:00,1006.62,68,63.7,86,0,0,,,,,,
11/17/2017 9:00,1006.17,77.9,64.8,64,4,320,,,,,,
11/17/2017 12:00,1003.04,77.9,65.8,66,5,320,,,,,,
11/17/2017 15:00,1002.93,70.7,66.7,87,2,340,,,,,,
11/18/2017 6:00,1007.63,71.6,64.9,79,0,0,,,,,,
11/19/2017 12:00,1003.71,81.5,67.3,62,2,160,,,,,,
11/20/2017 6:00,1007.85,72.3,64.6,76,0,0,,,,,,
11/20/2017 9:00,1007.63,77.9,64.4,63,2,70,,,,,,
11/20/2017 15:00,1004.72,77.9,64,62,2,160,,,,,,
11/21/2017 6:00,1007.18,70.9,62.6,75,2,90,,,,,,
11/21/2017 9:00,1006.84,79.9,62.1,54,2,90,,,,,,
11/21/2017 12:00,1003.71,83.3,63.1,50,4,340,,,,,,
11/21/2017 15:00,1002.82,80.6,64.4,57,3,50,,,,,,
11/22/2017 12:00,1003.83,81.5,62.6,52,4,90,,,,,,
11/23/2017 6:00,1006.4,69.8,62.8,78,3,320,,,,,,
11/23/2017 9:00,1006.4,75.2,61.7,62,2,290,,,,,,
11/23/2017 15:00,,77,63.5,63,3,90,,,,,,
11/24/2017 9:00,1008.63,64.4,64.4,100,2,290,,,,,,
11/24/2017 12:00,1005.73,69.8,64.4,83,0,0,,,,,,
11/24/2017 15:00,1005.28,68.7,65.5,89,3,290,,,,,,
11/25/2017 6:00,1008.97,68.9,64.9,87,3,290,,,,,,
11/25/2017 15:00,1004.83,77.4,64.4,64,3,290,,,,,,
11/26/2017 15:00,1006.28,75.9,65.1,69,4,180,,,,,,
11/27/2017 6:00,1009.75,72.5,68.5,87,0,0,,,,,,
11/27/2017 9:00,1008.41,79.5,66.4,64,4,180,,,,,,
11/27/2017 12:00,1006.06,73.4,68,83,0,0,,,,,,
11/29/2017 9:00,1008.85,68.9,64.4,85,0,0,,,,,,
11/29/2017 15:00,1004.61,79.7,66.2,63,2,340,,,,,,
11/30/2017 6:00,1008.74,68,64,87,3,290,,,,,,
11/30/2017 12:00,1006.06,77.9,66.9,69,2,200,,,,,,
11/30/2017 15:00,1004.72,75.9,65.5,70,2,180,,,,,,
12/1/2017 6:00,1008.52,71.6,64.9,79,2,180,,,,,,
12/1/2017 9:00,1007.63,78.3,64.2,62,3,180,,,,,,
12/1/2017 12:00,1004.16,77.9,64.4,63,3,160,,,,,,
12/1/2017 15:00,,74.3,64.9,72,3,140,,,,,,
12/2/2017 6:00,1008.3,69.8,65.8,87,0,0,,,,,,
12/2/2017 9:00,1007.18,78.8,65.8,64,0,0,,,,,,
12/2/2017 12:00,1004.05,80.6,61.7,52,6,340,,,,,,
12/2/2017 15:00,1003.6,79.2,61.9,55,4,320,,,,,,
12/3/2017 6:00,1008.18,70.9,66.6,86,0,0,,,,,,
12/3/2017 9:00,1008.18,79.5,64.9,61,4,340,,,,,,
12/3/2017 12:00,1005.73,75.9,65.5,70,6,90,,,,,,
12/3/2017 15:00,1004.94,76.1,66.2,71,2,180,,,,,,
12/4/2017 6:00,1008.41,68.7,66.6,92,0,0,,,,,,
12/4/2017 9:00,1007.74,75.2,68.2,78,2,270,,,,,,
12/5/2017 15:00,1003.04,79.2,61.9,55,2,160,,,,,,
12/6/2017 9:00,1006.62,69.4,67.3,92,4,180,,,,,,
12/6/2017 12:00,1003.71,78.8,65.3,63,2,160,,,,,,
12/7/2017 6:00,1006.28,73,69.3,87,6,110,,,,,,
12/8/2017 6:00,1005.95,70.2,68.4,94,0,0,,,,,,
12/8/2017 9:00,1005.05,78.1,65.7,65,0,0,,,,,,
12/8/2017 12:00,1002.26,78.8,67.5,68,3,180,,,,,,
12/8/2017 15:00,1001.7,78.1,66.2,66,4,160,,,,,,
12/9/2017 12:00,1002.26,78.1,65.7,65,5,270,,,,,,
12/10/2017 6:00,1006.4,71.6,67.8,87,2,290,,,,,,
12/10/2017 9:00,1005.84,77.7,65.8,66,2,20,,,,,,
12/10/2017 15:00,1003.71,77,65.7,68,0,0,,,,,,
12/11/2017 6:00,1008.41,68.9,62.2,79,3,290,,,,,,
12/11/2017 9:00,1007.85,76.1,61.3,60,2,90,,,,,,
12/11/2017 12:00,1005.39,81.5,61.9,51,6,180,,,,,,
12/11/2017 15:00,1005.17,77,64.9,66,2,160,,,,,,
12/12/2017 6:00,,68,65.3,91,0,0,,,,,,
12/12/2017 9:00,1007.74,79.2,61.9,55,2,160,,,,,,
12/12/2017 12:00,1005.61,81.5,63.5,54,4,180,,,,,,
12/12/2017 15:00,1005.39,79.5,64.4,60,3,160,,,,,,
12/13/2017 6:00,1008.41,68.9,63.5,82,2,290,,,,,,
12/14/2017 12:00,1004.72,82.4,65.7,57,0,0,,,,,,
12/14/2017 15:00,1004.05,79.7,65.5,61,3,180,,,,,,
12/15/2017 9:00,1007.07,81.5,61.3,50,4,160,,,,,,
12/16/2017 6:00,1007.4,69.1,64.8,86,0,0,,,,,,
12/16/2017 15:00,1003.71,79.5,64.9,61,3,180,,,,,,
12/18/2017 12:00,1003.71,81.3,65.5,58,2,180,,,,,,
12/19/2017 9:00,1006.51,80.6,65.8,60,4,160,,,,,,
12/19/2017 15:00,1002.93,79.7,66.6,64,2,160,,,,,,
12/20/2017 6:00,1007.63,70.7,66.7,87,0,0,,,,,,
12/20/2017 9:00,1007.63,79.7,64.9,60,2,160,,,,,,
12/20/2017 12:00,1004.94,82.4,65.1,56,4,90,,,,,,
12/20/2017 15:00,1004.27,80.2,65.1,60,2,180,,,,,,
12/23/2017 6:00,1006.51,70.7,57.2,62,0,0,,,,,,
12/23/2017 9:00,1006.28,82.4,62.2,50,2,20,,,,,,
12/23/2017 15:00,1002.82,80.6,65.8,60,2,120,,,,,,
12/24/2017 6:00,1006.06,71.6,63.5,75,0,0,,,,,,
12/24/2017 9:00,1005.28,82.4,62.2,50,2,90,,,,,,
12/24/2017 12:00,1002.71,86.4,59.9,41,4,180,,,,,,
12/24/2017 15:00,1001.93,83.5,63,50,0,0,,,,,,
12/25/2017 6:00,1008.18,70.2,58.8,67,0,0,,,,,,
12/25/2017 9:00,1006.95,80.6,56.3,43,3,160,,,,,,
12/25/2017 12:00,1004.27,84.2,54.5,36,2,160,,,,,,
12/25/2017 15:00,1003.49,79.7,60.8,52,3,160,,,,,,
12/26/2017 6:00,1007.96,72.3,66.9,83,0,0,,,,,,
12/26/2017 9:00,1006.28,81.5,65.3,58,4,160,,,,,,
12/26/2017 12:00,1003.6,83.3,64.4,53,4,180,,,,,,
12/26/2017 15:00,1003.04,78.8,65.3,63,4,160,,,,,,
12/27/2017 6:00,,69.8,64.4,83,0,0,,,,,,
12/27/2017 9:00,1005.17,82.4,60.8,48,2,270,,,,,,
12/27/2017 12:00,1002.48,84.6,58.5,41,3,180,,,,,,
12/28/2017 6:00,1006.62,69.8,63.9,81,3,290,,,,,,
12/28/2017 9:00,1005.73,81,58.3,46,6,290,,,,,,
12/28/2017 12:00,1002.6,86.4,57.6,37,4,320,,,,,,
12/28/2017 15:00,1002.37,83.1,63.1,51,2,180,,,,,,
12/29/2017 9:00,1007.29,80.6,61.2,51,5,20,,,,,,
12/29/2017 12:00,1004.16,85.1,63.3,48,2,90,,,,,,
12/29/2017 15:00,1003.49,83.3,63.1,50,4,180,,,,,,
12/30/2017 6:00,,72.3,65.8,80,4,270,,,,,,
12/30/2017 9:00,1007.4,77.7,65.8,66,2,230,,,,,,
12/30/2017 12:00,1005.05,69.8,66,87,0,0,,,,,,
12/30/2017 15:00,1003.94,75.2,65.5,71,2,160,,,,,,
1/1/2018 6:00,1008.3,67.1,64.8,92,2,290,,,,,,
1/1/2018 12:00,1004.16,77.9,63.1,60,0,0,,,,,,
1/2/2018 6:00,1007.4,67.1,67.1,100,0,0,,,,,,
1/2/2018 9:00,1006.84,73.4,62.6,69,2,320,,,,,,
1/2/2018 12:00,1003.94,78.8,65.3,63,5,270,,,,,,
1/2/2018 15:00,1002.6,75.6,65.7,71,0,0,,,,,,
1/3/2018 6:00,1007.63,66.2,64.9,95,4,320,,,,,,
1/3/2018 9:00,1006.84,75.2,57.9,55,2,90,,,,,,
1/3/2018 12:00,1003.27,79.7,58.1,47,7,290,,,,,,
1/5/2018 9:00,1006.51,76.1,59.9,57,4,90,,,,,,
1/5/2018 12:00,1003.6,81.5,58.6,45,5,360,,,,,,
1/6/2018 15:00,1003.38,80.6,53.6,39,0,0,,,,,,
1/8/2018 6:00,1008.63,68,57.2,68,4,320,,,,,,
1/8/2018 9:00,1007.29,77.9,56.3,47,8,360,,,,,,
1/9/2018 6:00,1008.85,68,55,63,2,360,,,,,,
1/9/2018 9:00,1008.18,77.9,52.3,41,3,340,,,,,,
1/9/2018 12:00,1004.5,86,52.3,31,4,340,,,,,,
1/9/2018 15:00,1003.71,86,56.3,36,2,360,,,,,,
1/10/2018 6:00,1008.74,68.4,66.6,93,2,290,,,,,,
1/10/2018 9:00,1007.63,77.7,55,45,4,270,,,,,,
1/10/2018 12:00,1004.05,84.9,52.9,33,3,320,,,,,,
1/10/2018 15:00,1003.04,84.2,56.7,39,2,290,,,,,,
1/11/2018 6:00,1007.29,71.2,60.4,68,0,0,,,,,,
1/11/2018 9:00,1006.51,78.8,57.2,47,4,270,,,,,,
1/11/2018 12:00,1003.71,82.4,60.8,48,6,180,,,,,,
1/11/2018 15:00,1003.6,79.2,65.1,62,4,180,,,,,,
1/12/2018 6:00,1008.07,71.2,66.4,84,0,0,,,,,,
1/12/2018 9:00,1006.95,77,64,64,3,160,,,,,,
1/12/2018 12:00,1005.95,76.1,65.8,70,15,20,,,,,,
1/12/2018 15:00,1004.05,65.1,64,96,0,0,,,,,,
1/13/2018 9:00,1006.62,79.5,66.4,64,2,90,,,,,,
1/13/2018 12:00,1004.61,74.3,67.1,78,4,160,,,,,,
1/13/2018 15:00,1003.6,75.2,65.8,72,2,180,,,,,,
1/14/2018 6:00,1007.85,70.7,66.7,87,4,180,,,,,,
1/14/2018 12:00,1004.16,79.9,66,62,7,180,,,,,,
1/14/2018 15:00,1003.49,73.4,61.3,66,2,160,,,,,,
1/15/2018 6:00,1007.85,69.8,64.4,83,0,0,,,,,,
1/15/2018 9:00,1007.63,78.4,62.8,58,2,340,,,,,,
1/15/2018 12:00,1004.61,83.1,62.1,49,4,340,,,,,,
1/15/2018 15:00,1003.94,77.9,67.1,69,2,270,,,,,,
1/16/2018 6:00,1008.63,70.9,67.6,89,2,290,,,,,,
1/16/2018 9:00,1007.4,78.8,62.6,57,4,290,,,,,,
1/16/2018 12:00,,84.2,59.4,43,2,320,,,,,,
1/16/2018 15:00,1003.27,77.4,68.7,74,5,180,,,,,,
1/17/2018 6:00,1006.95,68,56.1,65,2,320,,,,,,
1/17/2018 9:00,1006.06,79.7,58.1,47,2,50,,,,,,
1/17/2018 12:00,1002.93,86,56.3,36,2,90,,,,,,
1/17/2018 15:00,1001.59,84.9,56.1,37,4,90,,,,,,
1/18/2018 6:00,1007.18,71.6,67.8,87,3,290,,,,,,
1/18/2018 9:00,1006.4,80.6,60.4,50,2,250,,,,,,
1/18/2018 12:00,1003.27,81.5,58.6,45,4,270,,,,,,
1/18/2018 15:00,1002.6,78.1,67.1,69,3,180,,,,,,
1/19/2018 6:00,1006.73,68.4,67.8,98,2,290,,,,,,
1/19/2018 9:00,1005.73,79.7,58.5,48,2,290,,,,,,
1/19/2018 12:00,1002.48,84.9,55.6,36,4,340,,,,,,
1/19/2018 15:00,1001.81,84.2,55.9,38,2,70,,,,,,
1/20/2018 12:00,1004.83,79.7,62.2,55,8,320,,,,,,
1/20/2018 15:00,1003.94,81.3,54.3,39,6,320,,,,,,
1/21/2018 15:00,1003.83,77.4,63.3,62,3,180,,,,,,
1/22/2018 6:00,1006.73,69.8,65.8,87,2,290,,,,,,
1/22/2018 9:00,1005.73,81.5,63,53,2,250,,,,,,
1/22/2018 12:00,1002.37,82.4,65.1,56,5,90,,,,,,
1/23/2018 12:00,1002.93,77.9,65.8,66,8,120,,,,,,
1/23/2018 15:00,1002.15,78.4,65.5,64,4,290,,,,,,
1/24/2018 6:00,1006.84,68.9,66.4,91,3,290,,,,,,
1/24/2018 9:00,1005.95,77.2,62.1,59,5,270,,,,,,
1/25/2018 6:00,1007.4,64.8,63.1,94,2,270,,,,,,
1/25/2018 9:00,1007.85,70.7,64.4,80,3,270,,,,,,
1/25/2018 12:00,1005.61,72,66.9,84,5,180,,,,,,
1/25/2018 15:00,1004.38,68.5,66.4,92,3,220,,,,,,
1/26/2018 6:00,1008.74,65.3,62.6,90,0,0,,,,,,
1/26/2018 9:00,1007.85,71.6,64.9,79,0,0,,,,,,
1/26/2018 12:00,1004.72,73.8,63.9,71,2,270,,,,,,
1/26/2018 15:00,1003.04,74.3,66.2,75,2,90,,,,,,
1/27/2018 6:00,1007.18,67.1,65.8,95,2,270,,,,,,
1/27/2018 9:00,1006.84,76.1,62.6,63,3,270,,,,,,
1/27/2018 12:00,1003.6,82.4,62.4,50,2,90,,,,,,
1/27/2018 15:00,1002.04,78.8,63.1,58,8,160,,,,,,
1/28/2018 6:00,1007.07,69.4,67.3,92,0,0,,,,,,
1/28/2018 9:00,1006.28,78.1,66.7,68,5,180,,,,,,
1/28/2018 12:00,1003.27,79.7,63.5,57,2,110,,,,,,
1/28/2018 15:00,1002.37,77.7,66.9,69,2,90,,,,,,
1/29/2018 6:00,1007.07,69.8,66.4,88,2,340,,,,,,
1/29/2018 9:00,1006.4,80.2,64,57,0,0,,,,,,
1/29/2018 12:00,1003.16,83.3,63.3,51,3,90,,,,,,
1/29/2018 15:00,1002.37,77.4,67.5,71,3,160,,,,,,
1/30/2018 9:00,1006.17,82,57,42,6,290,,,,,,
1/31/2018 12:00,1003.27,86.7,57,36,4,90,,,,,,
1/31/2018 15:00,1002.93,81.3,61.9,51,2,110,,,,,,
2/1/2018 6:00,1006.84,69.8,60.4,72,3,290,,,,,,
2/1/2018 9:00,1005.39,80.6,62.6,54,3,320,,,,,,
2/2/2018 6:00,1005.61,70.2,65.8,86,2,270,,,,,,
2/2/2018 9:00,1005.17,82,62.1,50,2,180,,,,,,
2/2/2018 12:00,1002.82,82.4,62.8,51,8,160,,,,,,
2/2/2018 15:00,1002.15,79.7,68.4,68,4,160,,,,,,
2/3/2018 6:00,1006.73,70.7,67.3,88,2,140,,,,,,
2/3/2018 9:00,1006.06,82.4,64.9,55,2,70,,,,,,
2/3/2018 12:00,1003.04,86.9,59.9,40,2,90,,,,,,
2/3/2018 15:00,1002.37,84.9,63.7,49,3,180,,,,,,
2/4/2018 6:00,1006.06,70.7,63,76,2,70,,,,,,
2/4/2018 9:00,1005.39,82.8,59.4,45,2,250,,,,,,
2/4/2018 12:00,1002.48,86.9,59.7,40,2,180,,,,,,
2/4/2018 15:00,1002.26,83.1,60.4,46,2,160,,,,,,
2/5/2018 6:00,1005.39,72.5,63.7,73,0,0,,,,,,
2/5/2018 9:00,1004.61,84.2,58.6,42,2,250,,,,,,
2/6/2018 6:00,,72,64.8,78,2,250,,,,,,
2/6/2018 9:00,1005.05,84.2,61,45,4,270,,,,,,
2/6/2018 12:00,1002.15,84.2,59.9,44,3,160,,,,,,
2/6/2018 15:00,1001.48,79.5,62.2,55,3,180,,,,,,
2/7/2018 6:00,1005.17,73.4,70.7,91,2,270,,,,,,
2/7/2018 9:00,1004.94,83.3,65.8,55,2,200,,,,,,
2/7/2018 12:00,1002.26,79.7,67.1,65,5,180,,,,,,
2/7/2018 15:00,1001.7,77,66.2,69,4,180,,,,,,
2/8/2018 6:00,1005.61,72.5,71.2,95,0,0,,,,,,
2/8/2018 9:00,1004.94,82.4,67.6,61,8,180,,,,,,
2/8/2018 12:00,1001.93,84,64,51,6,180,,,,,,
2/8/2018 15:00,1001.59,82.4,63.5,52,2,160,,,,,,
2/9/2018 6:00,1006.17,68.9,67.6,95,0,0,,,,,,
2/9/2018 9:00,1005.95,71.6,64.9,79,3,270,,,,,,
2/9/2018 12:00,1002.48,77.9,61.7,57,3,270,,,,,,
2/9/2018 15:00,1001.37,77,63.5,63,0,0,,,,,,
2/10/2018 15:00,1000.58,81.3,65.5,58,3,160,,,,,,
2/11/2018 6:00,1006.95,70.7,64,79,0,0,,,,,,
2/11/2018 9:00,1005.95,83.3,59,43,2,320,,,,,,
2/11/2018 12:00,1003.04,86,59,40,4,230,,,,,,
2/11/2018 15:00,1002.71,78.8,65.3,63,6,180,,,,,,
2/12/2018 6:00,1008.07,70.5,68.2,92,2,290,,,,,,
2/12/2018 9:00,1007.4,81.5,65.1,57,2,290,,,,,,
2/12/2018 12:00,1005.05,79.7,67.6,66,4,160,,,,,,
2/12/2018 15:00,1004.72,77.9,63.1,60,3,230,,,,,,
2/13/2018 6:00,1008.52,71.6,66.2,83,3,250,,,,,,
2/13/2018 9:00,1008.07,81.3,62.8,53,4,70,,,,,,
2/13/2018 12:00,1005.5,85.3,65.3,51,5,180,,,,,,
2/13/2018 15:00,1003.94,81.3,64,55,4,160,,,,,,
2/14/2018 6:00,1007.63,73.4,68,83,2,250,,,,,,
2/14/2018 9:00,1007.29,83.3,65.8,55,3,70,,,,,,
2/14/2018 12:00,1004.61,84.2,60.3,44,2,180,,,,,,
2/14/2018 15:00,1003.94,78.8,68.9,71,6,180,,,,,,
2/15/2018 6:00,1007.07,72.5,68.5,87,2,250,,,,,,
2/15/2018 9:00,1006.73,85.1,58.1,40,4,160,,,,,,
2/15/2018 12:00,1003.6,87.8,62.2,42,3,290,,,,,,
2/15/2018 15:00,1003.16,82,63.7,53,6,160,,,,,,
2/16/2018 9:00,1007.07,84.9,60.1,43,4,160,,,,,,
2/16/2018 15:00,1003.04,83.1,61.5,48,4,160,,,,,,
2/17/2018 6:00,1007.07,75.2,67.1,75,2,180,,,,,,
2/17/2018 12:00,1002.71,88.7,64.4,44,7,180,,,,,,
2/17/2018 15:00,,84.2,61.3,46,2,160,,,,,,
2/18/2018 15:00,,77.7,66.9,69,0,0,,,,,,
2/19/2018 9:00,1006.62,74.3,64.9,72,2,200,,,,,,
2/20/2018 15:00,1001.7,79.5,63.7,58,4,180,,,,,,
2/21/2018 6:00,1006.62,67.1,65.8,95,0,0,,,,,,
2/21/2018 9:00,1007.29,69.1,65.3,87,2,180,,,,,,
2/21/2018 12:00,1003.27,76.1,65.3,69,2,290,,,,,,
2/22/2018 15:00,999.47,80.2,66,62,2,180,,,,,,
2/23/2018 6:00,1004.61,69.1,66.9,92,3,250,,,,,,
2/23/2018 9:00,1004.16,79.5,64.9,61,4,270,,,,,,
2/23/2018 12:00,1001.14,82.8,64.4,54,2,160,,,,,,
2/23/2018 15:00,1000.25,81.5,64,55,2,180,,,,,,
2/24/2018 9:00,1006.28,78.1,66.2,66,2,270,,,,,,
2/25/2018 15:00,1002.82,81,65.3,59,4,160,,,,,,
2/26/2018 6:00,1008.52,67.3,66.7,98,0,0,,,,,,
2/26/2018 9:00,1007.96,69.4,66,88,4,270,,,,,,
2/26/2018 12:00,1004.05,80.2,64,57,4,320,,,,,,
2/28/2018 6:00,1006.95,68.9,67.6,95,0,0,,,,,,
2/28/2018 15:00,1002.93,78.8,65.3,63,4,320,,,,,,
3/1/2018 6:00,1007.07,69.4,64,82,2,270,,,,,,
3/1/2018 9:00,1007.4,77.7,64.6,64,2,250,,,,,,
3/1/2018 12:00,1003.27,82.4,66.2,58,4,270,,,,,,
3/1/2018 15:00,1005.5,65.8,65.8,100,2,160,,,,,,
3/2/2018 9:00,,69.8,65.3,85,6,290,,,,,,
3/2/2018 12:00,1006.06,68.9,63.9,84,7,320,,,,,,
3/3/2018 6:00,1007.29,66.6,63.9,91,0,0,,,,,,
3/3/2018 9:00,,74.3,64.4,71,2,200,,,,,,
3/3/2018 12:00,1003.83,79.2,64,59,3,180,,,,,,
3/3/2018 15:00,1003.49,66.2,65.7,98,4,180,,,,,,
3/4/2018 6:00,1007.4,67.1,67.1,100,0,0,,,,,,
3/4/2018 9:00,1008.74,63.5,63.5,100,0,0,,,,,,
3/4/2018 12:00,1005.39,66.2,66.2,100,0,0,,,,,,
3/4/2018 15:00,1004.16,68,66.4,94,0,0,,,,,,
3/7/2018 6:00,1009.3,68,64,87,0,0,,,,,,
3/7/2018 9:00,1009.08,77,64.9,66,3,160,,,,,,
3/7/2018 12:00,1006.06,80.6,64.9,59,2,180,,,,,,
3/7/2018 15:00,1004.38,79.7,65.5,61,6,250,,,,,,
3/8/2018 6:00,1008.85,70.7,66.7,87,2,110,,,,,,
3/9/2018 9:00,,80.6,67.6,64,4,90,,,,,,
3/9/2018 12:00,1003.27,78.8,68,69,6,160,,,,,,
3/9/2018 15:00,1002.04,79.7,66,63,2,160,,,,,,
3/10/2018 12:00,1004.27,77,63.5,63,4,160,,,,,,
3/10/2018 15:00,1002.71,74.7,62.1,64,5,160,,,,,,
3/11/2018 6:00,1008.41,65.8,63.7,92,0,0,,,,,,
3/11/2018 9:00,1008.3,73.4,63.1,70,2,270,,,,,,
3/11/2018 15:00,1003.49,80.6,63.9,56,2,270,,,,,,
3/12/2018 15:00,1005.17,77.7,64.2,63,0,0,,,,,,
3/13/2018 6:00,1008.85,68.9,67.6,95,0,0,,,,,,
3/13/2018 9:00,1008.97,73.4,66.9,80,3,320,,,,,,
3/13/2018 12:00,1006.4,76.6,66.4,70,8,180,,,,,,
3/13/2018 15:00,1005.5,73.4,65.3,75,2,180,,,,,,
3/14/2018 6:00,1007.63,70.7,69.4,95,0,0,,,,,,
3/14/2018 9:00,1007.07,79.2,65.7,63,3,160,,,,,,
3/14/2018 15:00,1002.37,74.1,67.1,78,2,180,,,,,,
3/15/2018 9:00,1008.97,66.2,66.2,100,4,70,,,,,,
3/15/2018 15:00,1005.05,67.6,66,94,0,0,,,,,,
3/16/2018 6:00,,68.9,64.9,87,0,0,,,,,,
3/16/2018 12:00,1005.17,77,67.6,72,3,160,,,,,,
3/16/2018 15:00,1003.49,75.6,65.7,71,2,180,,,,,,
3/17/2018 9:00,1006.51,77.9,65.8,66,3,160,,,,,,
3/18/2018 15:00,1002.04,68.4,67.3,96,0,0,,,,,,
3/19/2018 9:00,1008.74,69.8,65.8,87,0,0,,,,,,
3/19/2018 15:00,1003.49,73.4,65.3,75,4,270,,,,,,
3/20/2018 12:00,1004.5,79.7,66.2,63,3,140,,,,,,
3/21/2018 6:00,1009.41,66.2,66.2,100,0,0,,,,,,
3/22/2018 9:00,1008.97,79.5,65.5,62,2,180,,,,,,
3/22/2018 12:00,1006.51,79.7,64.9,60,2,140,,,,,,
3/22/2018 15:00,1004.38,77,65.8,68,0,0,,,,,,
3/23/2018 12:00,1003.83,82.4,66.2,58,5,180,,,,,,
3/24/2018 15:00,1002.6,79.5,66.6,64,0,0,,,,,,
3/25/2018 6:00,1008.07,66.9,64.6,92,0,0,,,,,,
3/25/2018 9:00,1007.51,78.4,64.4,62,3,270,,,,,,
3/25/2018 15:00,1004.61,77.7,63.7,62,0,0,,,,,,
3/26/2018 6:00,1008.74,68.9,67.6,95,2,110,,,,,,
3/26/2018 12:00,1004.94,79.7,63.5,57,5,160,,,,,,
3/26/2018 15:00,1004.61,78.8,62.1,56,3,160,,,,,,
3/28/2018 6:00,1006.28,66.2,66.2,100,4,230,,,,,,
3/28/2018 9:00,1006.4,76.3,64.9,68,0,0,,,,,,
3/28/2018 12:00,1003.94,79.5,63.7,58,0,0,,,,,,
3/28/2018 15:00,1002.82,77.9,64.4,63,2,180,,,,,,
3/29/2018 15:00,1004.72,68.7,63.3,82,0,0,,,,,,
3/30/2018 6:00,1008.97,70.2,66.9,89,0,0,,,,,,
3/30/2018 9:00,1008.74,78.8,68.5,70,2,90,,,,,,
3/30/2018 12:00,1006.73,73.4,68,83,0,0,,,,,,
3/31/2018 9:00,1006.73,80.6,63.1,55,2,180,,,,,,
3/31/2018 12:00,1003.94,73.8,67.8,81,2,180,,,,,,
3/31/2018 15:00,1002.48,79.5,66.4,64,2,230,,,,,,
4/1/2018 6:00,1005.28,72,68.2,87,0,0,,,,,,
4/2/2018 12:00,1001.81,73.8,69.3,85,0,0,,,,,,
4/2/2018 15:00,1000.7,75.2,69.3,81,4,180,,,,,,
4/3/2018 15:00,1001.93,66.2,66.2,100,0,0,,,,,,
4/4/2018 6:00,1008.3,65.5,,,0,0,,,,,,
4/4/2018 9:00,1007.74,67.1,65.8,95,3,270,,,,,,
4/4/2018 12:00,1004.94,73.4,66.7,79,0,0,,,,,,
4/4/2018 15:00,1002.37,75.2,67.1,75,2,180,,,,,,
4/5/2018 6:00,1006.51,67.1,64.8,92,0,0,,,,,,
4/5/2018 9:00,1006.28,75.6,64.8,69,4,180,,,,,,
4/5/2018 12:00,1003.38,74.8,66.2,74,3,160,,,,,,
4/5/2018 15:00,1002.04,73.8,66.6,78,0,0,,,,,,
4/8/2018 15:00,1003.94,75.2,63.9,67,0,0,,,,,,
4/9/2018 15:00,1003.83,76.1,66.7,72,0,0,,,,,,
4/10/2018 9:00,1006.62,78.4,66.9,67,4,290,,,,,,
4/11/2018 15:00,1002.71,71.6,68.4,89,0,0,,,,,,
4/12/2018 15:00,1003.6,77,63.5,63,0,0,,,,,,
4/13/2018 6:00,1008.18,69.8,68.2,94,2,270,,,,,,
4/13/2018 9:00,1008.3,74.1,67.6,80,4,160,,,,,,
4/13/2018 12:00,1004.5,77.9,65.8,66,2,180,,,,,,
4/13/2018 15:00,1004.05,76.1,65.3,69,4,160,,,,,,
4/14/2018 6:00,1010.2,62.6,,,0,0,,,,,,
4/14/2018 9:00,1011.09,68,64.2,87,2,290,,,,,,
4/14/2018 12:00,1008.85,69.8,64.9,84,3,270,,,,,,
4/14/2018 15:00,1007.96,65.5,65.5,100,0,0,,,,,,
4/17/2018 12:00,1008.97,73.4,66.7,79,2,180,,,,,,
4/17/2018 15:00,1007.51,73.4,65.8,77,3,180,,,,,,
4/18/2018 6:00,1010.64,69.8,67.6,92,0,0,,,,,,
4/18/2018 9:00,1010.75,76.1,68,76,0,0,,,,,,
4/19/2018 6:00,1009.52,72.5,68.5,87,0,0,,,,,,
4/19/2018 9:00,1009.3,79.5,66.4,64,2,270,,,,,,
4/19/2018 12:00,1006.06,73.4,68,83,4,140,,,,,,
4/20/2018 15:00,1004.16,72.5,68.5,87,0,0,,,,,,
4/21/2018 12:00,1005.05,78.1,67.1,69,2,180,,,,,,
4/21/2018 15:00,1004.38,75.9,67.3,74,3,140,,,,,,
4/22/2018 15:00,1005.84,69.8,69.8,100,0,0,,,,,,
4/23/2018 6:00,1008.63,68.9,67.6,95,2,270,,,,,,
4/23/2018 9:00,1008.63,77.4,68.7,74,3,270,,,,,,
4/23/2018 12:00,1004.94,75.2,69.3,81,3,160,,,,,,
4/24/2018 6:00,1008.41,70.7,70.2,98,0,0,,,,,,
4/25/2018 6:00,1009.97,66.2,66.2,100,0,0,,,,,,
4/25/2018 9:00,1008.41,75.2,65.8,72,2,160,,,,,,
4/25/2018 12:00,1005.17,79.2,64.6,61,4,180,,,,,,
4/25/2018 15:00,1004.61,77,66.2,69,4,160,,,,,,
4/26/2018 15:00,1003.83,75.2,67.1,75,2,180,,,,,,
4/27/2018 6:00,1009.08,68,67.5,98,0,0,,,,,,
4/27/2018 9:00,1009.41,73.4,68,83,4,180,,,,,,
4/27/2018 12:00,1005.73,77.4,67.5,71,5,160,,,,,,
4/27/2018 15:00,1005.5,75.2,65.8,72,4,160,,,,,,
4/28/2018 15:00,1005.39,75.2,67.1,75,2,200,,,,,,
4/29/2018 6:00,1009.3,66.2,66.2,100,2,160,,,,,,
4/29/2018 9:00,1009.86,72.7,66.7,81,0,0,,,,,,
4/29/2018 15:00,1005.84,76.1,65.3,69,0,0,,,,,,
4/30/2018 15:00,1004.38,77,64.9,66,0,0,,,,,,
5/1/2018 6:00,1010.42,65.3,65.3,100,0,0,,,,,,
5/1/2018 9:00,1010.64,69.8,66,87,4,250,,,,,,
5/1/2018 12:00,1007.74,74.3,68.9,83,5,270,,,,,,
5/2/2018 15:00,1005.84,75.2,67.1,75,3,250,,,,,,
5/3/2018 6:00,1007.4,72.5,65.8,79,0,0,,,,,,
5/5/2018 6:00,1007.63,73,68.2,84,0,0,,,,,,
5/5/2018 9:00,1007.96,68,68,100,4,180,,,,,,
5/5/2018 12:00,1005.5,74.1,68.7,83,4,180,,,,,,
5/5/2018 15:00,1004.94,72.5,68.5,87,3,160,,,,,,
5/7/2018 15:00,1005.61,77.4,67.5,71,2,180,,,,,,
5/8/2018 6:00,1008.52,70.2,68.5,94,4,160,,,,,,
5/8/2018 12:00,1005.5,73.4,68,83,0,0,,,,,,
5/9/2018 15:00,1003.83,77,67.3,72,4,230,,,,,,
5/10/2018 6:00,1007.96,70.7,67.3,88,0,0,,,,,,
5/10/2018 9:00,1008.3,77.7,68,72,7,250,,,,,,
5/10/2018 15:00,1005.28,77,68.4,74,0,0,,,,,,
5/11/2018 12:00,1006.62,65.8,65.8,100,0,0,,,,,,
5/11/2018 15:00,1004.83,68,66.7,95,0,0,,,,,,
5/12/2018 15:00,1004.27,77.7,67.3,70,0,0,,,,,,
5/13/2018 15:00,1004.16,75.9,69.4,80,0,0,,,,,,
5/14/2018 9:00,1007.29,78.8,68,69,5,160,,,,,,
5/14/2018 15:00,1002.37,80.2,64.6,58,0,0,,,,,,
5/15/2018 12:00,1005.39,76.1,66.7,72,4,270,,,,,,
5/15/2018 15:00,1004.83,76.1,65.3,69,0,0,,,,,,
5/16/2018 6:00,1009.86,67.1,64.8,92,0,0,,,,,,
5/16/2018 9:00,1009.52,72.5,63.1,72,7,140,,,,,,
5/19/2018 9:00,1008.52,66.2,65.7,98,0,0,,,,,,
5/20/2018 9:00,1007.51,72.3,66.9,83,4,270,,,,,,
5/21/2018 15:00,1005.17,73.4,66.7,79,4,180,,,,,,
5/22/2018 9:00,1010.42,69.8,65.8,87,3,180,,,,,,
5/22/2018 15:00,1007.07,71.6,63.5,75,0,0,,,,,,
5/23/2018 6:00,1009.97,67.1,67.1,100,0,0,,,,,,
5/23/2018 15:00,1006.73,71.6,66.2,83,2,180,,,,,,
5/24/2018 15:00,1005.5,76.1,64,66,2,110,,,,,,
5/25/2018 15:00,1004.72,76.1,67.3,74,0,0,,,,,,
5/26/2018 6:00,1008.63,69.8,67.6,92,0,0,,,,,,
5/26/2018 9:00,1008.07,74.3,66.7,77,0,0,,,,,,
5/26/2018 12:00,1005.95,72,68.7,89,0,0,,,,,,
5/26/2018 15:00,1005.28,75.2,67.1,75,2,160,,,,,,
5/27/2018 6:00,1009.19,69.8,67.1,91,2,180,,,,,,
5/27/2018 9:00,1009.41,75.2,67.1,75,4,90,,,,,,
5/27/2018 12:00,1006.51,77,66.2,69,0,0,,,,,,
5/27/2018 15:00,1006.28,73.8,66.6,78,2,180,,,,,,
5/28/2018 6:00,1010.53,68,66.7,95,0,0,,,,,,
5/28/2018 9:00,1009.75,76.1,66.7,72,3,160,,,,,,
5/28/2018 12:00,,78.8,63.7,59,2,160,,,,,,
5/28/2018 15:00,1006.4,76.1,62.6,63,0,0,,,,,,
5/29/2018 15:00,1006.06,77,63.5,63,4,160,,,,,,
5/30/2018 12:00,1007.29,79.2,63.9,59,4,270,,,,,,
5/31/2018 6:00,1009.19,73,67.6,83,0,0,,,,,,
5/31/2018 9:00,1009.3,77,67.6,72,0,0,,,,,,
5/31/2018 15:00,1006.73,77,66.2,69,3,160,,,,,,
6/1/2018 15:00,1006.17,77.9,65.8,66,2,160,,,,,,
6/2/2018 6:00,1009.64,69.8,67.1,91,2,90,,,,,,
6/2/2018 9:00,1009.97,77,66.2,69,3,180,,,,,,
6/2/2018 12:00,1007.63,76.1,69.4,79,5,230,,,,,,
6/3/2018 6:00,1009.41,68.4,68.4,100,0,0,,,,,,
6/3/2018 9:00,1008.63,77,67.3,72,0,0,,,,,,
6/3/2018 12:00,1006.73,77,66.2,69,2,230,,,,,,
6/3/2018 15:00,1005.84,77,66.7,70,4,180,,,,,,
6/5/2018 6:00,1009.41,66.9,65.8,96,0,0,,,,,,
6/5/2018 9:00,1009.41,70.7,66.2,85,0,0,,,,,,
6/6/2018 15:00,1007.74,72.7,65.7,78,0,0,,,,,,
6/7/2018 6:00,1010.42,67.6,66.9,97,0,0,,,,,,
6/7/2018 9:00,1010.2,75.2,66.6,74,0,0,,,,,,
6/8/2018 15:00,1008.18,74.3,64.9,72,2,180,,,,,,
6/9/2018 15:00,1007.74,77.4,62.1,59,3,160,,,,,,
6/10/2018 15:00,1007.63,77,64.9,66,2,180,,,,,,
6/11/2018 6:00,1010.64,73.8,67.8,81,3,50,,,,,,
6/11/2018 9:00,1010.75,78.8,65.8,64,2,160,,,,,,
6/11/2018 12:00,1008.63,81.5,64,55,4,160,,,,,,
6/11/2018 15:00,1008.41,77.9,66.4,67,2,180,,,,,,
6/12/2018 15:00,1008.41,76.3,63.9,65,0,0,,,,,,
6/13/2018 12:00,1008.97,77.9,63.7,61,2,250,,,,,,
6/13/2018 15:00,1008.52,75.9,64,66,0,0,,,,,,
6/14/2018 6:00,1011.42,66.2,66.2,100,0,0,,,,,,
6/14/2018 9:00,1010.87,74.5,67.5,78,2,240,,,,,,
6/14/2018 12:00,1008.41,77,66.2,69,7,180,,,,,,
6/15/2018 15:00,1006.95,75.2,64.4,69,2,180,,,,,,
6/16/2018 12:00,1007.63,80.6,67.1,63,4,270,,,,,,
6/16/2018 15:00,1007.29,77,66.2,69,4,160,,,,,,
6/17/2018 15:00,1006.06,77,68,73,3,110,,,,,,
6/18/2018 15:00,1005.17,75.2,65.5,71,4,180,,,,,,
6/19/2018 6:00,1010.2,66.2,66.2,100,0,0,,,,,,
6/19/2018 9:00,1009.64,73.8,65.1,74,0,0,,,,,,
6/19/2018 12:00,1007.4,76.1,64.6,67,3,180,,,,,,
6/19/2018 15:00,1007.07,73.4,66.4,78,0,0,,,,,,
6/20/2018 12:00,1009.19,73,65.5,77,2,230,,,,,,
6/20/2018 15:00,1008.41,71.6,66.2,83,0,0,,,,,,
6/21/2018 6:00,1011.42,68.7,66,91,0,0,,,,,,
6/21/2018 9:00,1011.09,75.2,66,73,0,0,,,,,,
6/22/2018 6:00,1011.42,66.2,64.9,95,0,0,,,,,,
6/22/2018 9:00,,69.8,65.8,87,2,180,,,,,,
6/22/2018 12:00,1008.85,73.4,66.9,80,5,180,,,,,,
6/25/2018 6:00,1008.97,66.2,64.9,95,0,0,,,,,,
6/25/2018 9:00,1008.41,77.9,62.1,58,2,180,,,,,,
6/25/2018 12:00,1005.84,77.9,65.3,65,4,180,,,,,,
6/25/2018 15:00,1005.61,74.3,64.9,72,0,0,,,,,,
6/26/2018 12:00,1007.74,66.9,66.9,100,4,160,,,,,,
6/26/2018 15:00,1006.17,68.7,66.4,92,2,180,,,,,,
6/27/2018 9:00,1009.52,71.6,66.2,83,4,270,,,,,,
6/28/2018 15:00,1005.84,75.9,65.5,70,4,160,,,,,,
6/29/2018 6:00,1007.63,67.6,66,94,0,0,,,,,,
6/29/2018 9:00,1006.95,77,64.6,65,2,90,,,,,,
7/1/2018 15:00,1005.39,73.4,65.3,75,4,180,,,,,,
7/2/2018 15:00,1005.61,69.8,67.1,91,0,0,,,,,,
7/3/2018 9:00,1008.18,77.2,64,64,3,140,,,,,,
7/4/2018 15:00,1006.62,75.2,65.8,72,4,180,,,,,,
7/5/2018 6:00,1010.75,69.4,67.3,92,0,0,,,,,,
7/5/2018 9:00,1010.87,72.5,63.1,72,7,160,,,,,,
7/5/2018 12:00,1009.19,76.6,63.7,64,2,90,,,,,,
7/5/2018 15:00,1008.74,73.4,62.6,69,6,140,,,,,,
7/6/2018 9:00,1011.42,76.6,62.4,61,5,160,,,,,,
7/6/2018 15:00,1009.64,74.3,63.5,69,4,180,,,,,,
7/7/2018 6:00,1010.53,70.7,64,79,2,20,,,,,,
7/7/2018 12:00,1009.41,77.4,59.5,54,6,160,,,,,,
7/7/2018 15:00,1008.85,74.3,62.2,66,0,0,,,,,,
7/8/2018 15:00,1008.41,73.8,64,71,4,140,,,,,,
7/9/2018 6:00,1011.31,66,63.7,92,0,0,,,,,,
7/9/2018 9:00,1010.75,74.3,64.4,71,2,70,,,,,,
7/9/2018 12:00,1008.97,76.1,58.6,54,4,180,,,,,,
7/9/2018 15:00,1008.18,75.2,59,57,4,180,,,,,,
7/10/2018 6:00,1010.75,68.4,64.6,87,0,0,,,,,,
7/10/2018 15:00,1008.18,75.2,64.4,69,4,180,,,,,,
7/11/2018 9:00,1011.65,68,66.7,95,0,0,,,,,,
7/11/2018 12:00,1009.3,73.4,66.7,79,8,90,,,,,,
7/11/2018 15:00,1008.63,72.5,64.4,75,0,0,,,,,,
7/12/2018 15:00,1008.3,75.2,65.8,72,4,180,,,,,,
7/13/2018 6:00,1010.08,69.3,63.9,82,0,0,,,,,,
7/13/2018 9:00,1010.53,77,63.5,63,3,120,,,,,,
7/13/2018 12:00,1008.41,76.6,64.2,65,6,180,,,,,,
7/13/2018 15:00,1007.18,75.2,63.9,67,2,160,,,,,,
7/14/2018 12:00,1008.18,75.2,64.9,70,2,180,,,,,,
7/14/2018 15:00,1007.4,72.3,65.8,80,3,110,,,,,,
7/15/2018 15:00,1006.73,68.9,66.2,91,3,180,,,,,,
7/16/2018 6:00,1010.98,70.2,65.3,84,0,0,,,,,,
7/16/2018 9:00,1011.09,73,64.9,75,4,160,,,,,,
7/16/2018 12:00,1009.52,76.1,62.6,63,8,160,,,,,,
7/17/2018 9:00,1011.09,77.7,57.7,50,6,90,,,,,,
7/17/2018 12:00,1009.64,78.4,59,51,7,110,,,,,,
7/17/2018 15:00,1008.74,76.3,57.9,53,4,180,,,,,,
7/18/2018 6:00,1009.75,71.4,63.3,75,0,0,,,,,,
7/19/2018 12:00,1007.85,78.1,58.1,50,4,160,,,,,,
7/20/2018 12:00,1008.07,72.7,59.9,64,2,160,,,,,,
7/20/2018 15:00,1007.18,76.1,61.3,60,3,160,,,,,,
7/21/2018 15:00,1007.4,76.6,65.1,67,6,180,,,,,,
7/22/2018 9:00,1010.53,77,66.2,69,3,110,,,,,,
7/22/2018 12:00,1008.41,79.2,64.6,61,3,110,,,,,,
7/23/2018 6:00,1009.86,72.7,63,71,6,180,,,,,,
7/25/2018 6:00,1009.64,71.6,64.6,78,0,0,,,,,,
7/25/2018 9:00,1009.3,77.7,64.2,63,7,160,,,,,,
7/25/2018 12:00,1007.85,77,60.8,57,2,160,,,,,,
7/25/2018 15:00,1007.07,75.9,59.7,57,2,270,,,,,,
7/26/2018 15:00,1007.07,76.1,62.6,63,2,180,,,,,,
7/27/2018 15:00,1007.85,76.6,62.4,61,4,180,,,,,,
7/28/2018 6:00,1010.98,73.4,64,72,2,160,,,,,,
7/28/2018 9:00,1011.2,78.8,62.6,57,4,180,,,,,,
7/28/2018 12:00,1008.63,80.2,63.3,56,4,160,,,,,,
7/28/2018 15:00,1007.63,74.3,64.9,72,4,140,,,,,,
7/29/2018 15:00,1006.17,75.9,64.6,67,4,160,,,,,,
7/30/2018 15:00,1006.95,66.9,65.8,96,0,0,,,,,,
7/31/2018 15:00,1004.27,77.7,68,72,6,180,,,,,,
8/1/2018 15:00,1006.51,72.7,65.7,78,0,0,,,,,,
8/2/2018 12:00,,80.6,64.4,57,4,140,,,,,,
8/2/2018 15:00,1005.95,78.8,65.3,63,4,160,,,,,,
8/3/2018 6:00,1010.98,65.1,65.1,100,0,0,,,,,,
8/3/2018 9:00,1010.53,75.2,63.1,66,2,270,,,,,,
8/6/2018 12:00,1008.74,73.4,65.3,75,0,0,,,,,,
8/6/2018 15:00,1007.96,74.3,64.9,72,3,270,,,,,,
8/7/2018 6:00,1010.87,68.4,63.9,85,0,0,,,,,,
8/7/2018 15:00,1006.62,77,63,61,2,180,,,,,,
8/8/2018 12:00,1007.85,78.8,62.2,56,2,270,,,,,,
8/8/2018 15:00,1007.07,79.5,64.9,61,3,160,,,,,,
8/9/2018 12:00,1008.52,77,67.6,72,4,180,,,,,,
8/9/2018 15:00,1007.18,77.7,64.6,64,2,160,,,,,,
8/10/2018 15:00,,76.6,65.8,69,0,0,,,,,,
8/11/2018 6:00,,71.6,66.7,84,0,0,,,,,,
8/11/2018 9:00,,78.1,64.6,63,4,160,,,,,,
8/11/2018 12:00,,79.9,63.1,56,4,160,,,,,,
8/11/2018 15:00,,77.4,63.3,62,3,160,,,,,,
8/12/2018 15:00,,74.3,64.9,72,3,180,,,,,,
8/13/2018 15:00,,72.5,65.8,79,0,0,,,,,,
8/14/2018 6:00,,72.9,66.4,80,2,180,,,,,,
8/14/2018 9:00,,76.6,63.7,64,5,180,,,,,,
8/14/2018 12:00,,77,63.5,63,3,160,,,,,,
8/15/2018 6:00,,70.9,64.9,81,0,0,,,,,,
8/16/2018 15:00,,74.8,67.3,77,3,180,,,,,,
8/17/2018 15:00,,77,58.1,52,2,250,,,,,,
8/18/2018 15:00,,75.9,65.1,69,0,0,,,,,,
8/19/2018 6:00,,68.7,65.5,89,0,0,,,,,,
8/19/2018 9:00,,75.2,64.4,69,4,90,,,,,,
8/19/2018 12:00,,74.8,64.6,70,6,160,,,,,,
8/19/2018 15:00,,75.9,64.6,67,4,180,,,,,,
8/20/2018 6:00,,70.2,65.3,84,0,0,,,,,,
8/20/2018 9:00,,77.9,63.1,60,4,90,,,,,,
8/20/2018 12:00,,76.3,64.9,68,8,160,,,,,,
8/20/2018 15:00,,75.2,64.4,69,5,120,,,,,,
8/21/2018 6:00,,67.3,66.2,96,0,0,,,,,,
8/21/2018 9:00,,68.7,66,91,4,70,,,,,,
8/21/2018 12:00,,72.5,66.4,81,0,0,,,,,,
8/21/2018 15:00,,75.2,63.1,66,2,180,,,,,,
8/22/2018 15:00,,78.8,64.2,61,4,50,,,,,,
8/23/2018 12:00,,71.6,66.2,83,3,180,,,,,,
8/23/2018 15:00,,69.8,65.8,87,4,290,,,,,,
8/24/2018 6:00,,68,66.7,95,4,290,,,,,,
8/24/2018 9:00,,77,64,64,2,320,,,,,,
8/27/2018 15:00,,72.3,65.8,80,2,180,,,,,,
8/28/2018 6:00,,66.2,63.5,91,0,0,,,,,,
8/28/2018 9:00,,78.8,65.3,63,0,0,,,,,,
8/28/2018 12:00,,77.9,65.8,66,0,0,,,,,,
8/29/2018 9:00,,75.6,65.8,71,2,70,,,,,,
8/29/2018 12:00,,76.1,66.7,72,2,90,,,,,,
8/29/2018 15:00,,76.1,66.7,72,2,90,,,,,,
8/30/2018 6:00,,65.1,64,96,0,0,,,,,,
9/1/2018 6:00,,67.1,66.4,97,0,0,,,,,,
9/1/2018 9:00,,75.9,66.7,73,2,160,,,,,,
9/1/2018 12:00,,78.8,65.3,63,7,180,,,,,,
9/1/2018 15:00,,77,65.7,68,0,0,,,,,,
9/2/2018 9:00,,80.2,61.3,52,3,90,,,,,,
9/3/2018 12:00,,76.6,63.7,64,0,0,,,,,,
9/3/2018 15:00,,72.3,67.3,84,4,180,,,,,,
9/4/2018 6:00,,67.6,65.5,92,0,0,,,,,,
9/4/2018 9:00,,74.8,65.1,71,2,360,,,,,,
9/4/2018 15:00,,68,65.3,91,0,0,,,,,,
9/5/2018 9:00,,78.8,65.3,63,2,50,,,,,,
9/5/2018 12:00,,69.8,68.5,95,0,0,,,,,,
9/5/2018 15:00,,71.6,66.2,83,0,0,,,,,,
9/6/2018 15:00,,76.1,66.7,72,4,160,,,,,,
9/7/2018 15:00,,75.2,65.8,72,2,180,,,,,,
9/8/2018 6:00,,71.2,66.4,84,2,360,,,,,,
9/8/2018 9:00,,80.6,63.9,56,2,160,,,,,,
9/8/2018 12:00,,77,63.5,63,2,270,,,,,,
9/8/2018 15:00,,68,65.3,91,0,0,,,,,,
9/9/2018 6:00,,66.2,65.1,96,0,0,,,,,,
9/9/2018 9:00,,72.5,66.4,81,2,270,,,,,,
9/9/2018 12:00,,80.6,64.4,57,3,160,,,,,,
9/9/2018 15:00,,79.5,64.9,61,3,140,,,,,,
9/18/2018 15:00,,81,65.3,59,2,160,,,,,,
9/19/2018 6:00,,68.9,65.5,88,4,340,,,,,,
9/19/2018 9:00,,80.6,65.8,60,4,70,,,,,,
9/19/2018 12:00,,68.9,66.2,91,4,270,,,,,,
9/19/2018 15:00,,71.6,64.6,78,6,270,,,,,,
9/20/2018 6:00,,71.2,65.1,81,2,90,,,,,,
9/20/2018 9:00,,79.9,66.2,63,4,160,,,,,,
9/20/2018 12:00,,80.2,66.7,63,8,160,,,,,,
9/20/2018 15:00,,77.9,64.4,63,4,180,,,,,,
9/21/2018 6:00,,69.8,64.9,84,3,270,,,,,,
9/21/2018 9:00,,76.6,66.4,70,4,270,,,,,,
9/21/2018 12:00,,80.6,64.4,57,4,180,,,,,,
9/21/2018 15:00,,79.5,64.9,61,4,160,,,,,,
9/22/2018 15:00,,79.9,66.2,63,3,90,,,,,,
9/23/2018 9:00,,71.6,64.9,79,0,0,,,,,,
9/23/2018 12:00,,77,65.7,68,2,270,,,,,,
9/23/2018 15:00,,77,66.2,69,2,250,,,,,,
9/24/2018 6:00,,72.7,66,79,0,0,,,,,,
9/24/2018 15:00,,75.2,67.1,75,4,180,,,,,,
9/25/2018 15:00,,81.5,64,55,0,0,,,,,,
9/26/2018 15:00,,80.6,62.8,54,2,180,,,,,,
9/27/2018 15:00,,79.5,65.5,62,0,0,,,,,,
9/28/2018 9:00,,80.6,65.8,60,4,180,,,,,,
9/28/2018 12:00,,77,67.6,72,4,250,,,,,,
9/28/2018 15:00,,77.4,66.6,69,2,200,,,,,,
9/29/2018 15:00,,77,62.4,60,2,160,,,,,,
9/30/2018 15:00,,62.2,,,50,20,,,,,,
10/1/2018 6:00,,69.1,65.8,89,0,0,,,,,,
10/1/2018 9:00,,77.9,65.8,66,2,160,,,,,,
10/1/2018 12:00,,81.5,62.6,52,3,160,,,,,,
10/1/2018 15:00,,78.8,61.3,55,0,0,,,,,,
10/2/2018 15:00,,78.8,57.2,47,3,140,,,,,,
10/3/2018 15:00,,77.7,65.8,66,0,0,,,,,,
10/4/2018 6:00,,71.2,66.4,84,0,0,,,,,,
10/4/2018 9:00,,80.2,64,57,6,340,,,,,,
10/4/2018 12:00,,76.1,65.3,69,0,0,,,,,,
10/5/2018 15:00,,78.8,67.5,68,0,0,,,,,,
10/6/2018 15:00,,80.6,65.8,60,2,270,,,,,,
10/7/2018 15:00,,75.2,61.7,62,2,180,,,,,,
10/8/2018 12:00,,72.5,65.8,79,4,180,,,,,,
10/8/2018 15:00,,72.7,65.7,78,0,0,,,,,,
10/9/2018 6:00,,68.7,67.6,96,4,290,,,,,,
10/10/2018 15:00,,68.7,66.6,92,0,0,,,,,,
10/11/2018 6:00,,67.3,63,86,0,0,,,,,,
10/11/2018 9:00,,77.7,65.8,66,3,110,,,,,,
10/11/2018 12:00,,78.8,65.3,63,3,270,,,,,,
10/12/2018 15:00,,72.7,65.7,78,0,0,,,,,,
10/13/2018 6:00,,67.6,65.5,92,2,290,,,,,,
10/13/2018 12:00,,82.4,65.7,57,2,200,,,,,,
10/13/2018 15:00,,77,66.2,69,0,0,,,,,,
10/14/2018 9:00,,68.9,64.9,87,2,360,,,,,,
10/15/2018 15:00,,70.5,65.7,84,2,160,,,,,,
10/16/2018 6:00,,67.6,65.5,92,0,0,,,,,,
10/16/2018 15:00,,80.2,67.3,64,2,270,,,,,,
10/17/2018 9:00,,81,66.4,61,4,360,,,,,,
10/18/2018 12:00,,77,64.9,66,4,180,,,,,,
10/18/2018 15:00,,75.9,65.5,70,0,0,,,,,,
10/19/2018 6:00,,67.1,65.8,95,5,330,,,,,,
10/19/2018 9:00,,71.6,68.9,91,5,270,,,,,,
10/19/2018 12:00,,72.7,67.3,83,0,0,,,,,,
10/19/2018 15:00,,70.5,65.7,84,0,0,,,,,,
10/20/2018 15:00,,77,66.2,69,2,180,,,,,,
10/21/2018 6:00,,69.8,65.8,87,0,0,,,,,,
10/21/2018 9:00,,78.8,66.7,66,3,180,,,,,,
10/21/2018 12:00,,80.6,65.8,60,3,160,,,,,,
10/22/2018 6:00,,76.1,66.7,72,6,180,,,,,,
10/22/2018 12:00,,80.6,63.9,56,5,180,,,,,,
10/22/2018 15:00,,77.7,63.1,60,4,180,,,,,,
10/23/2018 9:00,,79.7,62.2,55,2,90,,,,,,
10/23/2018 15:00,,77,63,61,6,160,,,,,,
10/24/2018 15:00,,77,64,64,2,180,,,,,,
10/25/2018 6:00,,69.8,66.6,89,0,0,,,,,,
10/26/2018 12:00,,77.9,65.8,66,3,160,,,,,,
10/26/2018 15:00,,72.3,66.9,83,2,160,,,,,,
10/27/2018 6:00,,68,67.5,98,0,0,,,,,,
10/27/2018 9:00,,77,64.9,66,2,180,,,,,,
10/29/2018 6:00,,70.7,66.7,87,2,50,,,,,,
10/29/2018 15:00,,77,66.2,69,2,180,,,,,,
10/30/2018 15:00,,71.6,63.5,75,2,140,,,,,,
10/31/2018 6:00,,65.1,65.1,100,3,250,,,,,,
10/31/2018 9:00,,69.4,66.7,91,2,230,,,,,,
10/31/2018 12:00,,73.8,65.1,74,0,0,,,,,,
11/1/2018 6:00,,67.1,65.8,95,4,160,,,,,,
11/1/2018 9:00,,68.9,66.6,92,3,160,,,,,,
11/1/2018 12:00,,77,63.5,63,2,110,,,,,,
11/1/2018 15:00,,75.9,64,66,2,180,,,,,,
11/2/2018 9:00,,79.2,65.1,62,3,160,,,,,,
11/2/2018 12:00,,81.5,65.3,58,2,90,,,,,,
11/2/2018 15:00,,77.9,65.8,66,3,160,,,,,,
11/3/2018 6:00,,68.4,65.1,89,0,0,,,,,,
11/5/2018 6:00,,72,64.9,78,0,0,,,,,,
11/5/2018 9:00,,81,64.2,56,4,90,,,,,,
11/5/2018 12:00,,78.8,66.7,66,6,180,,,,,,
11/5/2018 15:00,,75.2,65.8,72,0,0,,,,,,
11/6/2018 15:00,,72.5,64.4,75,4,140,,,,,,
11/7/2018 6:00,,70.5,66.7,87,0,0,,,,,,
11/7/2018 9:00,,78.8,63.7,59,0,0,,,,,,
11/7/2018 12:00,,82.4,63.5,52,3,180,,,,,,
11/8/2018 6:00,,64.4,64.4,100,0,0,,,,,,
11/8/2018 9:00,,72.5,65.8,79,4,320,,,,,,
11/8/2018 12:00,,81.5,64,55,2,290,,,,,,
11/8/2018 15:00,,80.6,64.9,59,0,0,,,,,,
11/9/2018 15:00,,77.7,64.2,63,0,0,,,,,,
11/10/2018 12:00,,77,66.2,69,6,110,,,,,,
11/11/2018 6:00,,67.1,65.8,95,0,0,,,,,,
11/11/2018 9:00,,77,67.6,72,4,90,,,,,,
11/12/2018 12:00,,80.6,64.4,57,6,160,,,,,,
11/12/2018 15:00,,77.9,65.8,66,4,180,,,,,,
11/13/2018 6:00,,66.9,66.9,100,0,0,,,,,,
11/14/2018 9:00,,81,65.7,59,2,90,,,,,,
11/14/2018 12:00,,82.4,64.6,54,2,160,,,,,,
11/14/2018 15:00,,79.5,64.9,61,0,0,,,,,,
11/15/2018 6:00,,66.2,66.2,100,0,0,,,,,,
11/15/2018 9:00,,70.5,66.7,87,0,0,,,,,,
11/15/2018 12:00,,80.6,64.4,57,0,0,,,,,,
11/15/2018 15:00,,78.8,64,60,4,180,,,,,,
11/16/2018 15:00,,77,66.2,69,0,0,,,,,,
11/17/2018 6:00,,69.8,67.1,91,0,0,,,,,,
11/17/2018 9:00,,77,66.2,69,2,270,,,,,,
11/18/2018 6:00,,65.3,65.3,100,2,270,,,,,,
11/19/2018 9:00,,82.4,66.2,58,3,90,,,,,,
11/19/2018 12:00,,79.5,67.1,65,5,120,,,,,,
11/19/2018 15:00,,75.2,67.1,75,0,0,,,,,,
11/20/2018 6:00,,69.4,66.2,89,0,0,,,,,,
11/20/2018 9:00,,80.6,66,61,2,90,,,,,,
11/20/2018 12:00,,80.6,65.8,60,2,160,,,,,,
11/20/2018 15:00,,77.7,65.3,65,0,0,,,,,,
11/21/2018 6:00,,71.6,64,77,0,0,,,,,,
11/21/2018 9:00,,79.7,63.9,58,2,160,,,,,,
11/21/2018 12:00,,79.5,66.4,64,4,160,,,,,,
11/21/2018 15:00,,78.8,64.8,62,4,110,,,,,,
11/22/2018 6:00,,71.6,67.6,87,0,0,,,,,,
11/22/2018 9:00,,79.7,64.9,60,4,180,,,,,,
11/22/2018 12:00,,81.3,64,55,4,180,,,,,,
11/22/2018 15:00,,76.6,66.4,70,3,180,,,,,,
11/23/2018 6:00,,69.8,67.1,91,0,0,,,,,,
11/23/2018 9:00,,79.7,67.6,66,4,320,,,,,,
11/23/2018 12:00,,75.2,66,73,2,200,,,,,,
11/23/2018 15:00,,77.9,65.8,66,4,180,,,,,,
11/24/2018 6:00,,72.5,68.5,87,0,0,,,,,,
11/24/2018 9:00,,80.6,64.4,57,8,160,,,,,,
11/24/2018 12:00,,81.3,66.7,61,5,180,,,,,,
11/24/2018 15:00,,77,66.2,69,4,160,,,,,,
11/26/2018 12:00,,79.7,62.8,56,4,90,,,,,,
11/27/2018 6:00,,73.4,68,83,0,0,,,,,,
11/27/2018 9:00,,81.3,65.7,59,5,160,,,,,,
11/28/2018 12:00,,83.3,64.4,53,5,140,,,,,,
11/28/2018 15:00,,79.9,64.8,60,2,160,,,,,,
11/29/2018 6:00,,75.2,65.8,72,4,90,,,,,,
11/29/2018 9:00,,84.2,62.6,48,2,70,,,,,,
11/29/2018 12:00,,83.3,65.8,55,2,90,,,,,,
11/29/2018 15:00,,79.7,63.5,57,0,0,,,,,,
11/30/2018 6:00,,75.2,64.4,69,6,160,,,,,,
11/30/2018 9:00,,82.4,60.8,48,6,50,,,,,,
11/30/2018 12:00,,85.1,59.5,42,0,0,,,,,,
11/30/2018 15:00,,79.5,62.2,55,2,160,,,,,,
12/1/2018 15:00,,78.8,64.2,61,2,180,,,,,,
12/2/2018 6:00,,72.3,64.8,77,0,0,,,,,,
12/2/2018 9:00,,83.1,63.1,51,2,270,,,,,,
12/2/2018 12:00,,81.7,66.6,60,4,180,,,,,,
12/4/2018 9:00,,75.6,69.1,80,0,0,,,,,,
12/4/2018 12:00,,71.6,68.9,91,0,0,,,,,,
12/4/2018 15:00,,75.2,67.1,75,0,0,,,,,,
12/5/2018 6:00,,68.9,67.6,95,2,270,,,,,,
12/5/2018 9:00,,75.6,66.9,74,4,270,,,,,,
12/5/2018 12:00,,80.6,67.1,63,4,250,,,,,,
12/5/2018 15:00,,75.2,65.8,72,0,0,,,,,,
12/6/2018 6:00,,73.4,66.7,79,4,90,,,,,,
12/6/2018 9:00,,79.5,66,63,4,140,,,,,,
12/6/2018 12:00,,65.8,64.2,94,0,0,,,,,,
12/6/2018 15:00,,75.6,66.9,74,0,0,,,,,,
12/7/2018 15:00,,79.7,64.9,60,0,0,,,,,,
12/8/2018 6:00,,70.5,65.1,83,2,270,,,,,,
12/8/2018 9:00,,77.9,63.7,61,6,320,,,,,,
12/8/2018 12:00,,80.6,64.4,57,4,340,,,,,,
12/8/2018 15:00,,79.9,64.2,58,0,0,,,,,,
12/9/2018 9:00,,68.4,66.7,94,4,250,,,,,,
12/9/2018 12:00,,72.5,64.4,75,4,270,,,,,,
12/9/2018 15:00,,69.8,64.4,83,2,340,,,,,,
12/10/2018 6:00,,67.1,65.8,95,0,0,,,,,,
12/11/2018 9:00,,64.4,64.4,100,0,0,,,,,,
12/11/2018 12:00,,66.2,66.2,100,0,0,,,,,,
12/11/2018 15:00,,66.2,66.2,100,0,0,,,,,,
12/12/2018 6:00,,66.6,64.8,93,2,320,,,,,,
12/12/2018 9:00,,75.9,66.7,73,3,90,,,,,,
12/12/2018 12:00,,79.5,64.9,61,0,0,,,,,,
12/12/2018 15:00,,77.4,65.5,66,0,0,,,,,,
12/13/2018 6:00,,68.9,67.6,95,0,0,,,,,,
12/13/2018 9:00,,71.6,68.9,91,0,0,,,,,,
12/13/2018 12:00,,73.4,66.9,80,2,160,,,,,,
12/13/2018 15:00,,77,66.2,69,0,0,,,,,,
12/14/2018 6:00,,68.9,67.6,95,0,0,,,,,,
12/14/2018 9:00,,77,64.9,66,2,90,,,,,,
12/14/2018 12:00,,77,66.2,69,2,160,,,,,,
12/14/2018 15:00,,77,64.9,66,2,110,,,,,,
12/15/2018 6:00,,66.9,65.8,96,2,270,,,,,,
12/15/2018 9:00,,75.9,66.7,73,3,180,,,,,,
12/15/2018 12:00,,79.7,65.5,61,4,270,,,,,,
12/15/2018 15:00,,77,66.2,69,0,0,,,,,,
12/16/2018 6:00,,64.8,64.2,98,4,250,,,,,,
12/16/2018 9:00,,73.4,64.8,74,2,320,,,,,,
12/16/2018 12:00,,78.8,64,60,4,270,,,,,,
12/16/2018 15:00,,77,66.2,69,2,70,,,,,,
12/17/2018 9:00,,80.6,65.8,60,2,360,,,,,,
12/18/2018 6:00,,72.5,65.8,79,2,270,,,,,,
12/19/2018 9:00,,73.4,68,83,2,320,,,,,,
12/19/2018 12:00,,78.8,63.1,58,2,300,,,,,,
12/19/2018 15:00,,77,66.2,69,0,0,,,,,,
12/20/2018 6:00,,72.5,70.3,92,3,270,,,,,,
12/20/2018 9:00,,75.9,68.4,77,3,290,,,,,,
12/20/2018 12:00,,72.5,65.8,79,6,180,,,,,,
12/20/2018 15:00,,69.8,67.6,92,0,0,,,,,,
12/21/2018 6:00,,68.7,66,91,0,0,,,,,,
12/21/2018 9:00,,78.4,65.5,64,4,320,,,,,,
12/21/2018 12:00,,80.2,66,62,2,20,,,,,,
12/21/2018 15:00,,75.9,67.3,74,0,0,,,,,,
12/22/2018 9:00,,78.4,64.9,63,4,290,,,,,,
12/22/2018 12:00,,82.4,63.5,52,4,290,,,,,,
12/22/2018 15:00,,78.4,65.5,64,0,0,,,,,,
12/23/2018 6:00,,70.7,65.3,83,0,0,,,,,,
12/24/2018 6:00,,67.6,66.6,96,2,270,,,,,,
12/24/2018 9:00,,76.6,66.9,72,2,180,,,,,,
12/24/2018 15:00,,77.7,65.8,66,3,180,,,,,,
12/25/2018 6:00,,71.6,68.9,91,0,0,,,,,,
12/25/2018 9:00,,78.4,65.5,64,2,160,,,,,,
12/25/2018 12:00,,82.4,66.2,58,2,110,,,,,,
12/25/2018 15:00,,79.7,64.9,60,0,0,,,,,,
12/26/2018 6:00,,71.2,69.1,92,3,290,,,,,,
12/26/2018 9:00,,81.3,66.7,61,4,180,,,,,,
12/26/2018 12:00,,82.4,66.2,58,5,90,,,,,,
12/26/2018 15:00,,81.5,65.3,58,2,270,,,,,,
12/27/2018 6:00,,72.3,67.3,84,0,0,,,,,,
12/27/2018 9:00,,80.6,64.4,57,4,180,,,,,,
12/27/2018 12:00,,81.5,65.3,58,5,180,,,,,,
12/27/2018 15:00,,78.8,65.3,63,0,0,,,,,,
12/28/2018 6:00,,70.2,68.4,94,3,270,,,,,,
12/28/2018 9:00,,78.1,67.1,69,0,0,,,,,,
12/28/2018 12:00,,82.4,66.2,58,5,270,,,,,,
12/28/2018 15:00,,80.6,64.9,59,6,120,,,,,,
12/29/2018 9:00,,77.9,64.4,63,2,270,,,,,,
12/29/2018 12:00,,80.6,64.4,57,4,180,,,,,,
12/29/2018 15:00,,70.7,65.3,83,0,0,,,,,,
12/30/2018 6:00,,69.1,64.8,86,0,0,,,,,,
1/1/2019 6:00,,67.1,67.1,100,0,0,,,,,,
1/1/2019 9:00,,77,66.7,70,2,290,,,,,,
1/1/2019 12:00,,81.3,64,55,2,140,,,,,,
1/1/2019 15:00,,77.9,61.7,57,2,160,,,,,,
1/2/2019 6:00,,69.8,67.1,91,4,270,,,,,,
1/2/2019 9:00,,78.8,68,69,6,180,,,,,,
1/2/2019 12:00,,82.8,66,57,5,160,,,,,,
1/2/2019 15:00,,69.1,68,96,0,0,,,,,,
1/3/2019 9:00,,82.4,64,53,2,110,,,,,,
1/3/2019 15:00,,77,66.2,69,2,180,,,,,,
1/9/2019 12:00,,82.4,66.2,58,2,90,,,,,,
1/9/2019 15:00,,80.6,67.1,63,3,120,,,,,,
1/10/2019 6:00,,71.6,67.6,87,0,0,,,,,,
1/11/2019 6:00,,72.5,65.8,79,3,270,,,,,,
1/11/2019 9:00,,82.4,63.5,52,5,180,,,,,,
1/11/2019 12:00,,86,56.3,36,4,70,,,,,,
1/11/2019 15:00,,81.5,61.3,50,2,180,,,,,,
1/12/2019 6:00,,73.4,61.3,66,5,110,,,,,,
1/12/2019 9:00,,82.4,59.7,46,3,110,,,,,,
1/12/2019 12:00,,86.7,58.6,38,0,0,,,,,,
1/12/2019 15:00,,83.1,61.5,48,2,180,,,,,,
1/13/2019 6:00,,70.7,59.9,68,0,0,,,,,,
1/13/2019 9:00,,81.5,62.6,52,7,180,,,,,,
1/13/2019 12:00,,87.8,50.5,27,4,200,,,,,,
1/13/2019 15:00,,84.2,59.9,44,2,180,,,,,,
1/14/2019 6:00,,70.7,66.7,87,0,0,,,,,,
1/14/2019 9:00,,78.1,65.7,65,6,340,,,,,,
1/14/2019 12:00,,81.5,64,55,6,270,,,,,,
1/14/2019 15:00,,80.6,65.8,60,4,180,,,,,,
1/15/2019 15:00,,68,66.7,95,2,270,,,,,,
1/16/2019 6:00,,70.9,67.1,87,3,200,,,,,,
1/16/2019 9:00,,76.1,68,76,5,270,,,,,,
1/16/2019 12:00,,77.9,66.4,67,6,270,,,,,,
1/17/2019 6:00,,68.9,66.2,91,0,0,,,,,,
1/17/2019 9:00,,78.8,68,69,7,90,,,,,,
1/17/2019 12:00,,81.5,68,63,4,90,,,,,,
1/17/2019 15:00,,79.7,68.7,69,4,160,,,,,,
1/18/2019 6:00,,67.1,66.4,97,0,0,,,,,,
1/18/2019 9:00,,75.2,67.1,75,3,330,,,,,,
1/18/2019 12:00,,81.5,61.3,50,0,0,,,,,,
1/19/2019 6:00,,69.8,68.5,95,2,50,,,,,,
1/19/2019 15:00,,67.1,64.8,92,4,180,,,,,,
1/20/2019 6:00,,70.2,66.9,89,0,0,,,,,,
1/20/2019 9:00,,74.1,67.6,80,2,230,,,,,,
1/20/2019 12:00,,77.4,67.6,72,0,0,,,,,,
1/20/2019 15:00,,66.2,66.2,100,0,0,,,,,,
1/21/2019 6:00,,67.1,66.2,96,0,0,,,,,,
1/21/2019 9:00,,73.4,72.1,95,5,290,,,,,,
1/21/2019 12:00,,77.9,65.8,66,2,90,,,,,,
1/21/2019 15:00,,76.3,67.1,73,2,180,,,,,,
1/22/2019 6:00,,69.8,67.1,91,0,0,,,,,,
1/22/2019 9:00,,80.6,67.1,63,3,180,,,,,,
1/22/2019 12:00,,78.8,68,69,0,0,,,,,,
1/22/2019 15:00,,67.6,65.5,92,4,160,,,,,,
1/23/2019 6:00,,71.6,70.3,95,0,0,,,,,,
1/23/2019 9:00,,78.4,72.5,82,3,270,,,,,,
1/23/2019 12:00,,76.1,65.3,69,0,0,,,,,,
1/23/2019 15:00,,77,64.6,65,2,180,,,,,,
1/24/2019 6:00,,70.7,70,97,2,270,,,,,,
1/24/2019 9:00,,75.6,70.7,84,3,230,,,,,,
1/24/2019 12:00,,78.8,62.6,57,2,290,,,,,,
1/24/2019 15:00,,80.6,64.4,57,2,270,,,,,,
1/25/2019 6:00,,69.8,66.2,88,0,50,,,,,,
1/25/2019 9:00,,81.5,64,55,6,90,,,,,,
1/25/2019 12:00,,82.4,65.5,56,5,180,,,,,,
1/25/2019 15:00,,78.8,65.8,64,4,160,,,,,,
1/26/2019 6:00,,68.9,66.2,91,6,180,,,,,,
1/26/2019 12:00,,81.3,66.7,61,3,110,,,,,,
1/26/2019 15:00,,80.6,64.4,57,4,160,,,,,,
1/27/2019 9:00,,83.3,65.8,55,5,160,,,,,,
1/28/2019 6:00,,71.6,67.6,87,0,0,,,,,,
1/28/2019 9:00,,80.6,67.1,63,4,180,,,,,,
1/28/2019 12:00,,84.2,66.7,55,3,140,,,,,,
1/28/2019 15:00,,82.4,66.2,58,4,180,,,,,,
1/29/2019 6:00,,70.5,65.1,83,0,0,,,,,,
1/29/2019 9:00,,80.6,65.8,60,5,290,,,,,,
1/29/2019 12:00,,84.9,66,53,4,180,,,,,,
1/29/2019 15:00,,83.1,67.3,59,4,230,,,,,,
1/30/2019 6:00,,69.1,66.2,90,3,360,,,,,,
1/30/2019 9:00,,82.4,63.5,52,4,90,,,,,,
1/31/2019 12:00,,82,64.2,54,5,160,,,,,,
1/31/2019 15:00,,80.6,64.9,59,2,180,,,,,,
2/1/2019 6:00,,69.8,65.8,87,0,0,,,,,,
2/2/2019 9:00,,85.1,54.1,34,5,160,,,,,,
2/2/2019 12:00,,86.4,61.5,43,5,160,,,,,,
2/2/2019 15:00,,82,60.4,48,4,180,,,,,,
2/3/2019 6:00,,72.3,63.7,74,4,160,,,,,,
2/3/2019 9:00,,84.2,65.3,53,6,160,,,,,,
2/3/2019 12:00,,86.4,57.6,37,4,160,,,,,,
2/3/2019 15:00,,82.4,64.6,54,2,160,,,,,,
2/4/2019 12:00,,84.2,63.1,49,5,160,,,,,,
2/4/2019 15:00,,83.1,65.3,55,4,180,,,,,,
2/5/2019 9:00,,82.9,66.6,57,4,90,,,,,,
2/6/2019 6:00,,73.4,68,83,0,0,,,,,,
2/6/2019 12:00,,84.2,65.3,53,4,160,,,,,,
2/6/2019 15:00,,80.2,66.2,62,4,140,,,,,,
