site,name,day,average humidity (%),total rainfall (mm),average pressure (kPa),total radiation (W/m2),average temperature (oC),min temperature (oC),max temperature (oC),predominant winddirection,average windspeed (m/s),min windspeed (m/s),max windspeed (m/s)
TA00216,Makerere Synoptic,2017-09-09,86.22,0,87.666,0,20.92,19.78,22.72,SE,0.59,0.29,1.19
TA00216,Makerere Synoptic,2017-09-10,78.17,0,87.715,3575.39,21.91,18.57,26.37,NE,0.6,0.31,1.41
TA00216,Makerere Synoptic,2017-09-11,75.27,1.77,87.657,4600.25,23.05,17.99,28.23,NE,0.69,0.44,1.27
TA00216,Makerere Synoptic,2017-09-13,90,0,87.73,0,20.46,20.46,20.46,E,0.91,0.91,0.91
TA00216,Makerere Synoptic,2017-09-24,78.17,0,87.78,4839.53,22.02,18.4,27.86,SE,0.88,0.3,1.63
TA00216,Makerere Synoptic,2017-09-25,80.21,7.88,87.627,4820.36,21.65,17.37,28.59,E,0.7,0.39,1.03
TA00216,Makerere Synoptic,2017-09-26,90.25,0,87.645,0,19.6,18.55,20.83,N,0.62,0.19,1.23
TA00216,Makerere Synoptic,2017-10-31,84.5,1.07,87.665,0,20.55,18.64,21.39,NE,0.95,0.71,1.24
TA00216,Makerere Synoptic,2017-11-01,73,1.67,87.624,4707.15,23.25,18.1,28.83,SE,0.69,0.32,1.38
TA00216,Makerere Synoptic,2017-11-02,74.96,0.02,87.61,4683.44,22.99,19.15,28.99,W,0.66,0.22,1.28
TA00216,Makerere Synoptic,2017-11-03,81.25,10.1,87.56,4773.7,22.08,16.57,27.73,W,0.77,0.18,1.31
TA00216,Makerere Synoptic,2017-11-04,82.88,0,87.708,3302.85,20.49,17.93,25.85,SE,1.14,0.72,2.1
TA00216,Makerere Synoptic,2017-11-05,80.63,0,87.734,3079.76,21.23,18.02,26.14,E,0.55,0.18,0.9
TA00216,Makerere Synoptic,2017-11-06,87.92,7.3,87.604,2781.42,20.95,17.94,25.71,E,0.57,0.2,1
TA00216,Makerere Synoptic,2017-11-07,92.29,66.84,87.723,2762.91,19.38,17.23,23.56,SE,1.65,0.15,22.84
TA00216,Makerere Synoptic,2017-11-08,85.42,3.36,87.687,3191.81,21.62,18.86,27.18,E,0.53,0.23,0.83
TA00216,Makerere Synoptic,2017-11-09,86.33,1,87.632,3439.81,21.52,18.52,27.06,E,0.53,0.2,0.93
TA00216,Makerere Synoptic,2017-11-10,85.25,12.08,87.558,3612.91,21.24,17.91,27.94,E,0.7,0.4,1.19
TA00216,Makerere Synoptic,2017-11-11,78.5,0,87.563,4988.47,22.97,18.15,28.05,NE,0.63,0.23,1.23
TA00216,Makerere Synoptic,2017-11-12,89.17,4.26,87.632,2888.44,21.12,18.44,25.58,E,0.55,0.2,1.04
TA00216,Makerere Synoptic,2017-11-13,85.38,6.98,87.574,4226.36,21.72,18.64,28.33,SE,0.55,0.18,0.88
TA00216,Makerere Synoptic,2017-11-14,88.71,32.26,87.565,3049.48,20.91,18.34,27,N,0.42,0,1.62
TA00216,Makerere Synoptic,2017-11-15,75.54,0.05,87.505,5064.27,23.26,18.14,28.54,SW,0.65,0,3.18
TA00216,Makerere Synoptic,2017-11-16,81.75,9.26,87.478,3873.78,22.2,18.26,27.95,S,0.61,0.29,1.12
TA00216,Makerere Synoptic,2017-11-17,77.04,1.64,87.52,4096.07,22.06,19,28.04,E,0.6,0.2,1.13
TA00216,Makerere Synoptic,2017-11-18,74.71,0,87.563,4927.37,22.61,18.52,28.22,NW,0.57,0.2,1.28
TA00216,Makerere Synoptic,2017-11-19,72.63,0.04,87.574,5279.71,23.58,18.32,28.82,S,0.71,0.23,1.28
TA00216,Makerere Synoptic,2017-11-20,71,0,87.651,4566.07,23.17,19.91,28.45,NE,0.73,0.35,1.39
TA00216,Makerere Synoptic,2017-11-21,60.54,0,87.555,5359.13,24.24,19.66,29.98,E,0.66,0.24,1.06
TA00216,Makerere Synoptic,2017-11-22,69.75,0,87.535,4130.73,23.58,19.83,29.28,NW,0.56,0.21,1.48
TA00216,Makerere Synoptic,2017-11-23,72.17,0,87.571,3628.69,22.93,20.21,27.51,E,0.78,0.37,1.22
TA00216,Makerere Synoptic,2017-11-24,93.92,26.9,87.737,1205.04,19.13,16.51,21.34,E,0.57,0.27,1.42
TA00216,Makerere Synoptic,2017-11-25,76.67,0.77,87.773,4122.03,22.63,18.76,28.09,NE,0.7,0.22,1.16
TA00216,Makerere Synoptic,2017-11-26,80.38,3.01,87.872,3721.45,21.57,17.83,26.98,NW,0.62,0.26,1.03
TA00216,Makerere Synoptic,2017-11-27,82.92,1.98,87.778,3635.92,22.12,18.87,26.9,SW,0.64,0.32,1.22
TA00216,Makerere Synoptic,2017-11-28,77.46,0.11,87.69,5622.47,23.11,18.43,28.87,NE,0.77,0.35,1.25
TA00216,Makerere Synoptic,2017-11-29,80.13,24.5,87.756,3927.77,22.05,17.32,28.94,E,0.68,0.31,0.99
TA00216,Makerere Synoptic,2017-11-30,80.25,2.55,87.759,3589.94,21.77,17.8,26.46,E,0.81,0.35,1.41
TA00216,Makerere Synoptic,2017-12-01,81.21,0.05,87.656,4460.95,22,18.26,27.07,SW,0.61,0.25,1.19
TA00216,Makerere Synoptic,2017-12-02,76.13,0.82,87.635,4100.75,22.57,17.76,28.19,NW,0.53,0.26,1.16
TA00216,Makerere Synoptic,2017-12-03,76.96,0,87.691,3999.69,22.66,19.2,28.77,NW,0.7,0.28,1.21
TA00216,Makerere Synoptic,2017-12-04,82.46,0,87.673,2855.72,22.3,18.98,27.84,NW,0.61,0.32,1.15
TA00216,Makerere Synoptic,2017-12-05,75.33,0.08,87.578,5203.02,23.23,18.03,28.66,SW,0.68,0.24,1.44
TA00216,Makerere Synoptic,2017-12-06,80,0.53,87.549,2411.81,22.33,19.35,27.14,NW,0.54,0.29,1.13
TA00216,Makerere Synoptic,2017-12-07,82.79,5.23,87.498,2946.75,22.4,19.73,26.78,NW,0.53,0.19,1
TA00216,Makerere Synoptic,2017-12-08,79.5,0,87.46,3535.43,23.24,19.56,28.01,W,0.51,0.23,0.95
TA00216,Makerere Synoptic,2017-12-09,87.63,4.37,87.491,2687.9,21.45,18.15,26.78,SW,0.6,0.25,1.12
TA00216,Makerere Synoptic,2017-12-10,78,0.15,87.561,4194.82,22.95,19.13,29.2,N,0.57,0.32,0.89
TA00216,Makerere Synoptic,2017-12-11,73.13,0.1,87.669,4254.06,22.64,18.27,28.78,S,0.68,0.27,1.23
TA00216,Makerere Synoptic,2017-12-12,75.71,0.15,87.678,5118.76,22.73,18.05,29.13,S,0.78,0.21,1.51
TA00216,Makerere Synoptic,2017-12-13,66.58,0.1,87.645,5425.89,23.54,18.01,30.03,S,0.92,0.4,1.86
TA00216,Makerere Synoptic,2017-12-14,71.13,0,87.633,3940.04,23.69,18.49,29.35,SW,0.59,0.27,1.1
TA00216,Makerere Synoptic,2017-12-15,69.38,0,87.616,3312.54,24.1,19.62,29.37,S,0.84,0.31,1.38
TA00216,Makerere Synoptic,2017-12-16,68.83,0,87.613,4209.28,23.85,19.71,29.23,S,0.75,0.27,1.75
TA00216,Makerere Synoptic,2017-12-17,75.96,0.15,87.594,4018.11,23.3,19.95,28.47,S,0.69,0.24,1.35
TA00216,Makerere Synoptic,2017-12-18,75.33,0,87.558,3302.82,23.05,18.82,28.57,S,0.66,0.35,1.17
TA00216,Makerere Synoptic,2017-12-19,70.75,0,87.563,4857.77,24.04,18.71,29.82,S,1.01,0.17,2.07
TA00216,Makerere Synoptic,2017-12-20,74.92,0.04,87.67,4974.24,23.82,20.09,29.84,S,0.94,0.29,1.97
TA00216,Makerere Synoptic,2017-12-21,71.5,0.09,87.678,4655.03,23.23,18.76,29.18,S,0.9,0.33,1.83
TA00216,Makerere Synoptic,2017-12-22,70.04,0.03,87.589,4909.77,23.71,18.6,30.42,S,0.9,0.17,1.83
TA00216,Makerere Synoptic,2017-12-23,62.33,0,87.526,4543.12,24.41,18.59,30.8,S,0.97,0.23,1.76
TA00216,Makerere Synoptic,2017-12-24,56.04,0,87.492,4719.5,24.7,19.31,32.24,SE,1.38,0.41,2.15
TA00216,Makerere Synoptic,2017-12-25,61.21,0,87.598,4441.08,24.27,20.17,30.13,S,1.03,0.3,2.06
TA00216,Makerere Synoptic,2017-12-26,72.67,0,87.537,5055.94,23.94,19.44,29.71,S,1.01,0.32,2.02
TA00216,Makerere Synoptic,2017-12-27,69.58,0,87.449,4832.5,23.97,18.13,31.15,S,1.17,0.23,2.77
TA00216,Makerere Synoptic,2017-12-28,65.75,0.05,87.496,4392.59,24.49,18.95,31.6,SE,1.04,0.22,2.42
TA00216,Makerere Synoptic,2017-12-29,67.38,0,87.614,4151.41,24.15,19.02,31.1,SE,1.23,0.26,2.71
TA00216,Makerere Synoptic,2017-12-30,83.46,5.79,87.653,1843.19,21.77,19.03,25.86,NW,0.52,0.24,1
TA00216,Makerere Synoptic,2017-12-31,91.96,10.01,87.685,1119.67,19.9,16.37,24.96,NE,0.58,0.28,1.14
TA00216,Makerere Synoptic,2018-01-01,81.17,0,87.631,2829.12,21.65,18.37,27.54,SE,0.77,0.2,2.35
TA00216,Makerere Synoptic,2018-01-02,81.71,0.06,87.59,3262.32,21.82,19.01,26.65,SW,0.6,0.29,1.28
TA00216,Makerere Synoptic,2018-01-03,62.67,0.06,87.596,4191.76,23.04,18.19,29.77,SE,1.48,0.24,2.72
TA00216,Makerere Synoptic,2018-01-04,71.96,0.02,87.713,3715.14,22.24,19.02,27.97,SE,0.99,0.27,2.72
TA00216,Makerere Synoptic,2018-01-05,60.33,0.08,87.563,4203.79,23.28,18.88,28.92,SE,1.1,0.22,2.03
TA00216,Makerere Synoptic,2018-01-06,49.38,0,87.578,4063.62,22.86,18.45,28.74,SE,1.35,0.74,2.4
TA00216,Makerere Synoptic,2018-01-07,48.04,0,87.61,4169.88,22.85,17.18,29.42,SE,1.55,0.67,2.75
TA00216,Makerere Synoptic,2018-01-08,42.29,0,87.653,4798.52,23.7,18.25,30.81,SE,1.69,0.74,2.97
TA00216,Makerere Synoptic,2018-01-09,52.08,0,87.699,4710.61,23.53,18.24,32.04,SE,1.62,0.32,3.17
TA00216,Makerere Synoptic,2018-01-10,52.04,0.07,87.621,4064.56,24.46,17.75,31.59,SE,1.18,0.3,2.15
TA00216,Makerere Synoptic,2018-01-11,59.33,0,87.603,3672.02,24.48,20.51,29.92,S,1.29,0.32,2.81
TA00216,Makerere Synoptic,2018-01-12,83.96,20.53,87.637,1804.81,20.85,17.11,27.04,NW,0.7,0,3.1
TA00216,Makerere Synoptic,2018-01-13,80.67,0.02,87.606,3120.51,22.38,18.1,27.07,SW,0.67,0.38,1.16
TA00216,Makerere Synoptic,2018-01-14,74.42,0.77,87.602,4307.81,22.78,19.4,28.15,SW,0.61,0.31,1.34
TA00216,Makerere Synoptic,2018-01-15,72.79,0,87.654,4218.56,23.74,19.6,30.87,SE,1.09,0.23,2.96
TA00216,Makerere Synoptic,2018-01-16,77.79,0.14,87.605,3986.33,23.33,19.17,29.01,S,0.63,0.17,1.33
TA00216,Makerere Synoptic,2018-01-17,58.38,0,87.475,5122.16,24.03,18.7,31.8,NE,0.75,0.21,1.25
TA00216,Makerere Synoptic,2018-01-18,76.88,0.13,87.525,3739.29,23.37,19.41,29.17,SW,0.65,0.28,1.15
TA00216,Makerere Synoptic,2018-01-19,72.13,0.12,87.514,4324.3,24.27,19.2,31.08,SE,0.72,0.26,1.29
TA00216,Makerere Synoptic,2018-01-20,71.67,0,87.638,2433.21,22.74,19.58,28.33,SW,0.61,0.24,1.11
TA00216,Makerere Synoptic,2018-01-21,70.63,0,87.617,4919.34,23.03,19.43,28.89,W,0.88,0.31,1.69
TA00216,Makerere Synoptic,2018-01-22,66.46,0.06,87.473,4437.5,24.16,18.36,30.06,S,0.77,0.32,1.36
TA00216,Makerere Synoptic,2018-01-23,71.71,0,87.448,3471.57,23.03,19.44,28.21,S,0.81,0.31,1.67
TA00216,Makerere Synoptic,2018-01-24,88.63,4.96,87.544,1640.06,19.65,16.98,26.55,W,0.54,0.24,1.05
TA00216,Makerere Synoptic,2018-01-25,84.79,0.02,87.616,1552.61,19.29,17.53,22.25,W,0.51,0.19,0.99
TA00216,Makerere Synoptic,2018-01-26,83.42,0.73,87.599,2012.86,20.85,17.76,24.91,SW,0.56,0.24,0.74
TA00216,Makerere Synoptic,2018-01-27,75,0.16,87.541,3883.04,23.01,18.89,29.85,SE,0.67,0.38,1.17
TA00216,Makerere Synoptic,2018-01-28,79.96,0.06,87.507,3750.27,22.57,18.63,27.63,SW,0.66,0.29,1.69
TA00216,Makerere Synoptic,2018-01-29,78.29,0.25,87.525,3357.97,23.14,18.45,29.23,SW,0.63,0.35,1.15
TA00216,Makerere Synoptic,2018-01-30,66.38,0.12,87.534,4469.12,24.16,19.05,31.73,E,0.68,0.27,1.19
TA00216,Makerere Synoptic,2018-01-31,63.58,0.08,87.528,4984.53,24.22,18.8,32.68,SW,1.08,0.39,2.52
TA00216,Makerere Synoptic,2018-02-01,66.71,0.1,87.448,4380.57,24.02,18.9,30.56,W,0.72,0.29,1.55
TA00216,Makerere Synoptic,2018-02-02,73.21,0.04,87.45,3705.59,23.97,18.95,30.11,SW,0.75,0.37,1.38
TA00216,Makerere Synoptic,2018-02-03,66.54,0.04,87.481,5132.9,24.87,19.28,31.44,SW,0.81,0.42,1.49
TA00216,Makerere Synoptic,2018-02-04,65.17,0.05,87.437,4977.85,24.85,18.82,31.94,S,1.14,0.39,2.8
TA00216,Makerere Synoptic,2018-02-05,57.42,0,87.373,4577.99,25.79,20.77,31.76,W,0.84,0.44,1.77
TA00216,Makerere Synoptic,2018-02-06,59.46,0,87.405,3343.79,25.05,20.29,31.18,S,0.99,0.32,2.21
TA00216,Makerere Synoptic,2018-02-07,76.04,0.07,87.398,3683.76,24.06,20.07,30.65,N,0.89,0.31,1.8
TA00216,Makerere Synoptic,2018-02-08,74.46,0.1,87.401,4288.39,24.65,20,30.32,SW,0.75,0.27,1.38
TA00216,Makerere Synoptic,2018-02-09,75.67,0.07,87.408,1576.59,22.29,19.75,26.04,SW,0.55,0.33,0.91
TA00216,Makerere Synoptic,2018-02-10,75.38,0.12,87.35,3824.68,24.21,19.29,30.46,SW,0.66,0.31,1.23
TA00216,Makerere Synoptic,2018-02-11,68,0.02,87.498,4553.84,24.51,19.28,31.22,S,0.8,0.34,1.82
TA00216,Makerere Synoptic,2018-02-12,76.67,0.68,87.638,3509.53,23.5,19.69,29.1,SW,0.69,0.36,1.51
TA00216,Makerere Synoptic,2018-02-13,69.25,0,87.624,4829.82,24.7,20.49,30.94,S,0.81,0.32,1.54
TA00216,Makerere Synoptic,2018-02-14,69.63,0.02,87.572,3715.19,24.88,19.95,31.01,W,0.75,0.3,1.43
TA00216,Makerere Synoptic,2018-02-15,67.25,0,87.523,5386.66,25.3,20.31,32.22,S,0.9,0.34,1.9
TA00216,Makerere Synoptic,2018-02-16,62.75,0,87.52,5139.5,25.52,19.66,32.45,S,0.91,0.34,1.96
TA00216,Makerere Synoptic,2018-02-17,55.88,0,87.437,4915.15,26.28,21.17,32.95,S,1.17,0.26,2.47
TA00216,Makerere Synoptic,2018-02-18,62.13,1.77,87.406,3545.44,25.27,20.44,31.94,S,1.19,0.45,2.57
TA00216,Makerere Synoptic,2018-02-19,78.96,27.45,87.512,3050.26,22.12,17.29,28.46,SW,1.77,0,16.74
TA00216,Makerere Synoptic,2018-02-20,78.63,0.07,87.454,3438.21,22.7,18.69,29.42,E,0.89,0.38,1.55
TA00216,Makerere Synoptic,2018-02-21,81.21,1.23,87.459,2705.65,21.37,18.79,27.05,NW,0.56,0.29,0.99
TA00216,Makerere Synoptic,2018-02-22,74.5,0,87.313,3785.42,23.6,19.26,28.58,SW,0.67,0.25,1.35
TA00216,Makerere Synoptic,2018-02-23,73.83,1.2,87.339,4499.87,24.04,19.54,29.99,W,0.81,0.4,1.49
TA00216,Makerere Synoptic,2018-02-24,79.29,0,87.517,3559.51,22.66,19,27.31,SW,0.73,0.32,1.41
TA00216,Makerere Synoptic,2018-02-25,73.63,0,87.556,3983.18,23.7,18.98,29.69,SW,0.69,0.35,1.2
TA00216,Makerere Synoptic,2018-02-26,77.04,9.9,87.529,3783.19,22.42,17.81,29.49,NE,0.63,0,1.69
TA00216,Makerere Synoptic,2018-02-27,79.13,10.67,87.578,3805.53,22.08,18.38,27.48,NW,0.71,0.28,1.22
TA00216,Makerere Synoptic,2018-02-28,78.25,0,87.604,3128.3,22.62,19.32,27.11,E,0.77,0.32,1.46
TA00216,Makerere Synoptic,2018-03-01,85.25,69.87,87.628,3223.45,20.63,17.17,27.46,N,0.44,0,1.63
TA00216,Makerere Synoptic,2018-03-02,90.79,0.11,87.68,1751.82,19.3,17.22,20.9,E,1.09,0,11.99
TA00216,Makerere Synoptic,2018-03-03,83.96,14.76,87.557,2776.52,20.83,17.15,27.06,N,0.79,0.4,1.91
TA00216,Makerere Synoptic,2018-03-04,97.58,35.03,87.665,890.02,18.53,16.79,20.11,N,12.4,0,33.3
TA00216,Makerere Synoptic,2018-03-05,84.29,0.04,87.63,2959.9,21.89,17.77,28.06,W,0.68,0,1.43
TA00216,Makerere Synoptic,2018-03-06,91.04,3.36,87.779,1667.21,20.04,18.7,22.53,S,0.68,0.28,1.67
TA00216,Makerere Synoptic,2018-03-07,77.08,0.15,87.758,5019.44,22.61,18.26,28.81,W,0.83,0.37,1.37
TA00216,Makerere Synoptic,2018-03-08,76.04,1.33,87.632,5550.29,23.34,19.29,28.82,SW,0.87,0.56,1.39
TA00216,Makerere Synoptic,2018-03-09,76.38,0,87.528,3700.4,24.09,20.7,29.59,SW,0.79,0.43,1.34
TA00216,Makerere Synoptic,2018-03-10,78.29,0.86,87.578,3456.09,22.73,19.79,26.89,SW,0.85,0.35,1.41
TA00216,Makerere Synoptic,2018-03-11,76.83,0,87.668,4094.07,22.47,18.16,28.98,N,0.77,0.37,1.17
TA00216,Makerere Synoptic,2018-03-12,82.75,2.36,87.778,1877.02,21.48,18.47,26.81,NW,0.61,0.28,0.99
TA00216,Makerere Synoptic,2018-03-13,84.42,0,87.767,2080.23,21.74,19.13,26.48,SW,0.58,0.27,0.99
TA00216,Makerere Synoptic,2018-03-14,86.42,5.47,87.578,2669.74,22.19,19.42,27.98,W,0.74,0.38,1.76
TA00216,Makerere Synoptic,2018-03-15,96.21,24.82,87.726,804.91,19.15,18.35,20.3,NE,0.69,0.2,1.38
TA00216,Makerere Synoptic,2018-03-16,83.17,0,87.642,3314.87,22.3,18.52,26.78,W,0.73,0.4,1.15
TA00216,Makerere Synoptic,2018-03-17,77.96,0,87.494,4493.03,23.77,20.12,27.94,W,0.77,0.31,1.41
TA00216,Makerere Synoptic,2018-03-18,83.17,5.95,87.469,2278.77,21.17,18.36,26.95,NW,0.7,0.24,1.35
TA00216,Makerere Synoptic,2018-03-19,85,2.88,87.68,3428.57,20.95,18.07,25.64,NE,0.93,0.23,1.86
TA00216,Makerere Synoptic,2018-03-20,86.33,0.3,87.656,3262.86,21.25,16.69,27.32,N,0.77,0,2.7
TA00216,Makerere Synoptic,2018-03-21,87.63,9.83,87.781,3215.46,21.21,16.79,25.57,W,0.51,0,1.06
TA00216,Makerere Synoptic,2018-03-22,79.58,0.36,87.698,5318.26,23.06,19.02,27.44,W,0.81,0.42,1.3
TA00216,Makerere Synoptic,2018-03-23,78.54,0.1,87.501,4925.53,24.05,19.65,29.35,W,0.82,0.48,1.25
TA00216,Makerere Synoptic,2018-03-24,78.38,0.04,87.515,4017.79,23.77,19.56,28.36,SW,0.85,0.51,1.22
TA00216,Makerere Synoptic,2018-03-25,77.92,0.12,87.65,4748.45,22.93,18.56,27.59,SW,0.8,0.33,1.34
TA00216,Makerere Synoptic,2018-03-26,77.54,0.08,87.653,4461.32,23.66,20.23,28.73,W,0.83,0.4,1.22
TA00216,Makerere Synoptic,2018-03-27,82.88,0.08,87.531,2849.16,22.81,20.86,28.06,NW,0.72,0.39,1.33
TA00216,Makerere Synoptic,2018-03-28,79.25,0.62,87.545,3300.59,22.27,17.9,27.96,NW,5.68,0.43,34.99
TA00216,Makerere Synoptic,2018-03-29,81.88,0.21,87.707,2449.3,21.77,19.71,27.19,NW,0.74,0.38,1.26
TA00216,Makerere Synoptic,2018-03-30,85.21,0.21,87.695,2502.43,22.1,19.36,27.63,NW,0.71,0.41,1.25
TA00216,Makerere Synoptic,2018-03-31,78.96,0.1,87.521,3409.52,22.94,19.24,29.23,W,0.77,0.39,1.28
TA00216,Makerere Synoptic,2018-04-01,88.33,18.7,87.443,2250.86,21.56,20.2,26.95,NW,1.8,0,27
TA00216,Makerere Synoptic,2018-04-02,90.21,11.17,87.364,2572.58,21.55,19.3,26.8,NW,0.67,0.37,1.08
TA00216,Makerere Synoptic,2018-04-03,92.42,20.49,87.439,2929.92,20.7,18.66,27.11,SW,2.67,0.41,22.56
TA00216,Makerere Synoptic,2018-04-04,88.54,3,87.62,2566.76,20.48,17.34,26.89,NW,0.69,0.33,1.39
TA00216,Makerere Synoptic,2018-04-05,83.92,0,87.496,3512.24,21.37,17.24,26.1,SW,0.76,0.44,1.17
TA00216,Makerere Synoptic,2018-04-06,85.42,0.17,87.457,2065.05,21.09,18.05,24.09,NW,0.68,0.41,0.96
TA00216,Makerere Synoptic,2018-04-07,83.75,0,87.58,2646.75,21.21,19.03,26.01,NW,0.73,0.42,1.07
TA00216,Makerere Synoptic,2018-04-08,82.75,7.3,87.715,3586.29,21.07,16.51,26.84,SE,0.74,0.31,1.07
TA00216,Makerere Synoptic,2018-04-09,85.42,0.17,87.642,2700.17,21.18,17.4,27.03,NW,0.71,0.36,1.15
TA00216,Makerere Synoptic,2018-04-10,79.17,0.02,87.566,3059.13,22.48,19.41,27.25,W,0.67,0.29,1.07
TA00216,Makerere Synoptic,2018-04-11,90.46,9.95,87.582,1727.71,20.49,18.85,24.71,NW,0.59,0.24,1.03
TA00216,Makerere Synoptic,2018-04-12,80.71,0.16,87.639,3930.66,22.13,18.99,27.49,NW,0.81,0.42,1.23
TA00216,Makerere Synoptic,2018-04-13,84.42,37.24,87.71,2893.87,21.95,17.38,26.96,NW,0.82,0.44,1.28
TA00216,Makerere Synoptic,2018-04-14,94.58,8.13,87.905,1620.33,18.51,17.15,21.01,NE,1.04,0,13.12
TA00216,Makerere Synoptic,2018-04-15,89.92,5.51,87.793,3141.82,20.77,17.52,25.83,NW,0.85,0.35,1.94
TA00216,Makerere Synoptic,2018-04-16,94.63,14.17,87.904,1446.86,19.32,17.85,22.31,SW,0.98,0.31,5.65
TA00216,Makerere Synoptic,2018-04-17,86.04,0.8,87.962,2907.17,21.16,18.51,25.01,SW,0.8,0.48,1.21
TA00216,Makerere Synoptic,2018-04-18,88.46,4.96,87.883,2493.19,21.67,18.28,26.4,SW,0.69,0.4,1.16
TA00216,Makerere Synoptic,2018-04-19,86.46,1.15,87.793,2590.13,21.85,19.28,26.69,SW,0.66,0.34,1.15
TA00216,Makerere Synoptic,2018-04-20,84.88,0.13,87.707,2818.05,22.74,18.88,27.52,NW,0.73,0.32,1.24
TA00216,Makerere Synoptic,2018-04-21,88.67,5.27,87.71,3781.26,21.23,17.74,26.1,W,1.03,0,11.48
TA00216,Makerere Synoptic,2018-04-22,90.04,2.48,87.769,2275.87,20.46,18.58,25.11,SW,1.04,0.33,1.61
TA00216,Makerere Synoptic,2018-04-23,86.96,1.23,87.704,2917.4,22.12,18.61,26.89,SW,0.86,0.44,1.6
TA00216,Makerere Synoptic,2018-04-24,92.33,2,87.732,1630.92,20.93,19.1,24.29,SW,0.79,0.31,2.33
TA00216,Makerere Synoptic,2018-04-25,83.33,1.52,87.74,4291.82,22.19,18.18,27.81,W,0.75,0.34,1.16
TA00216,Makerere Synoptic,2018-04-26,85.96,1.6,87.717,2849.58,21.18,17.9,26,W,0.72,0.42,1.24
TA00216,Makerere Synoptic,2018-04-27,86.42,1.63,87.783,4099.34,21.14,17.24,26.32,W,0.76,0,1.98
TA00216,Makerere Synoptic,2018-04-28,85.17,0.91,87.771,3740.79,22.31,17.85,26.4,SW,0.76,0.32,1.25
TA00216,Makerere Synoptic,2018-04-29,84.67,0.68,87.801,2893.9,21.67,18.6,27.06,NW,0.83,0.43,1.44
TA00216,Makerere Synoptic,2018-04-30,78.96,0.38,87.762,5125.62,22.86,19.23,27.46,SW,0.9,0.47,1.37
TA00216,Makerere Synoptic,2018-05-01,88.25,0.42,87.877,2578.19,21.05,17.71,25.95,N,0.89,0,6.7
TA00216,Makerere Synoptic,2018-05-02,83.5,0.38,87.822,2906.37,21.85,17.21,26.93,NW,0.75,0.33,1.53
TA00216,Makerere Synoptic,2018-05-03,82.5,0.24,87.64,3846.21,23.13,19.78,27.92,SW,0.73,0.36,1.16
TA00216,Makerere Synoptic,2018-05-04,81.38,0.14,87.617,3835.08,23.5,20.24,28.08,SW,0.76,0.45,1.27
TA00216,Makerere Synoptic,2018-05-05,91.17,0.16,87.668,1450.53,21.59,19.61,24.63,W,0.69,0.4,1.31
TA00216,Makerere Synoptic,2018-05-06,86.75,0.18,87.771,3040.48,22.07,18.27,26.85,W,0.72,0.31,1.48
TA00216,Makerere Synoptic,2018-05-07,84.13,0.16,87.807,3396.68,22.46,18.29,27.79,W,0.75,0.4,1.33
TA00216,Makerere Synoptic,2018-05-08,84.25,0.1,87.668,3159.08,22.48,19.83,27.29,SW,0.73,0.37,1.41
TA00216,Makerere Synoptic,2018-05-09,82.67,0.08,87.625,2605.26,22.89,19.54,27.39,NW,0.74,0.32,1.54
TA00216,Makerere Synoptic,2018-05-10,81.46,0.04,87.714,3593.77,23.32,20.26,27.08,W,0.76,0.4,1.24
TA00216,Makerere Synoptic,2018-05-11,92.71,0.04,87.713,992.72,20.13,18.53,23.5,NW,0.83,0.32,2.05
TA00216,Makerere Synoptic,2018-05-12,86.71,0.02,87.676,3483.47,21.94,18.95,27.59,W,0.69,0.39,1.2
TA00216,Makerere Synoptic,2018-05-13,84.58,0.02,87.613,3640.18,23.02,19.37,28.56,SW,0.7,0.36,1.23
TA00216,Makerere Synoptic,2018-05-14,75.96,0.02,87.585,4329.51,23.4,19.55,28.78,SW,0.78,0.34,1.3
TA00216,Makerere Synoptic,2018-05-15,80.79,0,87.697,2965.28,22.19,18.76,25.64,NW,0.85,0.44,1.28
TA00216,Makerere Synoptic,2018-05-16,80.21,0,87.777,2692.15,21.96,18,27.11,W,0.67,0.3,1.19
TA00216,Makerere Synoptic,2018-05-17,78.42,0,87.703,4196.15,23.29,19.53,27.47,SW,0.87,0.39,1.55
TA00216,Makerere Synoptic,2018-05-18,85.5,0.14,87.619,2191.56,22.12,18.98,27.26,NW,0.65,0.4,1
TA00216,Makerere Synoptic,2018-05-19,87.38,0.07,87.697,2531.57,21.05,19.03,26.07,SW,0.71,0.3,1.11
TA00216,Makerere Synoptic,2018-05-20,85.96,0.02,87.609,2204.02,21.75,19.02,25.56,NW,0.73,0.38,1.09
TA00216,Makerere Synoptic,2018-05-21,84.33,0,87.72,2774.89,21.4,19.56,24.57,NE,0.84,0.23,1.28
TA00216,Makerere Synoptic,2018-05-22,87.58,0,87.884,1652.99,20.22,18.6,23.06,NW,0.67,0.29,1.14
TA00216,Makerere Synoptic,2018-05-23,80.67,0,87.873,3332.31,21.5,18.08,26.23,NW,0.69,0.3,1.26
TA00216,Makerere Synoptic,2018-05-24,79.17,0,87.779,4052.89,22.02,18.7,26.99,S,1.01,0.26,2.1
TA00216,Makerere Synoptic,2018-05-25,89.75,0.1,87.712,1577.31,20.85,17.81,26,NW,0.54,0.27,0.9
TA00216,Makerere Synoptic,2018-05-26,86.25,0,87.749,2195.85,22.07,19.16,25.89,W,0.57,0.29,0.82
TA00216,Makerere Synoptic,2018-05-27,86.13,0,87.843,2788.66,21.62,18.55,26.19,W,0.59,0.3,1.07
TA00216,Makerere Synoptic,2018-05-28,79.63,0,87.846,4687.42,22.14,17.95,27.58,SW,0.81,0.33,1.47
TA00216,Makerere Synoptic,2018-05-29,73,0.07,87.81,4461.5,22.17,18.08,27.3,SW,0.82,0.28,1.54
TA00216,Makerere Synoptic,2018-05-30,70.04,0,87.837,3940.2,23.01,19.05,28.11,S,0.99,0.42,1.87
TA00216,Makerere Synoptic,2018-05-31,84.96,0.09,87.86,1844.99,21.7,18.98,26.46,W,0.61,0.2,1.18
TA00216,Makerere Synoptic,2018-06-01,79.67,0.02,87.85,3956.08,22.97,18.56,27.43,S,0.91,0.3,1.77
TA00216,Makerere Synoptic,2018-06-02,84.83,0,87.852,2599.87,22.19,18.69,27.04,NW,0.63,0.34,1.02
TA00216,Makerere Synoptic,2018-06-03,83.58,0,87.769,2868.83,22.65,18.63,27.11,W,0.64,0.32,1.14
TA00216,Makerere Synoptic,2018-06-04,92.46,0,87.763,873.28,20.28,18.66,23.11,SW,0.62,0.3,1.44
TA00216,Makerere Synoptic,2018-06-05,93.71,0,87.883,1233.57,18.74,16.89,20.99,NE,0.59,0.21,1.41
TA00216,Makerere Synoptic,2018-06-06,86,0.02,87.927,2072.75,20.42,17.26,24.63,NW,0.52,0.24,0.68
TA00216,Makerere Synoptic,2018-06-07,84.08,0,87.939,2089.16,21.69,18.51,26.18,S,0.56,0.24,1.21
TA00216,Makerere Synoptic,2018-06-08,79.71,0.02,87.968,3045.74,21.91,19.54,26.48,S,0.89,0.32,2.05
TA00216,Makerere Synoptic,2018-06-09,76.88,0,87.923,3109.6,22.13,18.8,27.23,S,0.94,0.37,2
TA00216,Makerere Synoptic,2018-06-10,73.13,0,87.925,3948.96,22.81,19.13,27.43,SW,0.8,0.26,1.55
TA00216,Makerere Synoptic,2018-06-11,75.71,0,87.969,3909.36,23.09,18.41,28.46,SW,0.77,0.26,1.6
TA00216,Makerere Synoptic,2018-06-12,70.96,0.02,88.002,3167.84,22.18,18.52,26.9,S,0.65,0.27,1.28
TA00216,Makerere Synoptic,2018-06-13,81.96,0,87.963,3277.2,21.04,17.25,26.09,NW,0.62,0.27,1.2
TA00216,Makerere Synoptic,2018-06-14,84,0,87.93,3422.2,21.51,18.79,26.69,NW,0.76,0.28,1.89
TA00216,Makerere Synoptic,2018-06-15,78.5,0,87.882,3218.6,22.64,18.28,27.19,NW,0.65,0.36,1.19
TA00216,Makerere Synoptic,2018-06-16,77.13,0,87.874,3931.31,23.01,18.97,28.09,SW,0.71,0.33,1.39
TA00216,Makerere Synoptic,2018-06-17,73.29,0,87.781,3214.84,22.77,19.02,27.53,S,0.78,0.4,1.51
TA00216,Makerere Synoptic,2018-06-18,77,0.02,87.71,2915.39,22.69,17.39,27.12,SW,0.69,0.43,1.18
TA00216,Makerere Synoptic,2018-06-19,83.67,0.02,87.865,3374.57,21.21,17.14,25.8,W,0.66,0.29,1.32
TA00216,Makerere Synoptic,2018-06-20,86.21,0.02,87.998,1956.14,20.38,18.13,23.57,SW,0.57,0.27,1.04
TA00216,Makerere Synoptic,2018-06-21,85.38,0,88.014,2725.06,20.96,17.79,26.92,NW,0.54,0.28,0.97
TA00216,Makerere Synoptic,2018-06-22,85.17,0,87.973,2289.35,20.11,17.66,23.84,W,0.6,0.28,1.01
TA00216,Makerere Synoptic,2018-06-23,81.46,0,87.879,2450.9,21.28,16.75,26.44,W,0.64,0.36,1.02
TA00216,Makerere Synoptic,2018-06-24,79.33,0,87.797,3092.42,21.67,16.64,26.9,N,0.63,0.36,0.94
TA00216,Makerere Synoptic,2018-06-25,81.83,0,87.747,3820.87,21.75,17.54,26.91,SW,0.66,0.37,1.09
TA00216,Makerere Synoptic,2018-06-26,89.13,0.06,87.781,1674.84,19.69,17.4,23.89,SW,0.52,0.28,0.96
TA00216,Makerere Synoptic,2018-06-27,80.63,0,87.785,2922.46,21.24,18,26.89,W,0.72,0.32,1.46
TA00216,Makerere Synoptic,2018-06-28,79.21,0,87.727,2939.07,21.76,18.17,27.11,S,0.7,0.3,1.6
TA00216,Makerere Synoptic,2018-06-29,81.04,0,87.638,2275.58,21.79,18.18,26.56,NW,0.58,0.27,0.9
TA00216,Makerere Synoptic,2018-06-30,83.88,0.04,87.621,3046.81,21.28,18.08,26.53,SW,0.66,0.33,1.33
TA00216,Makerere Synoptic,2018-07-01,85.38,0,87.675,2306.33,21.13,18.24,26.22,W,0.65,0.32,1.31
TA00216,Makerere Synoptic,2018-07-02,88.92,0.13,87.708,1931.16,20.21,17.47,26.22,W,0.53,0.28,0.94
TA00216,Makerere Synoptic,2018-07-03,82.46,0.02,87.732,3433.85,21.55,17.02,26.37,SW,0.77,0,3.48
TA00216,Makerere Synoptic,2018-07-04,80.83,2.6,87.795,2723.78,21.61,17.6,25.63,S,0.66,0.25,1.32
TA00216,Makerere Synoptic,2018-07-05,80.08,0.06,87.936,4013.9,21.07,17.83,25.71,S,0.81,0.41,1.37
TA00216,Makerere Synoptic,2018-07-06,71.04,0,87.989,5342.13,21.25,15.76,25.78,SE,1.24,0.24,2.31
TA00216,Makerere Synoptic,2018-07-07,74.88,0.02,87.929,5425.17,20.95,16.12,26.17,S,0.9,0.21,1.76
TA00216,Makerere Synoptic,2018-07-08,74.04,1.38,87.93,3181.08,21.14,17.77,24.63,SE,0.89,0.21,1.86
TA00216,Makerere Synoptic,2018-07-09,79.75,0.04,87.949,3670.65,20.89,17.6,26.09,SE,0.77,0.26,1.7
TA00216,Makerere Synoptic,2018-07-10,73.79,0,87.965,4355.11,22.15,18.61,26.53,S,0.77,0.25,1.56
TA00216,Makerere Synoptic,2018-07-11,83.17,2.82,87.982,1989.1,20.69,18.48,23.49,SE,0.54,0.13,1
TA00216,Makerere Synoptic,2018-07-12,79.67,1.72,87.949,4235.45,21.39,17.52,26.55,S,0.67,0.2,1.45
TA00216,Makerere Synoptic,2018-07-13,77,0,87.879,3261.56,21.58,18.09,26.38,S,0.59,0.23,1.5
TA00216,Makerere Synoptic,2018-07-14,81.42,0,87.852,2109.57,20.78,18.24,25.34,S,0.59,0.16,1.28
TA00216,Makerere Synoptic,2018-07-15,79.04,0.39,87.852,3132.71,21.06,18.12,26.81,S,0.59,0.15,1.44
TA00216,Makerere Synoptic,2018-07-16,76.67,0,87.958,4202.57,20.59,15.47,25.59,S,0.81,0.18,1.8
TA00216,Makerere Synoptic,2018-07-17,70.29,0.09,87.97,5138.95,21.59,15.77,26.75,S,0.71,0.19,1.6
TA00216,Makerere Synoptic,2018-07-18,63.96,0,87.884,5136.87,22.47,18.86,26.46,SE,1,0.2,1.85
TA00216,Makerere Synoptic,2018-07-19,67.38,0,87.848,5403.22,22.52,18.75,26.71,S,0.95,0.17,1.96
TA00216,Makerere Synoptic,2018-07-20,71.33,3.36,87.858,5595.04,21.74,17.85,27.33,S,0.66,0.14,1.38
TA00216,Makerere Synoptic,2018-07-21,74.04,0,87.879,4982.1,22.46,18.47,27.79,S,0.69,0.13,1.6
TA00216,Makerere Synoptic,2018-07-22,73.42,0,87.889,5137.42,22.86,19.94,26.96,S,0.84,0.22,1.61
TA00216,Makerere Synoptic,2018-07-23,68.58,0,87.871,4778.38,22.72,20.01,26.52,S,1.1,0.45,1.78
TA00216,Makerere Synoptic,2018-07-24,63.83,0,87.883,5077.03,22.48,18.18,26.94,S,1.15,0.36,1.94
TA00216,Makerere Synoptic,2018-07-25,71.21,0.12,87.822,3627.42,21.83,18.56,26.28,S,0.81,0.22,1.58
TA00216,Makerere Synoptic,2018-07-26,76.79,1.86,87.883,3956.88,21.95,18.36,27.09,S,0.57,0.15,1.39
TA00216,Makerere Synoptic,2018-07-27,73.08,0,87.963,4803.86,23.04,19.5,27.51,S,0.73,0.18,1.39
TA00216,Makerere Synoptic,2018-07-28,75.5,0,87.92,5142.08,22.55,18.3,27.96,S,0.68,0.17,1.39
TA00216,Makerere Synoptic,2018-07-29,73.67,0,87.874,4435.69,22.62,17.86,28.02,NE,0.71,0.21,1.31
TA00216,Makerere Synoptic,2018-07-30,86.92,4.32,87.833,2469.56,20.7,18.59,26.31,SE,0.55,0.27,1.06
TA00216,Makerere Synoptic,2018-07-31,82.54,1.02,87.735,4113.78,22.51,18.25,28.4,S,0.64,0.31,0.93
TA00216,Makerere Synoptic,2018-08-01,88.88,29.44,87.836,2254.35,19.79,17.35,23.89,SE,0.6,0.24,1.21
TA00216,Makerere Synoptic,2018-08-02,77.79,0,87.825,4707.24,22.66,17.41,28.22,SE,0.62,0.2,1.32
TA00216,Makerere Synoptic,2018-08-03,79.42,7.48,87.867,4047,22.09,18.33,28.03,SE,0.53,0.2,0.88
TA00216,Makerere Synoptic,2018-08-04,83.71,9.08,87.878,3172.83,21.2,17.73,27.32,S,0.61,0.18,0.99
TA00216,Makerere Synoptic,2018-08-05,80.17,0.04,87.863,4352.14,21.98,16.45,27.23,S,0.68,0.21,1.35
TA00216,Makerere Synoptic,2018-08-06,86.79,10.17,87.922,3203.03,20.82,17.82,27.41,E,0.88,0.48,1.44
TA00216,Makerere Synoptic,2018-08-07,77.13,0,87.887,5522.5,21.83,17.4,27.73,S,0.81,0.25,1.65
TA00216,Makerere Synoptic,2018-08-08,77.17,0.02,87.873,4105.83,22.4,17.03,29.55,SE,0.62,0.19,1.12
TA00216,Makerere Synoptic,2018-08-09,77.67,0,87.896,4563.35,22.76,17.77,28.59,E,0.85,0.19,1.61
TA00216,Makerere Synoptic,2018-08-10,76.29,1.11,87.918,3178.9,21.48,17.85,26.83,SE,0.73,0.32,1.29
TA00216,Makerere Synoptic,2018-08-11,0,0.05,87.825,5090.88,22.44,17.75,27.65,S,0.81,0.2,1.46
TA00216,Makerere Synoptic,2018-08-12,0,0,87.91,3422.41,21.67,18.3,26.21,S,0.86,0.3,2.02
TA00216,Makerere Synoptic,2018-08-13,0,0.17,87.923,2814.98,21.5,19,26.11,S,0.67,0.18,1.51
TA00216,Makerere Synoptic,2018-08-14,0,0,87.907,4235.11,21.61,16.71,26.19,S,0.7,0.18,1.49
TA00216,Makerere Synoptic,2018-08-15,0,0,87.858,5494.5,22.09,16.29,27.57,S,0.85,0.27,1.79
TA00216,Makerere Synoptic,2018-08-16,0,0,87.888,3475.58,21.74,18.29,27.96,SE,0.8,0.25,1.65
TA00216,Makerere Synoptic,2018-08-17,0,0,87.791,4747.58,22.25,17.79,27.49,S,0.82,0.13,1.64
TA00216,Makerere Synoptic,2018-08-18,0,0,87.728,2930.29,22.46,17.63,27.38,SE,0.77,0.22,1.34
TA00216,Makerere Synoptic,2018-08-19,0,0,87.771,3510.21,22.06,18.45,27.41,E,0.73,0.19,1.54
TA00216,Makerere Synoptic,2018-08-20,60.54,0,87.769,3361.4,22.48,18.46,27.54,S,0.73,0.17,1.42
TA00216,Makerere Synoptic,2018-08-21,87.13,1.69,87.927,1913.73,20.61,17.02,24.75,E,0.84,0.36,1.48
TA00216,Makerere Synoptic,2018-08-22,80,0,87.843,4854.44,22.14,17.41,28.06,E,0.84,0.15,1.47
TA00216,Makerere Synoptic,2018-08-23,86.54,0.06,87.79,2322.68,21.06,18.42,26.38,NE,0.72,0.32,1.16
TA00216,Makerere Synoptic,2018-08-24,86.17,0.18,87.883,2319.92,20.32,17.69,24.56,E,0.58,0.25,0.85
TA00216,Makerere Synoptic,2018-08-25,89.04,1.88,87.926,2402.79,20.07,17.65,26.44,SE,0.57,0.24,1.14
TA00216,Makerere Synoptic,2018-08-26,85.5,19.73,87.8,4743.49,21.25,16.88,28.56,E,2.94,0,33.68
TA00216,Makerere Synoptic,2018-08-27,90.08,2.01,87.845,2041.77,19.64,17.31,24,S,0.72,0.24,1.29
TA00216,Makerere Synoptic,2018-08-28,81.42,0.08,87.773,3206.63,21.47,16.94,27.53,E,0.68,0.23,1.07
TA00216,Makerere Synoptic,2018-08-29,85.38,2.62,87.833,3339.61,20.63,17.94,25.88,E,0.91,0.28,1.88
TA00216,Makerere Synoptic,2018-08-30,82.46,1.07,87.667,4767.17,21.56,17.43,26.38,S,0.98,0.36,1.56
TA00216,Makerere Synoptic,2018-08-31,84.58,0,87.65,2112.07,21.57,18.97,25.63,SE,0.68,0.21,1.27
TA00216,Makerere Synoptic,2018-09-01,83.33,0.41,87.676,3712.3,22.37,18.24,27.79,SE,0.81,0.21,1.58
TA00216,Makerere Synoptic,2018-09-02,75.88,0.19,87.586,4596.35,23.27,17.2,28.61,SE,0.78,0.2,1.57
TA00216,Makerere Synoptic,2018-09-03,85.92,0.84,87.618,2592.8,21.39,19.12,26.37,E,0.67,0.28,1.05
TA00216,Makerere Synoptic,2018-09-04,86.79,15.88,87.729,2976.85,20.67,18.07,26.84,SE,1.67,0,10.06
TA00216,Makerere Synoptic,2018-09-05,87.79,2.02,87.77,2430.75,20.73,18.6,26.87,S,0.5,0.21,1.04
TA00216,Makerere Synoptic,2018-09-06,81,0.2,87.686,4651.11,22.35,18.79,27.8,S,0.78,0.33,1.42
TA00216,Makerere Synoptic,2018-09-07,78.5,0.04,87.599,4881.92,22.8,18.38,27.96,S,0.76,0.21,1.33
TA00216,Makerere Synoptic,2018-09-08,87.04,36.32,87.668,2917.98,20.97,16.7,28.28,SE,2.22,0,33.74
TA00216,Makerere Synoptic,2018-09-09,80.92,0.05,87.704,4264.75,22.33,17.83,28.87,SE,0.73,0.2,1.34
TA00216,Makerere Synoptic,2018-09-10,81.21,2.35,87.691,3383.16,21.41,18.8,29.03,SE,0.67,0.26,1.51
TA00216,Makerere Synoptic,2018-09-11,78.92,0.12,87.69,3237.23,22.46,18.74,28.66,E,0.75,0.23,1.64
TA00216,Makerere Synoptic,2018-09-12,84.67,2.66,87.756,2773.4,19.98,17.55,24.67,E,0.72,0.3,1.65
TA00216,Makerere Synoptic,2018-09-13,75.42,0,87.719,5523.33,22.92,17.66,29.9,E,0.83,0.3,1.59
TA00216,Makerere Synoptic,2018-09-14,78.79,0.66,87.719,3346.18,22.4,18.46,27.48,SE,0.62,0.28,1.1
TA00216,Makerere Synoptic,2018-09-15,72.29,0,87.652,5818.4,23.87,18.72,29.15,E,0.92,0.34,1.59
TA00216,Makerere Synoptic,2018-09-16,78.13,0.4,87.608,3443.82,22.67,19.25,29.2,E,0.9,0.27,1.95
TA00216,Makerere Synoptic,2018-09-17,77.67,0,87.565,4228.94,23,17.88,29.77,E,0.69,0.23,1.27
TA00216,Makerere Synoptic,2018-09-18,74.13,0.08,87.585,4936.63,23.62,19.35,30.04,SE,0.8,0.23,1.34
TA00216,Makerere Synoptic,2018-09-19,81.5,1.62,87.68,3629.83,21.17,18.18,28.92,E,0.97,0.37,1.53
TA00216,Makerere Synoptic,2018-09-20,77.42,0,87.65,4914.53,22.85,17.78,28.34,E,0.75,0.29,1.44
TA00216,Makerere Synoptic,2018-09-21,75.79,0.04,87.608,4877.03,22.66,18.16,28.84,S,0.83,0.18,1.75
TA00216,Makerere Synoptic,2018-09-22,74.54,0.06,87.593,4458.44,23.58,18.62,29.58,SE,0.89,0.23,1.78
TA00216,Makerere Synoptic,2018-09-23,84.17,3.63,87.646,2211.26,21.42,18.58,26.94,SE,0.56,0.26,1.11
TA00216,Makerere Synoptic,2018-09-24,76.42,0.26,87.595,4756.02,23.27,18.1,29.18,SE,0.73,0.25,1.43
TA00216,Makerere Synoptic,2018-09-25,66.92,0,87.67,5025.34,24.41,19.6,30.95,SE,0.77,0.35,1.34
TA00216,Makerere Synoptic,2018-09-26,70.21,0,87.654,4871.38,23.83,19.16,31.31,SE,0.73,0.2,1.36
TA00216,Makerere Synoptic,2018-09-27,73.25,0,87.555,3254.76,23.83,19.86,29.1,SE,0.5,0.17,1.25
TA00216,Makerere Synoptic,2018-09-28,80.88,9.07,87.526,3338.88,22.66,20.28,28.17,SE,0.62,0.22,1.12
TA00216,Makerere Synoptic,2018-09-29,77.25,1.04,87.661,5126.76,22.22,18.61,28.03,NE,0.73,0.35,1.21
TA00216,Makerere Synoptic,2018-09-30,74.38,0,87.642,4326.32,22.85,18.08,28.55,S,0.76,0.17,1.49
TA00216,Makerere Synoptic,2018-10-01,72.25,0,87.587,4552.24,23.22,19.55,28.13,SE,0.71,0.37,1.25
TA00216,Makerere Synoptic,2018-10-02,68.25,0,87.626,4412.13,23.76,20.62,29.68,SE,0.75,0.14,1.34
TA00216,Makerere Synoptic,2018-10-03,80.88,6.29,87.668,2006.32,21.35,17.42,27.08,NE,0.55,0.32,0.82
TA00216,Makerere Synoptic,2018-10-04,78.33,0.09,87.711,2681.78,22.66,18.81,28.3,E,0.59,0.25,1.13
TA00216,Makerere Synoptic,2018-10-05,79.71,11.72,87.676,3632.1,22.96,19.19,28.48,NE,0.78,0.2,2.22
TA00216,Makerere Synoptic,2018-10-06,75.5,0.93,87.663,5285.77,23.82,19.54,30.5,S,0.8,0.36,1.2
TA00216,Makerere Synoptic,2018-10-07,77.46,0,87.658,3711.49,22.09,18.74,30,E,0.92,0.46,1.76
TA00216,Makerere Synoptic,2018-10-08,82.75,0.02,87.618,3197.94,22.2,18.49,27.66,NE,0.66,0.31,1.14
TA00216,Makerere Synoptic,2018-10-09,83.83,0.1,87.531,4069.43,22.75,18.83,28.76,S,0.66,0.23,1.62
TA00216,Makerere Synoptic,2018-10-10,91.42,4.33,87.654,2775.5,20.77,18.53,24.55,E,0.71,0.25,1.4
TA00216,Makerere Synoptic,2018-10-11,85.33,1.15,87.672,3241.78,21.29,18.32,28.15,E,0.68,0.26,1.15
TA00216,Makerere Synoptic,2018-10-12,86.71,0.48,87.682,1810.97,20.31,17.79,23.3,E,0.6,0.21,1.32
TA00216,Makerere Synoptic,2018-10-13,80.58,0.07,87.63,4507.94,22.82,17.13,29.13,E,0.75,0.2,1.36
TA00216,Makerere Synoptic,2018-10-14,88.54,48.23,87.789,2300.38,20.16,16.92,24.21,SE,1.01,0,9.2
TA00216,Makerere Synoptic,2018-10-15,83.54,0,87.782,3640.5,21.76,18.61,28,SE,0.7,0.21,1.28
TA00216,Makerere Synoptic,2018-10-16,82.63,19.77,87.747,3581.35,21.86,17.1,29.2,SE,1,0.23,10.48
TA00216,Makerere Synoptic,2018-10-17,83.04,1.81,87.589,3494.6,22.37,19.15,29.14,SE,0.73,0.32,1.26
TA00216,Makerere Synoptic,2018-10-18,82.88,0,87.572,3230.95,21.36,18.22,25.96,SE,0.67,0.24,1.63
TA00216,Makerere Synoptic,2018-10-19,89.67,0.09,87.724,2220.65,19.91,17.47,24.1,E,0.81,0.45,1.04
TA00216,Makerere Synoptic,2018-10-20,82.5,0.45,87.703,4534.44,22.23,17.24,27.5,S,0.69,0.22,1.21
TA00216,Makerere Synoptic,2018-10-21,78.46,4.13,87.63,5659.36,23.42,18.1,28.36,S,0.83,0.29,1.46
TA00216,Makerere Synoptic,2018-10-22,70.38,0,87.624,5803.29,23.77,19.51,28.33,S,0.94,0.21,1.88
TA00216,Makerere Synoptic,2018-10-23,74.13,17.27,87.746,5562.18,23.18,17.49,28.38,SE,0.95,0,1.92
TA00216,Makerere Synoptic,2018-10-24,78,2.33,87.678,4384.98,23.16,17.59,27.92,S,2.71,0,32.62
TA00216,Makerere Synoptic,2018-10-25,91.13,34.35,87.715,2094.59,20.51,17.9,26.98,SE,1.85,0,22.1
TA00216,Makerere Synoptic,2018-10-26,84.67,13.84,87.778,4273.73,21.93,18.35,26.63,S,0.89,0.35,1.61
TA00216,Makerere Synoptic,2018-10-27,83.38,6.74,87.81,3612.22,22.41,17.9,26.77,SE,1.02,0.67,1.61
TA00216,Makerere Synoptic,2018-10-28,76.58,2.3,87.752,4967.7,22.98,17.73,30.21,SE,0.7,0.37,1.15
TA00216,Makerere Synoptic,2018-10-29,78.83,0.25,87.628,4459.35,23.06,18.4,28.16,SE,0.97,0.36,2.29
TA00216,Makerere Synoptic,2018-10-30,86.25,44.93,87.576,3082.72,21.96,17.99,26.9,SE,0.78,0.3,1.85
TA00216,Makerere Synoptic,2018-10-31,84.21,4.13,87.57,2576.05,21.58,18.09,28.75,SW,0.69,0.28,1.8
TA00216,Makerere Synoptic,2018-11-01,82.79,1.35,87.604,2828.78,21.46,18.91,26.54,S,0.88,0.3,2.07
TA00216,Makerere Synoptic,2018-11-02,78.38,7.8,87.573,5318.15,23.19,18.12,29.34,S,0.7,0.24,1.17
TA00216,Makerere Synoptic,2018-11-03,84.54,7.14,87.596,2907.88,22.08,19.59,27.75,SE,0.62,0.26,1.22
TA00216,Makerere Synoptic,2018-11-04,90.42,5,87.633,2375.95,21,19.08,26.38,NE,0.63,0.31,1.17
TA00216,Makerere Synoptic,2018-11-05,80.29,0.07,87.561,3968.53,22.74,18.25,29.32,S,0.74,0.19,1.57
TA00216,Makerere Synoptic,2018-11-06,80.33,0,87.547,3843.58,22.7,18.77,29.5,SE,0.62,0.28,1.12
TA00216,Makerere Synoptic,2018-11-07,74.58,0,87.617,3935.9,23.98,19.98,30.36,SE,0.81,0.28,1.89
TA00216,Makerere Synoptic,2018-11-08,79.42,19.32,87.671,4653.88,22.74,17.12,29.65,E,0.76,0.29,1.55
TA00216,Makerere Synoptic,2018-11-09,80.83,11.39,87.681,4057.21,21.9,17.16,28.25,SE,1.03,0.36,2.44
TA00216,Makerere Synoptic,2018-11-10,86.38,0,87.718,2318.92,21.12,18.3,27.08,E,0.84,0.36,1.21
TA00216,Makerere Synoptic,2018-11-11,90,35.71,87.767,3025.11,20.65,18.07,28.25,SE,2.04,0,28.34
TA00216,Makerere Synoptic,2018-11-12,81.21,4.12,87.597,5403.87,23.07,17.84,28.35,S,0.92,0.28,1.49
TA00216,Makerere Synoptic,2018-11-13,79.29,20.02,87.523,4295.44,22.64,17.68,29.14,SE,0.87,0,2.07
TA00216,Makerere Synoptic,2018-11-14,76.5,0,87.397,5205.46,23.78,18.39,29.77,SE,1.12,0.3,2.89
TA00216,Makerere Synoptic,2018-11-15,80.83,3.49,87.54,3022.36,22.52,18.87,30.06,SE,1.17,0.33,3.14
TA00216,Makerere Synoptic,2018-11-16,81.38,0.32,87.707,3215.17,22.54,19.51,27.73,SE,0.93,0.44,2.06
TA00216,Makerere Synoptic,2018-11-17,82.17,6.35,87.705,3282.16,22.8,18.94,27.72,SE,1.15,0.4,2.48
TA00216,Makerere Synoptic,2018-11-18,81.17,26.32,87.743,4053.65,22.42,17.79,28.16,S,0.88,0.5,1.58
TA00216,Makerere Synoptic,2018-11-19,79.5,0.82,87.63,4089.4,23.32,18.69,30.25,SE,0.73,0.32,1.19
TA00216,Makerere Synoptic,2018-11-20,80,12.11,87.64,4630.45,23.45,17.72,29.03,S,0.7,0.29,1.29
TA00216,Makerere Synoptic,2018-11-21,76.21,0.05,87.634,4508.37,23.77,19.23,30.12,S,0.67,0.31,1.31
TA00216,Makerere Synoptic,2018-11-22,79.83,0.02,87.641,4369.34,23.47,19.9,29.04,S,1.13,0.46,2.64
TA00216,Makerere Synoptic,2018-11-23,83.67,0.09,87.643,2820.5,22.5,18.85,28.63,S,0.73,0.37,1.18
TA00216,Makerere Synoptic,2018-11-24,80.29,0.07,87.695,3845.44,23.11,18.74,28.67,S,0.87,0.44,1.7
TA00216,Makerere Synoptic,2018-11-25,83.79,0.14,87.642,4334.46,23.41,19.99,28.9,S,0.9,0.37,1.75
TA00216,Makerere Synoptic,2018-11-26,77.83,0.06,87.558,4034.99,23.69,19.62,29.58,S,0.98,0.31,2.02
TA00216,Makerere Synoptic,2018-11-27,73.5,0.04,87.551,4916.73,24.45,18.91,30.6,S,1.02,0.22,1.98
TA00216,Makerere Synoptic,2018-11-28,73.38,0,87.544,4716.37,24.39,19.53,30.37,S,0.98,0.27,2.07
TA00216,Makerere Synoptic,2018-11-29,70.54,0,87.478,5049.9,24.65,19.29,30.77,SE,0.95,0.26,2.08
TA00216,Makerere Synoptic,2018-11-30,60.67,0,87.435,5149.88,24.98,20.15,32.03,SE,2.05,0.51,3.44
TA00216,Makerere Synoptic,2018-12-01,65.04,0,87.456,4382.59,24.27,18.98,30.95,SE,2.38,0.5,3.96
TA00216,Makerere Synoptic,2018-12-02,74.67,0.59,87.46,3712.15,23.8,19.16,30.38,SE,1.65,0.28,3.86
TA00216,Makerere Synoptic,2018-12-03,82.92,10.41,87.444,3224.91,21.57,18.37,29.92,E,0.86,0.32,1.35
TA00216,Makerere Synoptic,2018-12-04,87.33,4.75,87.602,2449.84,21.3,18.92,25.24,SE,0.57,0.2,0.89
TA00216,Makerere Synoptic,2018-12-05,85.54,0.02,87.661,3367.12,22.21,18.41,27.79,S,0.68,0.35,1.41
TA00216,Makerere Synoptic,2018-12-06,88.54,24.39,87.605,2505.44,21.68,17.99,27.87,S,1.11,0,6.65
TA00216,Makerere Synoptic,2018-12-07,77.42,0.12,87.432,4025.98,24.34,19.52,30.18,SE,0.98,0.4,1.92
TA00216,Makerere Synoptic,2018-12-08,76.25,15.38,87.623,3762.12,23.56,17.89,29.24,SE,1.34,0.48,4.21
TA00216,Makerere Synoptic,2018-12-09,91.79,0.95,87.881,2209.51,19.78,17.34,22.72,SE,0.88,0.38,1.55
TA00216,Makerere Synoptic,2018-12-10,85.79,5.21,87.932,2585.12,21.1,18.07,24.64,SE,0.75,0.37,1.27
TA00216,Makerere Synoptic,2018-12-11,98.29,17.84,88.014,757.54,17.91,16.7,19.68,SE,1.01,0.73,1.55
TA00216,Makerere Synoptic,2018-12-12,83.33,0.04,87.923,3272.1,22.01,16.82,28.23,SE,0.86,0.52,1.12
TA00216,Makerere Synoptic,2018-12-13,86.88,0,87.954,1994.96,21.42,18.47,26.24,S,0.65,0.4,0.97
TA00216,Makerere Synoptic,2018-12-14,83.46,0,87.89,3769.41,22.44,18.43,28.05,S,0.86,0.4,1.38
TA00216,Makerere Synoptic,2018-12-15,85.54,38.67,87.873,3753.42,22.02,17.44,27.75,S,0.89,0.4,1.94
TA00216,Makerere Synoptic,2018-12-16,81.71,0.54,87.838,4138.06,21.32,17.13,27.71,S,1.9,0,23.31
TA00216,Makerere Synoptic,2018-12-17,75.92,0.07,87.763,4934.68,23.9,18.31,31.12,SE,1.78,0.51,4.25
TA00216,Makerere Synoptic,2018-12-18,85.46,0.33,87.717,1833.93,22.34,19.11,26.51,S,0.89,0.53,1.35
TA00216,Makerere Synoptic,2018-12-19,82.71,0.29,87.717,2154.82,22.74,20.07,27.64,SE,1.3,0.38,3.41
TA00216,Makerere Synoptic,2018-12-20,86.92,0.97,87.687,1546.35,21.25,19.12,25.75,S,0.74,0.27,1.22
TA00216,Makerere Synoptic,2018-12-21,83.83,3.42,87.618,3013.8,22.34,19.24,27.67,SE,1.47,0.29,3.74
TA00216,Makerere Synoptic,2018-12-22,80.92,0.11,87.501,4209.52,23.32,18.74,29.92,SE,1.44,0.61,2.47
TA00216,Makerere Synoptic,2018-12-23,88,0.54,87.579,1204.27,20.92,19.27,23.95,SE,0.76,0.41,1.35
TA00216,Makerere Synoptic,2018-12-24,83.38,0.81,87.606,3880.76,22.61,19,28.05,S,1.59,0.58,3.97
TA00216,Makerere Synoptic,2018-12-25,82.21,0.19,87.608,3730.86,22.74,18.68,29.6,S,1.02,0.52,1.81
TA00216,Makerere Synoptic,2018-12-26,80.88,0.15,87.63,4824.01,24.02,19.37,30.12,SE,1.69,0.87,2.9
TA00216,Makerere Synoptic,2018-12-27,76.83,0.11,87.599,4630.73,23.92,18.99,30.15,SE,1.25,0.6,1.78
TA00216,Makerere Synoptic,2018-12-28,76.63,0.18,87.625,3862.07,23.9,18.7,30.47,SE,1.88,0.38,3.8
TA00216,Makerere Synoptic,2018-12-29,83.67,5.43,87.675,2808.7,21.24,18.32,28.77,SE,1.15,0.41,3.6
TA00216,Makerere Synoptic,2018-12-30,75.67,0,87.688,4810,23.57,17.69,29.75,SE,2.03,0.45,4.09
TA00216,Makerere Synoptic,2018-12-31,78.29,0,87.716,4296.84,23.44,17.44,28.94,SE,1.77,0.43,3.8
TA00216,Makerere Synoptic,2019-01-01,79.17,20.11,87.805,4515.33,22.74,17.2,30.07,SE,1.79,0,4.77
TA00216,Makerere Synoptic,2019-01-02,84.79,18.68,87.781,4294.26,22.27,18.27,29.82,S,0.92,0.39,1.48
TA00216,Makerere Synoptic,2019-01-03,76.5,8.34,87.687,3302.22,23.4,19.2,30.69,S,1.13,0.25,3.73
TA00216,Makerere Synoptic,2019-01-04,81.83,18.47,87.689,4347.27,22.61,17.35,29.76,SE,1.21,0,3.84
TA00216,Makerere Synoptic,2019-01-05,73,0.1,87.666,5034.16,24.27,17.96,31.29,SE,4.72,0,36.91
TA00216,Makerere Synoptic,2019-01-06,66.75,0,87.576,4612.63,24.76,19.05,31.44,SE,2.11,0.55,4.24
TA00216,Makerere Synoptic,2019-01-07,65.58,0,87.536,4747.04,25.12,20.4,32.55,SE,2.51,0.48,5.48
TA00216,Makerere Synoptic,2019-01-08,78.42,0.7,87.592,2510.11,22.67,19.15,29.38,SE,1.61,0.41,3.78
TA00216,Makerere Synoptic,2019-01-09,76.71,0,87.581,4150.46,24.24,20.02,30.24,SE,2.09,0.53,4.63
TA00216,Makerere Synoptic,2019-01-10,66,0,87.587,4031.51,25.47,20.2,32.16,SE,2.93,0.57,5.23
TA00216,Makerere Synoptic,2019-01-11,68.21,0,87.523,4022.66,25.21,19.51,31.97,SE,3.02,0.46,5.88
TA00216,Makerere Synoptic,2019-01-12,62.42,0,87.505,4914.39,24.88,19.01,32.71,SE,3.26,0.63,5.81
TA00216,Makerere Synoptic,2019-01-13,68.42,0.04,87.549,5103.02,24.29,17.93,32.85,SE,2.7,0.38,6.03
TA00216,Makerere Synoptic,2019-01-14,71.38,0,87.629,3265.53,24.29,19.38,30.67,SE,2.05,0.38,4.3
TA00216,Makerere Synoptic,2019-01-15,77.5,0.31,87.745,3666.6,22.74,19.32,30.14,SE,1.41,0.58,3.88
TA00216,Makerere Synoptic,2019-01-16,83.83,7.68,87.828,3840.94,21.77,17.91,26.99,SE,1.7,0.56,3.34
TA00216,Makerere Synoptic,2019-01-17,83.17,0.04,87.66,3625.78,23.02,18.1,28.46,SE,1.34,0.49,3.07
TA00216,Makerere Synoptic,2019-01-18,78.33,0.02,87.686,4100.23,23.3,19.65,29.79,SE,1.44,0.44,3.36
TA00216,Makerere Synoptic,2019-01-19,84.54,5.57,87.713,2554.3,21.64,18.77,28.18,S,1.13,0.49,3.42
TA00216,Makerere Synoptic,2019-01-20,92.38,12.03,87.775,1598.53,20.43,17.93,26.38,S,0.75,0.42,1.22
TA00216,Makerere Synoptic,2019-01-21,86.13,2.39,87.818,2720.17,21.63,18.45,27.43,SE,1.37,0.52,3.51
TA00216,Makerere Synoptic,2019-01-22,85.13,2.99,87.641,3449.64,22.61,19.32,28.71,S,1.34,0.47,3.46
TA00216,Makerere Synoptic,2019-01-23,87.92,3.47,87.645,2029.57,22.58,20.29,26.89,S,0.62,0.35,0.89
TA00216,Makerere Synoptic,2019-01-24,81.96,0.35,87.662,3375.54,23.73,20.51,30.21,SE,1.41,0.46,3.36
TA00216,Makerere Synoptic,2019-01-25,79.33,0.08,87.701,4867.56,24.29,20.29,29.55,SE,1.93,0.53,4.06
TA00216,Makerere Synoptic,2019-01-26,77.58,0.08,87.719,4731.17,23.98,19.58,30.58,SE,1.88,0.67,3.73
TA00216,Makerere Synoptic,2019-01-27,80.75,0.18,87.624,3232.96,24.02,19.32,31.6,S,1.45,0.43,3.26
TA00216,Makerere Synoptic,2019-01-28,78.79,0.17,87.536,4213.23,24.58,19.41,31.5,SE,1.79,0.37,3.9
TA00216,Makerere Synoptic,2019-01-29,74.54,0.05,87.585,4343.34,24.87,19.75,31.23,SE,1.9,0.58,3.89
TA00216,Makerere Synoptic,2019-01-30,69.5,0,87.636,4672.8,24.59,19.27,31.35,SE,2.5,0.38,4.82
TA00216,Makerere Synoptic,2019-01-31,72.63,0.04,87.624,4418.63,24.26,19.02,30.67,SE,2,0.47,3.96
TA00216,Makerere Synoptic,2019-02-01,75.17,0.13,87.636,4434.64,24.48,18.91,30.89,SE,1.96,0.5,3.8
TA00216,Makerere Synoptic,2019-02-02,66.63,0.04,87.575,4994.07,25.17,19.46,31.72,SE,2.43,0.5,4.47
TA00216,Makerere Synoptic,2019-02-03,71.33,0.14,87.51,4908.9,25.17,18.82,32.03,SE,2.2,0.43,4.3
TA00216,Makerere Synoptic,2019-02-04,73.67,0.12,87.479,4973.98,25.05,19.3,31.6,SE,2.33,0.46,4.77
TA00216,Makerere Synoptic,2019-02-05,76.79,0.02,87.53,3180.6,24.6,20.5,30.08,SE,2.4,0.73,4.73
TA00216,Makerere Synoptic,2019-02-06,76.5,0.08,87.58,4045.63,24.86,20.21,30.88,SE,1.86,0.45,3.74
TA00216,Makerere Synoptic,2019-02-07,79,0.08,87.638,3293.9,23.73,20.08,30.42,SE,1.81,0.35,3.62
TA00216,Makerere Synoptic,2019-02-08,76.88,0.04,87.541,4213.65,25.38,20.07,31.1,S,1.91,0.57,3.9
TA00216,Makerere Synoptic,2019-02-09,77.54,0,87.431,3217.31,25.78,21.45,31.57,SE,1.71,0.5,3.71
TA00216,Makerere Synoptic,2019-02-10,68.42,0,87.476,4479.56,26.08,21.01,33.37,SE,2.53,0.3,4.67
TA00216,Makerere Synoptic,2019-02-11,71.29,0,87.585,2563.3,24.34,21.35,28.8,SE,2.78,0.51,4.43
TA00216,Makerere Synoptic,2019-02-12,79.13,0.12,87.509,3649.75,24.78,20.07,30.26,SE,1.84,0.4,3.78
TA00216,Makerere Synoptic,2019-02-13,68.17,0.12,87.638,4923.16,25.63,19.91,32.49,SE,2.16,0.51,4.08
TA00216,Makerere Synoptic,2019-02-14,59.63,0,87.736,4917.36,26.38,20.17,32.68,SE,3.1,1.24,4.62
TA00216,Makerere Synoptic,2019-02-15,67.08,1.99,87.792,3213.31,23.87,20.57,31.2,SE,1.56,0.33,3.64
TA00216,Makerere Synoptic,2019-02-16,65.96,0,87.795,5753.17,24.74,20.67,28.88,NE,0.67,0.22,1.33
TA00216,Makerere Synoptic,2019-02-17,74.71,1.47,87.735,3694.69,23.36,19.72,28.04,E,0.64,0.2,1.34
TA00216,Makerere Synoptic,2019-02-18,66.17,0.46,87.636,4015.29,23.52,20.16,28.42,E,0.69,0.22,1.51
TA00216,Makerere Synoptic,2019-02-19,62.92,0,87.571,5233.37,24.56,20.19,30.97,E,0.74,0.34,1.55
TA00216,Makerere Synoptic,2019-02-20,68.13,0,87.635,5195.8,24.78,20.86,28.54,S,0.7,0.27,1.25
TA00216,Makerere Synoptic,2019-02-21,78.71,24.87,87.721,5436.57,22.74,17.22,28.4,SE,0.76,0.4,1.27
TA00216,Makerere Synoptic,2019-02-22,75.13,12.46,87.723,5381.76,22.06,16.94,28.16,E,0.87,0.39,1.45
TA00216,Makerere Synoptic,2019-02-23,78.79,36.88,87.74,5726.34,21.86,16.35,27.03,E,0.95,0.25,1.68
TA00216,Makerere Synoptic,2019-02-24,83.38,3.77,87.804,5469.73,20.87,15.97,25.28,NE,0.72,0.21,1.42
TA00216,Makerere Synoptic,2019-02-25,78.21,0.48,87.72,6784.75,22.54,17.58,27.09,S,0.64,0.25,1.23
TA00216,Makerere Synoptic,2019-02-26,72,0,87.543,6680.13,24.26,19.57,28.84,NW,0.62,0.24,1.09
TA00216,Makerere Synoptic,2019-02-27,73.5,0,87.56,7245.04,24.96,20.81,29.98,S,0.69,0.21,1.26
TA00216,Makerere Synoptic,2019-02-28,69.21,0.04,87.588,5715.91,24.54,20.93,28.82,NE,0.62,0.19,1.29
TA00216,Makerere Synoptic,2019-03-01,66.92,0,87.674,5216.36,24.53,20.64,29.53,E,0.61,0.23,1.13
TA00216,Makerere Synoptic,2019-03-02,77.67,0.53,87.83,3936.49,22.37,20.31,26.01,E,0.67,0.21,1.51
TA00216,Makerere Synoptic,2019-03-03,73.79,0,87.764,4738.79,23.47,19.03,27.18,S,0.62,0.23,1.04
TA00216,Makerere Synoptic,2019-03-04,87.21,21.32,87.756,4289.48,21.3,17.15,26.29,E,0.65,0.22,1.11
TA00216,Makerere Synoptic,2019-03-05,78.54,0.14,87.738,5645.62,22.71,18.78,27.63,S,0.6,0.22,1.09
TA00216,Makerere Synoptic,2019-03-06,73.71,3.98,87.823,5167.8,22.74,18.46,28.47,S,0.65,0.23,1.31
TA00216,Makerere Synoptic,2019-03-07,77.58,0.37,87.76,5462.28,22.36,18.55,27.01,S,0.67,0.3,1.03
TA00216,Makerere Synoptic,2019-03-08,63.13,0,87.696,4904.02,23.79,20.48,27.91,N,0.54,0.2,1.15
TA00216,Makerere Synoptic,2019-03-09,69.46,0,87.711,5713.91,24.54,20.49,28.18,S,0.63,0.24,1.16
TA00216,Makerere Synoptic,2019-03-10,74.13,0,87.731,6543.21,24.57,21.21,28.55,S,0.62,0.17,1.1
TA00216,Makerere Synoptic,2019-03-11,73.42,0,87.716,4943.49,23.99,20.63,29.34,NW,0.56,0.24,1.19
TA00216,Makerere Synoptic,2019-03-12,74.13,0.07,87.652,6240.72,24.68,20.54,28.86,S,0.61,0.17,1.26
TA00216,Makerere Synoptic,2019-03-13,70.13,0,87.718,6769.53,24.08,20.65,27.93,SW,0.74,0.27,1.23
TA00216,Makerere Synoptic,2019-03-14,73.21,0,87.684,6436.77,24.1,20.89,28.23,NE,0.7,0.28,1.12
TA00216,Makerere Synoptic,2019-03-15,71,0,87.58,6666.1,24.55,20.66,28.87,S,0.69,0.26,1.17
TA00216,Makerere Synoptic,2019-03-16,70.67,0,87.576,6281.64,25.12,20.7,29.87,S,0.72,0.26,1.28
TA00216,Makerere Synoptic,2019-03-17,67.04,0,87.643,5438.84,24.98,20.8,29.31,NE,0.76,0.19,1.48
TA00216,Makerere Synoptic,2019-03-18,70.96,0,87.663,6039.42,24.54,20.21,29.51,NE,0.63,0.2,1.38
TA00216,Makerere Synoptic,2019-03-19,71.96,0.02,87.511,5640.94,25.33,20.22,30,S,0.6,0.13,1.21
TA00216,Makerere Synoptic,2019-03-20,69.54,0.06,87.455,6435.22,25.72,21.46,30.52,S,0.74,0.17,1.4
TA00216,Makerere Synoptic,2019-03-21,70.08,0,87.535,5094.93,24.99,21.04,29.55,S,0.69,0.19,1.3
TA00216,Makerere Synoptic,2019-03-22,71.46,0,87.506,6486.31,25.15,21.09,29.95,S,0.69,0.25,1.41
TA00216,Makerere Synoptic,2019-03-23,69.54,0,87.423,6095.4,25.29,19.99,31.2,S,0.62,0.22,1.15
TA00216,Makerere Synoptic,2019-03-24,75.54,0.08,87.42,5536.74,24.86,20.81,29.74,S,0.68,0.24,1.32
TA00216,Makerere Synoptic,2019-03-25,73.04,0.43,87.567,4879.42,24.54,20.86,28.63,E,0.75,0.28,1.24
TA00216,Makerere Synoptic,2019-03-26,70.5,0,87.778,4554.91,23.77,19.97,28.39,E,0.76,0.22,1.3
TA00216,Makerere Synoptic,2019-03-27,85.46,11.56,87.908,2328.19,21.49,19,27.09,NE,0.6,0.19,1.19
TA00216,Makerere Synoptic,2019-03-28,81.42,0.34,87.932,4773.22,22.14,18.99,27.75,NE,0.75,0.39,1.48
TA00216,Makerere Synoptic,2019-03-29,76.5,0,87.715,5844.6,24.02,19.58,30.2,NE,0.6,0.27,1.01
TA00216,Makerere Synoptic,2019-03-30,78.13,0,87.709,4383.03,23.55,20.83,27.21,S,0.66,0.2,1.26
TA00216,Makerere Synoptic,2019-03-31,75.5,0,87.627,4935.39,24.23,20.3,28.26,S,0.66,0.24,1.3
TA00216,Makerere Synoptic,2019-04-01,74.79,0,87.658,5582.26,24.24,20.73,28.55,S,0.78,0.28,1.25
TA00216,Makerere Synoptic,2019-04-02,80.54,4.88,87.71,4538.82,22.06,18.74,25.72,N,0.71,0.22,1.57
TA00216,Makerere Synoptic,2019-04-03,74.54,0.05,87.625,5160.32,24.28,20.7,28.93,S,0.59,0.26,1.13
TA00216,Makerere Synoptic,2019-04-04,77.92,0.29,87.6,4139.2,24.1,20.63,29.29,S,0.61,0.2,1.18
TA00216,Makerere Synoptic,2019-04-05,78.21,0,87.591,5766.86,24.72,21.36,28.98,S,0.68,0.19,1.37
TA00216,Makerere Synoptic,2019-04-06,75.88,0.06,87.558,6202.4,25.2,21.44,30.62,S,0.65,0.2,1.19
TA00216,Makerere Synoptic,2019-04-07,72.46,0,87.588,4296.95,25.33,21.61,30.03,S,0.65,0.23,1.29
TA00216,Makerere Synoptic,2019-04-08,74.04,0,87.578,4297.28,24.83,21.21,29.95,NE,0.64,0.23,1.17
TA00216,Makerere Synoptic,2019-04-09,91.33,53.44,87.671,1871.91,20.27,17.14,24.14,E,0.71,0.23,1.23
TA00216,Makerere Synoptic,2019-04-10,79.88,0,87.699,4711.75,22.25,19.39,26.52,SE,0.62,0.22,1.11
TA00216,Makerere Synoptic,2019-04-11,78.33,0,87.569,5620.23,23.81,18.89,28.17,S,0.62,0.26,1.17
TA00216,Makerere Synoptic,2019-04-12,81.67,16.01,87.534,4696.81,23.26,17.6,27.52,NE,0.68,0.3,1.14
TA00216,Makerere Synoptic,2019-04-13,85.13,8.68,87.636,4872.37,22.22,18.91,26.83,NE,0.75,0.38,1.12
TA00216,Makerere Synoptic,2019-04-14,79.25,8.61,87.651,3998.54,23.58,19.66,28.24,S,0.55,0.24,1.17
TA00216,Makerere Synoptic,2019-04-15,81.71,4.62,87.703,4482.13,23.23,19.14,27.96,NW,0.61,0.26,1.14
TA00216,Makerere Synoptic,2019-04-16,78.54,0,87.767,4354.39,22.77,19.32,27.03,NE,0.65,0.28,1.22
TA00216,Makerere Synoptic,2019-04-17,76.75,0,87.765,3598.78,22.45,18.96,27.7,NE,0.55,0.18,1
TA00216,Makerere Synoptic,2019-04-18,76.38,0.04,87.72,6159.33,24.31,19.75,28.89,S,0.63,0.21,1.41
TA00216,Makerere Synoptic,2019-04-19,77.83,0.12,87.621,5810.26,24.84,20.28,29.61,S,0.68,0.24,1.17
TA00216,Makerere Synoptic,2019-04-20,70.04,0.39,87.626,4941.52,24.51,21.47,29.26,NE,0.81,0.23,1.58
TA00216,Makerere Synoptic,2019-04-21,76.71,30.67,87.55,4996.01,23.72,18.31,28.63,S,0.69,0.23,1.24
TA00216,Makerere Synoptic,2019-04-22,84.38,11.78,87.722,4792.4,21.65,17.45,26.52,SE,0.68,0.23,1.1
TA00216,Makerere Synoptic,2019-04-23,81.54,0.05,87.849,3554.45,22.15,19.12,25.36,S,0.63,0.26,1
TA00216,Makerere Synoptic,2019-04-24,78.13,0,87.747,4900.09,23.99,19.89,28.42,S,0.54,0.14,0.98
TA00216,Makerere Synoptic,2019-04-25,79.17,36.32,87.692,4210.7,24.02,18.47,28.35,E,0.68,0.29,1.09
TA00216,Makerere Synoptic,2019-04-26,90.63,3.78,87.81,2974.96,21.07,18.23,24.71,NE,0.6,0.17,0.9
TA00216,Makerere Synoptic,2019-04-27,85.21,2.37,87.876,3479.47,21.61,18.89,24.45,S,0.6,0.16,1.03
TA00216,Makerere Synoptic,2019-04-28,82.79,0,87.752,4297.77,23.26,19.21,27.22,S,0.54,0.19,1.16