{"error": null, "params": {"dates": [{"endDate": "04-30-2019", "startDate": "01-01-2017", "yearRange": [1980, 2050]}], "layers": [{"layer": "_1_km_monthly_EVI", "product": "MOD13A3.006"}, {"layer": "_1_km_monthly_NDVI", "product": "MOD13A3.006"}], "coordinates": [{"latitude": 0.300225, "longitude": 32.591553}]}, "status": "processing", "created": "2019-06-02T14:26:07.078349", "task_id": "14335c40-fba8-4639-a3fd-92c52f067823", "updated": "2019-06-02T14:26:08.194557", "user_id": "sserurich@gmail.com", "retry_at": null, "task_name": "nsambya-us-diplomatic-embasy-vi-2017-2019", "task_type": "point", "api_version": null, "svc_version": "2.21", "web_version": "2.21", "expires_on": "2019-07-02T14:26:08.194557", "attempts": 1}
