TimeStamp,PM2.5(Ug/m3),PM10(Ug/m3),hour,Hour
2019-03-28 10:00:00,74.59,80.64,10,0 days 10:00:00.000000000
2019-03-28 11:00:00,39.12,45.92,11,0 days 11:00:00.000000000
2019-03-28 12:00:00,34.18,40.12,12,0 days 12:00:00.000000000
2019-03-28 13:00:00,33.59,39.2,13,0 days 13:00:00.000000000
2019-03-28 14:00:00,33.27,38.79,14,0 days 14:00:00.000000000
2019-03-28 15:00:00,31.31,36.59,15,0 days 15:00:00.000000000
2019-03-28 16:00:00,36.74,43.07,16,0 days 16:00:00.000000000
2019-03-28 17:00:00,44.12,52.15,17,0 days 17:00:00.000000000
2019-03-28 18:00:00,63.32,73.79,18,0 days 18:00:00.000000000
2019-03-28 19:00:00,70.31,81.95,19,0 days 19:00:00.000000000
2019-03-28 20:00:00,74.77,86.06,20,0 days 20:00:00.000000000
2019-03-28 21:00:00,70.71,82.43,21,0 days 21:00:00.000000000
2019-03-28 22:00:00,58.04,68.83,22,0 days 22:00:00.000000000
2019-03-28 23:00:00,49.28,58.95,23,0 days 23:00:00.000000000
2019-03-29 00:00:00,41.4,49.84,0,0 days 00:00:00.000000000
2019-03-29 01:00:00,39.09,46.47,1,0 days 01:00:00.000000000
2019-03-29 02:00:00,34.24,40.85,2,0 days 02:00:00.000000000
2019-03-29 03:00:00,30.97,36.81,3,0 days 03:00:00.000000000
2019-03-29 04:00:00,33.39,39.57,4,0 days 04:00:00.000000000
2019-03-29 05:00:00,43.98,51.37,5,0 days 05:00:00.000000000
2019-03-29 06:00:00,66.64,75.27,6,0 days 06:00:00.000000000
2019-03-29 07:00:00,81.48,92.04,7,0 days 07:00:00.000000000
2019-03-29 08:00:00,74.43,85.02,8,0 days 08:00:00.000000000
2019-03-29 09:00:00,61.91,71.53,9,0 days 09:00:00.000000000
2019-03-29 10:00:00,60.8,69.8,10,0 days 10:00:00.000000000
2019-03-29 11:00:00,39.12,45.92,11,0 days 11:00:00.000000000
2019-03-29 12:00:00,44.03,49.98,12,0 days 12:00:00.000000000
2019-03-29 13:00:00,33.7,38.95,13,0 days 13:00:00.000000000
2019-03-29 14:00:00,32.18,36.93,14,0 days 14:00:00.000000000
2019-03-29 15:00:00,33.33,37.99,15,0 days 15:00:00.000000000
2019-03-29 16:00:00,33.33,38.94,16,0 days 16:00:00.000000000
2019-03-29 17:00:00,37.49,44.45,17,0 days 17:00:00.000000000
2019-03-29 18:00:00,39.41,47.19,18,0 days 18:00:00.000000000
2019-03-29 19:00:00,54.42,64.52,19,0 days 19:00:00.000000000
2019-03-29 20:00:00,83.67,92.95,20,0 days 20:00:00.000000000
2019-03-29 21:00:00,56.91,66.59,21,0 days 21:00:00.000000000
2019-03-29 22:00:00,65.21,75.3,22,0 days 22:00:00.000000000
2019-03-29 23:00:00,55.5,64.18,23,0 days 23:00:00.000000000
2019-03-30 00:00:00,48.74,59.24,0,0 days 00:00:00.000000000
2019-03-30 01:00:00,31.79,37.14,1,0 days 01:00:00.000000000
2019-03-30 02:00:00,39.8,48.01,2,0 days 02:00:00.000000000
2019-03-30 03:00:00,50.23,58.96,3,0 days 03:00:00.000000000
2019-03-30 04:00:00,57.02,67.07,4,0 days 04:00:00.000000000
2019-03-30 05:00:00,68.99,78.75,5,0 days 05:00:00.000000000
2019-03-30 06:00:00,113.52,122.16,6,0 days 06:00:00.000000000
2019-03-30 07:00:00,167.14,186.18,7,0 days 07:00:00.000000000
2019-03-30 08:00:00,176.05,198.66,8,0 days 08:00:00.000000000
2019-03-30 09:00:00,90.6,104.31,9,0 days 09:00:00.000000000
2019-03-30 10:00:00,53.6,64.13,10,0 days 10:00:00.000000000
2019-03-30 11:00:00,42.49,51.07,11,0 days 11:00:00.000000000
2019-03-30 12:00:00,31.92,36.57,12,0 days 12:00:00.000000000
2019-03-30 13:00:00,29.05,33.49,13,0 days 13:00:00.000000000
2019-03-30 14:00:00,27.73,31.99,14,0 days 14:00:00.000000000
2019-03-30 15:00:00,28.37,32.57,15,0 days 15:00:00.000000000
2019-03-30 16:00:00,26.82,30.84,16,0 days 16:00:00.000000000
2019-03-30 17:00:00,61.24,69.68,17,0 days 17:00:00.000000000
2019-03-30 18:00:00,83.43,93.61,18,0 days 18:00:00.000000000
2019-03-30 19:00:00,87.17,99.38,19,0 days 19:00:00.000000000
2019-03-30 20:00:00,69.76,81.28,20,0 days 20:00:00.000000000
2019-03-30 21:00:00,53.49,65.3,21,0 days 21:00:00.000000000
2019-03-30 22:00:00,43.88,54.25,22,0 days 22:00:00.000000000
2019-03-30 23:00:00,37.82,44.64,23,0 days 23:00:00.000000000
2019-03-31 00:00:00,28.09,33.41,0,0 days 00:00:00.000000000
2019-03-31 01:00:00,19.54,22.38,1,0 days 01:00:00.000000000
2019-03-31 02:00:00,21.09,24.0,2,0 days 02:00:00.000000000
2019-03-31 03:00:00,23.25,26.13,3,0 days 03:00:00.000000000
2019-03-31 04:00:00,20.61,23.09,4,0 days 04:00:00.000000000
2019-03-31 05:00:00,19.12,22.04,5,0 days 05:00:00.000000000
2019-03-31 06:00:00,54.75,61.71,6,0 days 06:00:00.000000000
2019-03-31 07:00:00,72.72,83.75,7,0 days 07:00:00.000000000
2019-03-31 08:00:00,106.88,119.94,8,0 days 08:00:00.000000000
2019-03-31 09:00:00,65.57,75.23,9,0 days 09:00:00.000000000
2019-03-31 10:00:00,56.78,64.89,10,0 days 10:00:00.000000000
2019-03-31 11:00:00,38.1,44.94,11,0 days 11:00:00.000000000
2019-03-31 12:00:00,27.36,31.2,12,0 days 12:00:00.000000000
2019-03-31 13:00:00,28.79,33.85,13,0 days 13:00:00.000000000
2019-03-31 14:00:00,24.36,28.07,14,0 days 14:00:00.000000000
2019-03-31 15:00:00,24.9,28.78,15,0 days 15:00:00.000000000
2019-03-31 16:00:00,27.72,31.84,16,0 days 16:00:00.000000000
2019-03-31 17:00:00,44.18,51.97,17,0 days 17:00:00.000000000
2019-03-31 18:00:00,53.71,63.28,18,0 days 18:00:00.000000000
2019-03-31 19:00:00,75.88,86.6,19,0 days 19:00:00.000000000
2019-03-31 20:00:00,72.42,83.23,20,0 days 20:00:00.000000000
2019-03-31 21:00:00,51.09,60.94,21,0 days 21:00:00.000000000
2019-03-31 22:00:00,61.9,72.49,22,0 days 22:00:00.000000000
2019-03-31 23:00:00,41.17,47.75,23,0 days 23:00:00.000000000
2019-04-01 00:00:00,29.36,33.78,0,0 days 00:00:00.000000000
2019-04-01 01:00:00,29.33,33.56,1,0 days 01:00:00.000000000
2019-04-01 02:00:00,32.54,38.05,2,0 days 02:00:00.000000000
2019-04-01 03:00:00,35.87,41.61,3,0 days 03:00:00.000000000
2019-04-01 04:00:00,36.0,43.04,4,0 days 04:00:00.000000000
2019-04-01 05:00:00,52.63,62.02,5,0 days 05:00:00.000000000
2019-04-01 06:00:00,87.95,98.06,6,0 days 06:00:00.000000000
2019-04-01 07:00:00,98.41,108.35,7,0 days 07:00:00.000000000
2019-04-01 08:00:00,80.87,91.31,8,0 days 08:00:00.000000000
2019-04-01 09:00:00,54.37,64.4,9,0 days 09:00:00.000000000
2019-04-01 10:00:00,47.43,55.58,10,0 days 10:00:00.000000000
2019-04-01 11:00:00,36.72,43.31,11,0 days 11:00:00.000000000
2019-04-01 12:00:00,44.1,53.27,12,0 days 12:00:00.000000000
2019-04-01 13:00:00,32.95,38.09,13,0 days 13:00:00.000000000
2019-04-01 14:00:00,32.53,37.23,14,0 days 14:00:00.000000000
2019-04-01 15:00:00,30.76,35.37,15,0 days 15:00:00.000000000
2019-04-01 16:00:00,33.26,38.64,16,0 days 16:00:00.000000000
2019-04-01 17:00:00,27.17,31.32,17,0 days 17:00:00.000000000
2019-04-01 18:00:00,110.69,122.03,18,0 days 18:00:00.000000000
2019-04-01 19:00:00,76.31,86.74,19,0 days 19:00:00.000000000
2019-04-01 20:00:00,61.45,74.37,20,0 days 20:00:00.000000000
2019-04-01 21:00:00,54.82,66.0,21,0 days 21:00:00.000000000
2019-04-01 22:00:00,38.99,47.39,22,0 days 22:00:00.000000000
2019-04-01 23:00:00,30.79,36.75,23,0 days 23:00:00.000000000
2019-04-02 00:00:00,30.05,35.26,0,0 days 00:00:00.000000000
2019-04-02 01:00:00,27.15,31.22,1,0 days 01:00:00.000000000
2019-04-02 02:00:00,28.07,32.14,2,0 days 02:00:00.000000000
2019-04-02 03:00:00,26.7,30.01,3,0 days 03:00:00.000000000
2019-04-02 04:00:00,27.62,31.14,4,0 days 04:00:00.000000000
2019-04-02 05:00:00,46.02,53.67,5,0 days 05:00:00.000000000
2019-04-02 06:00:00,28.16,32.66,6,0 days 06:00:00.000000000
2019-04-02 07:00:00,80.67,90.77,7,0 days 07:00:00.000000000
2019-04-02 08:00:00,73.16,81.68,8,0 days 08:00:00.000000000
2019-04-02 09:00:00,50.38,58.17,9,0 days 09:00:00.000000000
2019-04-02 10:00:00,52.82,60.35,10,0 days 10:00:00.000000000
2019-04-02 11:00:00,44.13,50.62,11,0 days 11:00:00.000000000
2019-04-02 12:00:00,25.7,29.04,12,0 days 12:00:00.000000000
2019-04-02 13:00:00,28.12,31.6,13,0 days 13:00:00.000000000
2019-04-02 14:00:00,28.38,32.37,14,0 days 14:00:00.000000000
2019-04-02 15:00:00,30.55,34.66,15,0 days 15:00:00.000000000
2019-04-02 16:00:00,31.81,36.35,16,0 days 16:00:00.000000000
2019-04-02 17:00:00,35.54,41.44,17,0 days 17:00:00.000000000
2019-04-02 18:00:00,60.39,68.36,18,0 days 18:00:00.000000000
2019-04-02 19:00:00,76.17,86.14,19,0 days 19:00:00.000000000
2019-04-02 20:00:00,73.21,82.74,20,0 days 20:00:00.000000000
2019-04-02 21:00:00,56.49,66.76,21,0 days 21:00:00.000000000
2019-04-02 22:00:00,46.82,57.3,22,0 days 22:00:00.000000000
2019-04-02 23:00:00,46.66,57.05,23,0 days 23:00:00.000000000
2019-04-03 00:00:00,58.33,70.15,0,0 days 00:00:00.000000000
2019-04-03 01:00:00,56.78,70.23,1,0 days 01:00:00.000000000
2019-04-03 02:00:00,50.1,61.06,2,0 days 02:00:00.000000000
2019-04-03 03:00:00,34.42,39.69,3,0 days 03:00:00.000000000
2019-04-03 04:00:00,38.81,46.85,4,0 days 04:00:00.000000000
2019-04-03 05:00:00,59.03,67.97,5,0 days 05:00:00.000000000
2019-04-03 06:00:00,78.57,88.26,6,0 days 06:00:00.000000000
2019-04-03 07:00:00,95.83,104.88,7,0 days 07:00:00.000000000
2019-04-03 08:00:00,97.75,106.75,8,0 days 08:00:00.000000000
2019-04-03 09:00:00,58.67,68.7,9,0 days 09:00:00.000000000
2019-04-03 10:00:00,41.54,48.58,10,0 days 10:00:00.000000000
2019-04-03 11:00:00,34.6,39.69,11,0 days 11:00:00.000000000
2019-04-03 12:00:00,29.19,33.1,12,0 days 12:00:00.000000000
2019-04-03 13:00:00,27.65,31.09,13,0 days 13:00:00.000000000
2019-04-03 14:00:00,26.24,29.58,14,0 days 14:00:00.000000000
2019-04-03 15:00:00,28.95,32.68,15,0 days 15:00:00.000000000
2019-04-03 16:00:00,44.02,50.86,16,0 days 16:00:00.000000000
2019-04-03 17:00:00,36.65,43.12,17,0 days 17:00:00.000000000
2019-04-03 18:00:00,78.77,91.13,18,0 days 18:00:00.000000000
2019-04-03 19:00:00,81.08,94.79,19,0 days 19:00:00.000000000
2019-04-03 20:00:00,63.07,75.4,20,0 days 20:00:00.000000000
2019-04-03 21:00:00,85.38,95.93,21,0 days 21:00:00.000000000
2019-04-03 22:00:00,52.5,62.86,22,0 days 22:00:00.000000000
2019-04-03 23:00:00,39.84,48.58,23,0 days 23:00:00.000000000
2019-04-04 00:00:00,33.81,39.08,0,0 days 00:00:00.000000000
2019-04-04 01:00:00,27.97,31.5,1,0 days 01:00:00.000000000
2019-04-04 02:00:00,35.82,41.78,2,0 days 02:00:00.000000000
2019-04-04 03:00:00,31.8,36.74,3,0 days 03:00:00.000000000
2019-04-04 04:00:00,28.89,32.47,4,0 days 04:00:00.000000000
2019-04-04 05:00:00,49.44,57.6,5,0 days 05:00:00.000000000
2019-04-04 06:00:00,91.3,100.48,6,0 days 06:00:00.000000000
2019-04-04 07:00:00,102.04,111.08,7,0 days 07:00:00.000000000
2019-04-04 08:00:00,80.85,90.53,8,0 days 08:00:00.000000000
2019-04-04 09:00:00,55.69,66.77,9,0 days 09:00:00.000000000
2019-04-04 10:00:00,67.37,77.27,10,0 days 10:00:00.000000000
2019-04-04 11:00:00,30.49,35.3,11,0 days 11:00:00.000000000
2019-04-04 12:00:00,28.58,32.82,12,0 days 12:00:00.000000000
2019-04-04 13:00:00,27.28,31.46,13,0 days 13:00:00.000000000
2019-04-04 14:00:00,36.27,42.57,14,0 days 14:00:00.000000000
2019-04-04 15:00:00,51.44,62.7,15,0 days 15:00:00.000000000
2019-04-04 16:00:00,38.97,45.96,16,0 days 16:00:00.000000000
2019-04-04 17:00:00,66.81,74.84,17,0 days 17:00:00.000000000
2019-04-04 18:00:00,73.16,83.25,18,0 days 18:00:00.000000000
2019-04-04 19:00:00,67.18,77.73,19,0 days 19:00:00.000000000
2019-04-04 20:00:00,45.08,54.97,20,0 days 20:00:00.000000000
2019-04-04 21:00:00,44.84,53.88,21,0 days 21:00:00.000000000
2019-04-04 22:00:00,45.69,54.79,22,0 days 22:00:00.000000000
2019-04-04 23:00:00,38.48,46.13,23,0 days 23:00:00.000000000
2019-04-05 00:00:00,43.11,53.08,0,0 days 00:00:00.000000000
2019-04-05 01:00:00,42.88,52.09,1,0 days 01:00:00.000000000
2019-04-05 02:00:00,40.15,48.43,2,0 days 02:00:00.000000000
2019-04-05 03:00:00,35.37,41.65,3,0 days 03:00:00.000000000
2019-04-05 04:00:00,37.53,44.73,4,0 days 04:00:00.000000000
2019-04-05 05:00:00,71.85,80.86,5,0 days 05:00:00.000000000
2019-04-05 06:00:00,111.14,120.07,6,0 days 06:00:00.000000000
2019-04-05 07:00:00,106.54,116.58,7,0 days 07:00:00.000000000
2019-04-05 08:00:00,75.03,85.29,8,0 days 08:00:00.000000000
2019-04-05 09:00:00,40.87,48.37,9,0 days 09:00:00.000000000
2019-04-05 10:00:00,43.66,51.17,10,0 days 10:00:00.000000000
2019-04-05 11:00:00,34.82,40.07,11,0 days 11:00:00.000000000
2019-04-05 12:00:00,30.15,34.03,12,0 days 12:00:00.000000000
2019-04-05 13:00:00,24.57,27.69,13,0 days 13:00:00.000000000
2019-04-05 14:00:00,22.59,25.61,14,0 days 14:00:00.000000000
2019-04-05 15:00:00,21.65,24.31,15,0 days 15:00:00.000000000
2019-04-05 16:00:00,23.24,26.23,16,0 days 16:00:00.000000000
2019-04-05 17:00:00,28.55,32.53,17,0 days 17:00:00.000000000
2019-04-05 18:00:00,56.18,64.92,18,0 days 18:00:00.000000000
2019-04-05 19:00:00,54.36,66.61,19,0 days 19:00:00.000000000
2019-04-05 20:00:00,67.65,77.89,20,0 days 20:00:00.000000000
2019-04-05 21:00:00,64.83,77.48,21,0 days 21:00:00.000000000
2019-04-05 22:00:00,56.23,66.05,22,0 days 22:00:00.000000000
2019-04-05 23:00:00,43.93,51.81,23,0 days 23:00:00.000000000
2019-04-06 00:00:00,34.37,41.4,0,0 days 00:00:00.000000000
2019-04-06 01:00:00,38.91,46.68,1,0 days 01:00:00.000000000
2019-04-06 02:00:00,39.4,47.51,2,0 days 02:00:00.000000000
2019-04-06 03:00:00,41.3,48.74,3,0 days 03:00:00.000000000
2019-04-06 04:00:00,62.81,72.27,4,0 days 04:00:00.000000000
2019-04-06 05:00:00,67.97,78.45,5,0 days 05:00:00.000000000
2019-04-06 06:00:00,104.25,114.47,6,0 days 06:00:00.000000000
2019-04-06 07:00:00,91.75,102.14,7,0 days 07:00:00.000000000
2019-04-06 08:00:00,53.79,64.75,8,0 days 08:00:00.000000000
2019-04-06 09:00:00,42.28,50.2,9,0 days 09:00:00.000000000
2019-04-06 10:00:00,53.08,61.79,10,0 days 10:00:00.000000000
2019-04-06 11:00:00,28.14,32.15,11,0 days 11:00:00.000000000
2019-04-06 12:00:00,27.68,31.33,12,0 days 12:00:00.000000000
2019-04-06 13:00:00,29.41,33.25,13,0 days 13:00:00.000000000
2019-04-06 14:00:00,25.22,28.51,14,0 days 14:00:00.000000000
2019-04-06 15:00:00,34.49,39.58,15,0 days 15:00:00.000000000
2019-04-06 16:00:00,28.39,32.68,16,0 days 16:00:00.000000000
2019-04-06 17:00:00,35.3,42.24,17,0 days 17:00:00.000000000
2019-04-06 18:00:00,47.57,57.75,18,0 days 18:00:00.000000000
2019-04-06 19:00:00,57.1,69.24,19,0 days 19:00:00.000000000
2019-04-06 20:00:00,64.69,76.6,20,0 days 20:00:00.000000000
2019-04-06 21:00:00,81.09,93.85,21,0 days 21:00:00.000000000
2019-04-06 22:00:00,54.3,65.81,22,0 days 22:00:00.000000000
2019-04-06 23:00:00,44.12,54.06,23,0 days 23:00:00.000000000
2019-04-07 00:00:00,31.52,37.5,0,0 days 00:00:00.000000000
2019-04-07 01:00:00,43.22,53.2,1,0 days 01:00:00.000000000
2019-04-07 02:00:00,45.7,57.86,2,0 days 02:00:00.000000000
2019-04-07 03:00:00,45.79,57.29,3,0 days 03:00:00.000000000
2019-04-07 04:00:00,31.7,37.49,4,0 days 04:00:00.000000000
2019-04-07 05:00:00,74.17,87.45,5,0 days 05:00:00.000000000
2019-04-07 06:00:00,67.05,78.96,6,0 days 06:00:00.000000000
2019-04-07 07:00:00,81.8,93.78,7,0 days 07:00:00.000000000
2019-04-07 08:00:00,80.37,92.06,8,0 days 08:00:00.000000000
2019-04-07 09:00:00,53.43,65.22,9,0 days 09:00:00.000000000
2019-04-07 10:00:00,60.87,70.75,10,0 days 10:00:00.000000000
2019-04-07 11:00:00,39.31,47.56,11,0 days 11:00:00.000000000
2019-04-07 12:00:00,59.28,67.85,12,0 days 12:00:00.000000000
2019-04-07 13:00:00,62.82,72.05,13,0 days 13:00:00.000000000
2019-04-07 14:00:00,44.08,52.36,14,0 days 14:00:00.000000000
2019-04-07 15:00:00,27.96,32.03,15,0 days 15:00:00.000000000
2019-04-07 16:00:00,30.86,35.7,16,0 days 16:00:00.000000000
2019-04-07 17:00:00,49.73,58.73,17,0 days 17:00:00.000000000
2019-04-07 18:00:00,56.96,68.43,18,0 days 18:00:00.000000000
2019-04-07 19:00:00,63.64,76.7,19,0 days 19:00:00.000000000
2019-04-07 20:00:00,73.75,84.44,20,0 days 20:00:00.000000000
2019-04-07 21:00:00,56.93,69.0,21,0 days 21:00:00.000000000
2019-04-07 22:00:00,46.29,57.14,22,0 days 22:00:00.000000000
2019-04-07 23:00:00,42.71,52.86,23,0 days 23:00:00.000000000
2019-04-08 00:00:00,41.92,51.93,0,0 days 00:00:00.000000000
2019-04-08 01:00:00,39.64,48.84,1,0 days 01:00:00.000000000
2019-04-08 02:00:00,38.24,46.95,2,0 days 02:00:00.000000000
2019-04-08 03:00:00,41.0,50.97,3,0 days 03:00:00.000000000
2019-04-08 04:00:00,46.82,58.02,4,0 days 04:00:00.000000000
2019-04-08 05:00:00,77.03,89.74,5,0 days 05:00:00.000000000
2019-04-08 06:00:00,84.94,96.2,6,0 days 06:00:00.000000000
2019-04-08 07:00:00,92.74,103.27,7,0 days 07:00:00.000000000
2019-04-08 08:00:00,113.86,126.2,8,0 days 08:00:00.000000000
2019-04-08 09:00:00,103.25,116.25,9,0 days 09:00:00.000000000
2019-04-08 10:00:00,68.25,80.05,10,0 days 10:00:00.000000000
2019-04-08 11:00:00,54.26,64.99,11,0 days 11:00:00.000000000
2019-04-08 12:00:00,35.26,41.99,12,0 days 12:00:00.000000000
2019-04-08 13:00:00,31.48,37.04,13,0 days 13:00:00.000000000
2019-04-08 14:00:00,31.05,35.56,14,0 days 14:00:00.000000000
2019-04-08 15:00:00,27.85,32.6,15,0 days 15:00:00.000000000
2019-04-08 16:00:00,33.92,40.17,16,0 days 16:00:00.000000000
2019-04-08 17:00:00,38.65,48.0,17,0 days 17:00:00.000000000
2019-04-08 18:00:00,57.89,69.85,18,0 days 18:00:00.000000000
2019-04-08 19:00:00,62.37,75.79,19,0 days 19:00:00.000000000
2019-04-08 20:00:00,70.83,83.8,20,0 days 20:00:00.000000000
2019-04-08 21:00:00,55.95,69.27,21,0 days 21:00:00.000000000
2019-04-08 22:00:00,51.19,62.68,22,0 days 22:00:00.000000000
2019-04-08 23:00:00,39.84,49.84,23,0 days 23:00:00.000000000
2019-04-09 00:00:00,47.18,60.43,0,0 days 00:00:00.000000000
2019-04-09 01:00:00,40.16,49.74,1,0 days 01:00:00.000000000
2019-04-09 02:00:00,41.49,50.83,2,0 days 02:00:00.000000000
2019-04-09 03:00:00,41.75,50.84,3,0 days 03:00:00.000000000
2019-04-09 04:00:00,43.02,53.05,4,0 days 04:00:00.000000000
2019-04-09 05:00:00,52.0,62.29,5,0 days 05:00:00.000000000
2019-04-09 06:00:00,41.89,49.37,6,0 days 06:00:00.000000000
2019-04-09 07:00:00,36.32,43.33,7,0 days 07:00:00.000000000
2019-04-09 08:00:00,63.99,72.36,8,0 days 08:00:00.000000000
2019-04-09 09:00:00,39.92,46.77,9,0 days 09:00:00.000000000
2019-04-09 10:00:00,50.1,59.88,10,0 days 10:00:00.000000000
2019-04-09 11:00:00,80.48,89.24,11,0 days 11:00:00.000000000
2019-04-09 12:00:00,54.7,63.99,12,0 days 12:00:00.000000000
2019-04-09 13:00:00,47.0,55.41,13,0 days 13:00:00.000000000
2019-04-09 14:00:00,36.92,43.92,14,0 days 14:00:00.000000000
2019-04-09 15:00:00,32.39,37.99,15,0 days 15:00:00.000000000
2019-04-09 16:00:00,35.48,41.94,16,0 days 16:00:00.000000000
2019-04-09 17:00:00,38.03,46.09,17,0 days 17:00:00.000000000
2019-04-09 18:00:00,50.31,62.38,18,0 days 18:00:00.000000000
2019-04-09 19:00:00,70.25,80.46,19,0 days 19:00:00.000000000
2019-04-09 20:00:00,94.42,103.99,20,0 days 20:00:00.000000000
2019-04-09 21:00:00,109.26,121.25,21,0 days 21:00:00.000000000
2019-04-09 22:00:00,69.66,80.33,22,0 days 22:00:00.000000000
2019-04-09 23:00:00,45.04,55.95,23,0 days 23:00:00.000000000
2019-04-10 00:00:00,38.18,46.62,0,0 days 00:00:00.000000000
2019-04-10 01:00:00,45.68,57.01,1,0 days 01:00:00.000000000
2019-04-10 02:00:00,50.39,62.67,2,0 days 02:00:00.000000000
2019-04-10 03:00:00,48.99,61.39,3,0 days 03:00:00.000000000
2019-04-10 04:00:00,51.02,63.6,4,0 days 04:00:00.000000000
2019-04-10 05:00:00,89.64,100.11,5,0 days 05:00:00.000000000
2019-04-10 06:00:00,68.83,79.09,6,0 days 06:00:00.000000000
2019-04-10 07:00:00,90.05,99.84,7,0 days 07:00:00.000000000
2019-04-10 08:00:00,80.26,89.39,8,0 days 08:00:00.000000000
2019-04-10 09:00:00,63.78,75.37,9,0 days 09:00:00.000000000
2019-04-10 10:00:00,83.37,94.92,10,0 days 10:00:00.000000000
2019-04-10 11:00:00,39.17,47.89,11,0 days 11:00:00.000000000
2019-04-10 12:00:00,34.86,41.17,12,0 days 12:00:00.000000000
2019-04-10 13:00:00,30.87,36.26,13,0 days 13:00:00.000000000
2019-04-10 14:00:00,28.84,33.55,14,0 days 14:00:00.000000000
2019-04-10 15:00:00,29.76,34.76,15,0 days 15:00:00.000000000
2019-04-10 16:00:00,32.88,38.53,16,0 days 16:00:00.000000000
2019-04-10 17:00:00,41.71,50.42,17,0 days 17:00:00.000000000
2019-04-10 18:00:00,61.15,72.29,18,0 days 18:00:00.000000000
2019-04-10 19:00:00,69.07,79.84,19,0 days 19:00:00.000000000
2019-04-10 20:00:00,59.22,70.86,20,0 days 20:00:00.000000000
2019-04-10 21:00:00,72.38,86.03,21,0 days 21:00:00.000000000
2019-04-10 22:00:00,52.79,65.22,22,0 days 22:00:00.000000000
2019-04-10 23:00:00,68.24,80.15,23,0 days 23:00:00.000000000
2019-04-11 00:00:00,72.61,84.85,0,0 days 00:00:00.000000000
2019-04-11 01:00:00,73.28,84.64,1,0 days 01:00:00.000000000
2019-04-11 02:00:00,67.9,79.83,2,0 days 02:00:00.000000000
2019-04-11 03:00:00,59.57,72.46,3,0 days 03:00:00.000000000
2019-04-11 04:00:00,55.5,67.71,4,0 days 04:00:00.000000000
2019-04-11 05:00:00,75.8,86.97,5,0 days 05:00:00.000000000
2019-04-11 06:00:00,117.23,127.95,6,0 days 06:00:00.000000000
2019-04-11 07:00:00,101.08,112.69,7,0 days 07:00:00.000000000
2019-04-11 08:00:00,63.48,75.78,8,0 days 08:00:00.000000000
2019-04-11 09:00:00,50.31,59.69,9,0 days 09:00:00.000000000
2019-04-11 10:00:00,60.51,69.27,10,0 days 10:00:00.000000000
2019-04-11 11:00:00,30.07,35.56,11,0 days 11:00:00.000000000
2019-04-11 12:00:00,32.83,38.9,12,0 days 12:00:00.000000000
2019-04-11 13:00:00,28.83,33.62,13,0 days 13:00:00.000000000
2019-04-11 14:00:00,36.93,42.82,14,0 days 14:00:00.000000000
2019-04-11 15:00:00,25.86,30.3,15,0 days 15:00:00.000000000
2019-04-11 16:00:00,28.74,34.25,16,0 days 16:00:00.000000000
2019-04-11 17:00:00,41.55,50.46,17,0 days 17:00:00.000000000
2019-04-11 18:00:00,46.43,56.88,18,0 days 18:00:00.000000000
2019-04-11 19:00:00,68.52,79.94,19,0 days 19:00:00.000000000
2019-04-11 20:00:00,57.14,69.63,20,0 days 20:00:00.000000000
2019-04-11 21:00:00,56.36,69.04,21,0 days 21:00:00.000000000
2019-04-11 22:00:00,63.1,74.99,22,0 days 22:00:00.000000000
2019-04-11 23:00:00,38.74,47.89,23,0 days 23:00:00.000000000
2019-04-12 00:00:00,34.38,41.49,0,0 days 00:00:00.000000000
2019-04-12 01:00:00,26.9,31.1,1,0 days 01:00:00.000000000
2019-04-12 02:00:00,26.11,30.14,2,0 days 02:00:00.000000000
2019-04-12 03:00:00,27.58,31.83,3,0 days 03:00:00.000000000
2019-04-12 04:00:00,35.56,41.54,4,0 days 04:00:00.000000000
2019-04-12 05:00:00,48.87,56.56,5,0 days 05:00:00.000000000
2019-04-12 06:00:00,44.29,51.7,6,0 days 06:00:00.000000000
2019-04-12 07:00:00,70.67,81.43,7,0 days 07:00:00.000000000
2019-04-12 08:00:00,45.3,54.32,8,0 days 08:00:00.000000000
2019-04-12 09:00:00,33.92,39.71,9,0 days 09:00:00.000000000
2019-04-12 10:00:00,44.17,51.62,10,0 days 10:00:00.000000000
2019-04-12 11:00:00,35.73,41.23,11,0 days 11:00:00.000000000
2019-04-12 12:00:00,38.69,44.46,12,0 days 12:00:00.000000000
2019-04-12 13:00:00,25.98,29.88,13,0 days 13:00:00.000000000
2019-04-12 14:00:00,23.38,27.16,14,0 days 14:00:00.000000000
2019-04-12 15:00:00,24.18,28.05,15,0 days 15:00:00.000000000
2019-04-12 16:00:00,33.02,39.1,16,0 days 16:00:00.000000000
2019-04-12 17:00:00,51.51,59.87,17,0 days 17:00:00.000000000
2019-04-12 18:00:00,81.25,95.66,18,0 days 18:00:00.000000000
2019-04-12 19:00:00,94.67,106.72,19,0 days 19:00:00.000000000
2019-04-12 20:00:00,110.75,123.24,20,0 days 20:00:00.000000000
2019-04-12 21:00:00,78.05,89.99,21,0 days 21:00:00.000000000
2019-04-12 22:00:00,44.37,54.63,22,0 days 22:00:00.000000000
2019-04-12 23:00:00,42.31,50.3,23,0 days 23:00:00.000000000
2019-04-13 00:00:00,26.91,32.17,0,0 days 00:00:00.000000000
2019-04-13 01:00:00,14.7,17.24,1,0 days 01:00:00.000000000
2019-04-13 02:00:00,14.53,16.67,2,0 days 02:00:00.000000000
2019-04-13 03:00:00,13.77,15.92,3,0 days 03:00:00.000000000
2019-04-13 04:00:00,36.89,43.36,4,0 days 04:00:00.000000000
2019-04-13 05:00:00,37.59,44.15,5,0 days 05:00:00.000000000
2019-04-13 06:00:00,63.99,73.35,6,0 days 06:00:00.000000000
2019-04-13 07:00:00,69.53,79.08,7,0 days 07:00:00.000000000
2019-04-13 08:00:00,68.26,78.51,8,0 days 08:00:00.000000000
2019-04-13 09:00:00,60.18,70.24,9,0 days 09:00:00.000000000
2019-04-13 10:00:00,42.67,51.25,10,0 days 10:00:00.000000000
2019-04-13 11:00:00,33.17,38.72,11,0 days 11:00:00.000000000
2019-04-13 12:00:00,32.0,36.96,12,0 days 12:00:00.000000000
2019-04-13 13:00:00,31.37,36.14,13,0 days 13:00:00.000000000
2019-04-13 14:00:00,30.67,36.04,14,0 days 14:00:00.000000000
2019-04-13 15:00:00,32.31,38.04,15,0 days 15:00:00.000000000
2019-04-13 16:00:00,30.96,36.84,16,0 days 16:00:00.000000000
2019-04-13 17:00:00,32.1,38.0,17,0 days 17:00:00.000000000
2019-04-13 18:00:00,42.35,51.68,18,0 days 18:00:00.000000000
2019-04-13 19:00:00,50.88,60.93,19,0 days 19:00:00.000000000
2019-04-13 20:00:00,64.55,76.0,20,0 days 20:00:00.000000000
2019-04-13 21:00:00,88.65,100.86,21,0 days 21:00:00.000000000
2019-04-13 22:00:00,59.58,71.17,22,0 days 22:00:00.000000000
2019-04-13 23:00:00,58.07,69.82,23,0 days 23:00:00.000000000
2019-04-14 00:00:00,63.21,75.82,0,0 days 00:00:00.000000000
2019-04-14 01:00:00,41.39,51.17,1,0 days 01:00:00.000000000
2019-04-14 02:00:00,38.87,47.8,2,0 days 02:00:00.000000000
2019-04-14 03:00:00,35.91,43.24,3,0 days 03:00:00.000000000
2019-04-14 04:00:00,27.56,32.21,4,0 days 04:00:00.000000000
2019-04-14 05:00:00,15.23,17.68,5,0 days 05:00:00.000000000
2019-04-14 06:00:00,35.96,41.41,6,0 days 06:00:00.000000000
2019-04-14 07:00:00,80.66,96.31,7,0 days 07:00:00.000000000
2019-04-14 08:00:00,93.15,102.73,8,0 days 08:00:00.000000000
2019-04-14 09:00:00,91.97,100.77,9,0 days 09:00:00.000000000
2019-04-14 10:00:00,63.31,72.32,10,0 days 10:00:00.000000000
2019-04-14 11:00:00,44.15,54.52,11,0 days 11:00:00.000000000
2019-04-14 12:00:00,34.18,40.12,12,0 days 12:00:00.000000000
2019-04-14 13:00:00,33.59,39.2,13,0 days 13:00:00.000000000
2019-04-14 14:00:00,34.89,41.67,14,0 days 14:00:00.000000000
2019-04-14 15:00:00,30.34,35.54,15,0 days 15:00:00.000000000
2019-04-14 16:00:00,30.18,35.65,16,0 days 16:00:00.000000000
2019-04-14 17:00:00,45.25,53.77,17,0 days 17:00:00.000000000
2019-04-14 18:00:00,44.64,53.8,18,0 days 18:00:00.000000000
2019-04-14 19:00:00,47.42,58.79,19,0 days 19:00:00.000000000
2019-04-14 20:00:00,58.04,70.5,20,0 days 20:00:00.000000000
2019-04-14 21:00:00,79.34,91.76,21,0 days 21:00:00.000000000
2019-04-14 22:00:00,62.15,73.44,22,0 days 22:00:00.000000000
2019-04-14 23:00:00,44.94,55.6,23,0 days 23:00:00.000000000
2019-04-15 00:00:00,34.94,40.43,0,0 days 00:00:00.000000000
2019-04-15 01:00:00,25.33,28.8,1,0 days 01:00:00.000000000
2019-04-15 02:00:00,22.57,25.6,2,0 days 02:00:00.000000000
2019-04-15 03:00:00,23.87,27.4,3,0 days 03:00:00.000000000
2019-04-15 04:00:00,30.28,34.2,4,0 days 04:00:00.000000000
2019-04-15 05:00:00,36.01,42.17,5,0 days 05:00:00.000000000
2019-04-15 06:00:00,83.34,92.72,6,0 days 06:00:00.000000000
2019-04-15 07:00:00,103.69,114.24,7,0 days 07:00:00.000000000
2019-04-15 08:00:00,100.67,108.79,8,0 days 08:00:00.000000000
2019-04-15 09:00:00,113.82,122.2,9,0 days 09:00:00.000000000
2019-04-15 10:00:00,97.11,107.38,10,0 days 10:00:00.000000000
2019-04-15 11:00:00,37.41,45.14,11,0 days 11:00:00.000000000
2019-04-15 12:00:00,31.17,36.78,12,0 days 12:00:00.000000000
2019-04-15 13:00:00,28.38,33.52,13,0 days 13:00:00.000000000
2019-04-15 14:00:00,24.57,28.57,14,0 days 14:00:00.000000000
2019-04-15 15:00:00,23.17,27.11,15,0 days 15:00:00.000000000
2019-04-15 16:00:00,28.46,33.33,16,0 days 16:00:00.000000000
2019-04-15 17:00:00,31.77,37.79,17,0 days 17:00:00.000000000
2019-04-15 18:00:00,61.75,72.94,18,0 days 18:00:00.000000000
2019-04-15 19:00:00,49.04,60.96,19,0 days 19:00:00.000000000
2019-04-15 20:00:00,81.08,92.94,20,0 days 20:00:00.000000000
2019-04-15 21:00:00,150.19,163.34,21,0 days 21:00:00.000000000
2019-04-15 22:00:00,98.57,110.58,22,0 days 22:00:00.000000000
2019-04-15 23:00:00,47.64,58.13,23,0 days 23:00:00.000000000
2019-04-16 00:00:00,39.43,47.3,0,0 days 00:00:00.000000000
2019-04-16 01:00:00,31.43,36.62,1,0 days 01:00:00.000000000
2019-04-16 02:00:00,36.89,44.05,2,0 days 02:00:00.000000000
2019-04-16 03:00:00,35.38,41.72,3,0 days 03:00:00.000000000
2019-04-16 04:00:00,34.05,40.3,4,0 days 04:00:00.000000000
2019-04-16 05:00:00,61.06,71.94,5,0 days 05:00:00.000000000
2019-04-16 06:00:00,101.36,111.4,6,0 days 06:00:00.000000000
2019-04-16 07:00:00,112.84,122.69,7,0 days 07:00:00.000000000
2019-04-16 08:00:00,68.44,78.88,8,0 days 08:00:00.000000000
2019-04-16 09:00:00,62.03,72.48,9,0 days 09:00:00.000000000
2019-04-16 10:00:00,54.54,63.78,10,0 days 10:00:00.000000000
2019-04-16 11:00:00,41.65,50.73,11,0 days 11:00:00.000000000
2019-04-16 12:00:00,34.03,40.18,12,0 days 12:00:00.000000000
2019-04-16 13:00:00,33.48,39.73,13,0 days 13:00:00.000000000
2019-04-16 14:00:00,31.28,36.66,14,0 days 14:00:00.000000000
2019-04-16 15:00:00,26.8,31.07,15,0 days 15:00:00.000000000
2019-04-16 16:00:00,28.85,34.08,16,0 days 16:00:00.000000000
2019-04-16 17:00:00,46.09,55.75,17,0 days 17:00:00.000000000
2019-04-16 18:00:00,54.82,64.92,18,0 days 18:00:00.000000000
2019-04-16 19:00:00,72.42,83.34,19,0 days 19:00:00.000000000
2019-04-16 20:00:00,71.58,81.6,20,0 days 20:00:00.000000000
2019-04-16 21:00:00,45.33,55.71,21,0 days 21:00:00.000000000
2019-04-16 22:00:00,43.81,53.72,22,0 days 22:00:00.000000000
2019-04-16 23:00:00,26.56,31.6,23,0 days 23:00:00.000000000
2019-04-17 00:00:00,30.39,36.8,0,0 days 00:00:00.000000000
2019-04-17 01:00:00,24.61,29.09,1,0 days 01:00:00.000000000
2019-04-17 02:00:00,27.09,31.19,2,0 days 02:00:00.000000000
2019-04-17 03:00:00,26.5,31.02,3,0 days 03:00:00.000000000
2019-04-17 04:00:00,29.43,34.33,4,0 days 04:00:00.000000000
2019-04-17 05:00:00,40.9,49.39,5,0 days 05:00:00.000000000
2019-04-17 06:00:00,72.11,83.01,6,0 days 06:00:00.000000000
2019-04-17 07:00:00,75.79,88.09,7,0 days 07:00:00.000000000
2019-04-17 08:00:00,88.5,99.8,8,0 days 08:00:00.000000000
2019-04-17 09:00:00,101.57,113.01,9,0 days 09:00:00.000000000
2019-04-17 10:00:00,81.37,92.43,10,0 days 10:00:00.000000000
2019-04-17 11:00:00,62.13,74.95,11,0 days 11:00:00.000000000
2019-04-17 12:00:00,73.39,88.47,12,0 days 12:00:00.000000000
2019-04-17 13:00:00,39.11,47.02,13,0 days 13:00:00.000000000
2019-04-17 14:00:00,32.37,38.29,14,0 days 14:00:00.000000000
2019-04-17 15:00:00,34.16,40.12,15,0 days 15:00:00.000000000
2019-04-17 16:00:00,35.19,41.84,16,0 days 16:00:00.000000000
2019-04-17 17:00:00,60.52,71.36,17,0 days 17:00:00.000000000
2019-04-17 18:00:00,86.17,97.93,18,0 days 18:00:00.000000000
2019-04-17 19:00:00,96.14,107.74,19,0 days 19:00:00.000000000
2019-04-17 20:00:00,68.31,79.6,20,0 days 20:00:00.000000000
2019-04-17 21:00:00,85.44,100.1,21,0 days 21:00:00.000000000
2019-04-17 22:00:00,54.51,67.0,22,0 days 22:00:00.000000000
2019-04-17 23:00:00,66.51,78.89,23,0 days 23:00:00.000000000
2019-04-18 00:00:00,62.5,76.09,0,0 days 00:00:00.000000000
2019-04-18 01:00:00,91.55,106.1,1,0 days 01:00:00.000000000
2019-04-18 02:00:00,56.5,68.46,2,0 days 02:00:00.000000000
2019-04-18 03:00:00,48.81,59.24,3,0 days 03:00:00.000000000
2019-04-18 04:00:00,47.59,56.01,4,0 days 04:00:00.000000000
2019-04-18 05:00:00,57.19,68.09,5,0 days 05:00:00.000000000
2019-04-18 06:00:00,135.53,148.84,6,0 days 06:00:00.000000000
2019-04-18 07:00:00,170.77,190.11,7,0 days 07:00:00.000000000
2019-04-18 08:00:00,126.03,141.99,8,0 days 08:00:00.000000000
2019-04-18 09:00:00,82.55,93.61,9,0 days 09:00:00.000000000
2019-04-18 10:00:00,64.52,74.89,10,0 days 10:00:00.000000000
2019-04-18 11:00:00,35.66,42.43,11,0 days 11:00:00.000000000
2019-04-18 12:00:00,38.67,45.05,12,0 days 12:00:00.000000000
2019-04-18 13:00:00,33.28,39.22,13,0 days 13:00:00.000000000
2019-04-18 14:00:00,27.91,32.75,14,0 days 14:00:00.000000000
2019-04-18 15:00:00,31.75,37.13,15,0 days 15:00:00.000000000
2019-04-18 16:00:00,26.18,31.45,16,0 days 16:00:00.000000000
2019-04-18 17:00:00,34.05,40.79,17,0 days 17:00:00.000000000
2019-04-18 18:00:00,42.66,51.7,18,0 days 18:00:00.000000000
2019-04-18 19:00:00,92.99,107.61,19,0 days 19:00:00.000000000
2019-04-18 20:00:00,83.67,95.66,20,0 days 20:00:00.000000000
2019-04-18 21:00:00,86.06,96.16,21,0 days 21:00:00.000000000
2019-04-18 22:00:00,55.91,67.94,22,0 days 22:00:00.000000000
2019-04-18 23:00:00,49.45,61.91,23,0 days 23:00:00.000000000
2019-04-19 00:00:00,45.96,57.25,0,0 days 00:00:00.000000000
2019-04-19 01:00:00,37.87,46.8,1,0 days 01:00:00.000000000
2019-04-19 02:00:00,30.78,36.81,2,0 days 02:00:00.000000000
2019-04-19 03:00:00,36.77,43.27,3,0 days 03:00:00.000000000
2019-04-19 04:00:00,41.54,50.35,4,0 days 04:00:00.000000000
2019-04-19 05:00:00,58.14,68.7,5,0 days 05:00:00.000000000
2019-04-19 06:00:00,85.45,97.07,6,0 days 06:00:00.000000000
2019-04-19 07:00:00,117.31,129.77,7,0 days 07:00:00.000000000
2019-04-19 08:00:00,82.37,92.94,8,0 days 08:00:00.000000000
2019-04-19 09:00:00,67.22,78.58,9,0 days 09:00:00.000000000
2019-04-19 10:00:00,77.24,88.75,10,0 days 10:00:00.000000000
2019-04-19 11:00:00,43.52,50.26,11,0 days 11:00:00.000000000
2019-04-19 12:00:00,32.73,38.23,12,0 days 12:00:00.000000000
2019-04-19 13:00:00,39.0,46.82,13,0 days 13:00:00.000000000
2019-04-19 14:00:00,35.42,41.58,14,0 days 14:00:00.000000000
2019-04-19 15:00:00,30.48,36.12,15,0 days 15:00:00.000000000
2019-04-19 16:00:00,69.75,82.79,16,0 days 16:00:00.000000000
2019-04-19 17:00:00,78.82,94.53,17,0 days 17:00:00.000000000
2019-04-19 18:00:00,63.66,75.73,18,0 days 18:00:00.000000000
2019-04-19 19:00:00,60.08,71.95,19,0 days 19:00:00.000000000
2019-04-19 20:00:00,89.8,99.41,20,0 days 20:00:00.000000000
2019-04-19 21:00:00,60.72,71.84,21,0 days 21:00:00.000000000
2019-04-19 22:00:00,57.45,67.52,22,0 days 22:00:00.000000000
2019-04-19 23:00:00,49.05,58.38,23,0 days 23:00:00.000000000
2019-04-20 00:00:00,33.13,40.6,0,0 days 00:00:00.000000000
2019-04-20 01:00:00,22.73,27.0,1,0 days 01:00:00.000000000
2019-04-20 02:00:00,27.28,32.23,2,0 days 02:00:00.000000000
2019-04-20 03:00:00,23.51,27.55,3,0 days 03:00:00.000000000
2019-04-20 04:00:00,38.01,44.55,4,0 days 04:00:00.000000000
2019-04-20 05:00:00,60.96,70.62,5,0 days 05:00:00.000000000
2019-04-20 06:00:00,57.98,68.34,6,0 days 06:00:00.000000000
2019-04-20 07:00:00,64.64,74.41,7,0 days 07:00:00.000000000
2019-04-20 08:00:00,52.33,63.27,8,0 days 08:00:00.000000000
2019-04-20 09:00:00,66.42,78.06,9,0 days 09:00:00.000000000
2019-04-20 10:00:00,53.88,65.09,10,0 days 10:00:00.000000000
2019-04-20 11:00:00,43.67,53.04,11,0 days 11:00:00.000000000
2019-04-20 12:00:00,39.77,46.76,12,0 days 12:00:00.000000000
2019-04-20 13:00:00,38.51,45.58,13,0 days 13:00:00.000000000
2019-04-20 14:00:00,38.74,45.89,14,0 days 14:00:00.000000000
2019-04-20 15:00:00,35.65,42.13,15,0 days 15:00:00.000000000
2019-04-20 16:00:00,37.49,45.3,16,0 days 16:00:00.000000000
2019-04-20 17:00:00,42.49,52.78,17,0 days 17:00:00.000000000
2019-04-20 18:00:00,70.94,81.93,18,0 days 18:00:00.000000000
2019-04-20 19:00:00,92.54,104.23,19,0 days 19:00:00.000000000
2019-04-20 20:00:00,234.13,252.65,20,0 days 20:00:00.000000000
2019-04-20 21:00:00,80.17,91.94,21,0 days 21:00:00.000000000
2019-04-20 22:00:00,66.41,79.44,22,0 days 22:00:00.000000000
2019-04-20 23:00:00,78.79,91.88,23,0 days 23:00:00.000000000
2019-04-21 00:00:00,93.56,106.05,0,0 days 00:00:00.000000000
2019-04-21 01:00:00,65.02,76.38,1,0 days 01:00:00.000000000
2019-04-21 02:00:00,58.41,70.62,2,0 days 02:00:00.000000000
2019-04-21 03:00:00,51.29,64.14,3,0 days 03:00:00.000000000
2019-04-21 04:00:00,34.66,42.2,4,0 days 04:00:00.000000000
2019-04-21 05:00:00,22.37,27.15,5,0 days 05:00:00.000000000
2019-04-21 06:00:00,38.08,44.21,6,0 days 06:00:00.000000000
2019-04-21 07:00:00,50.0,59.48,7,0 days 07:00:00.000000000
2019-04-21 08:00:00,55.92,66.86,8,0 days 08:00:00.000000000
2019-04-21 09:00:00,52.1,63.5,9,0 days 09:00:00.000000000
2019-04-21 10:00:00,50.18,58.68,10,0 days 10:00:00.000000000
2019-04-21 11:00:00,27.41,31.52,11,0 days 11:00:00.000000000
2019-04-21 12:00:00,29.09,34.16,12,0 days 12:00:00.000000000
2019-04-21 13:00:00,24.39,28.26,13,0 days 13:00:00.000000000
2019-04-21 14:00:00,25.14,28.96,14,0 days 14:00:00.000000000
2019-04-21 15:00:00,18.18,20.79,15,0 days 15:00:00.000000000
2019-04-21 16:00:00,23.69,28.21,16,0 days 16:00:00.000000000
2019-04-21 17:00:00,35.6,42.34,17,0 days 17:00:00.000000000
2019-04-21 18:00:00,57.55,68.74,18,0 days 18:00:00.000000000
2019-04-21 19:00:00,48.53,58.94,19,0 days 19:00:00.000000000
2019-04-21 20:00:00,43.88,52.96,20,0 days 20:00:00.000000000
2019-04-21 21:00:00,39.75,47.54,21,0 days 21:00:00.000000000
2019-04-21 22:00:00,30.52,36.49,22,0 days 22:00:00.000000000
2019-04-21 23:00:00,32.54,38.37,23,0 days 23:00:00.000000000
2019-04-22 00:00:00,28.96,34.34,0,0 days 00:00:00.000000000
2019-04-22 01:00:00,25.81,30.45,1,0 days 01:00:00.000000000
2019-04-22 02:00:00,24.71,28.48,2,0 days 02:00:00.000000000
2019-04-22 03:00:00,9.1,11.6,3,0 days 03:00:00.000000000
2019-04-22 04:00:00,8.87,10.63,4,0 days 04:00:00.000000000
2019-04-22 05:00:00,10.43,12.42,5,0 days 05:00:00.000000000
2019-04-22 06:00:00,23.57,27.47,6,0 days 06:00:00.000000000
2019-04-22 07:00:00,59.34,66.68,7,0 days 07:00:00.000000000
2019-04-22 08:00:00,67.78,76.71,8,0 days 08:00:00.000000000
2019-04-22 09:00:00,81.27,91.2,9,0 days 09:00:00.000000000
2019-04-22 10:00:00,50.9,59.56,10,0 days 10:00:00.000000000
2019-04-22 11:00:00,34.91,40.49,11,0 days 11:00:00.000000000
2019-04-22 12:00:00,26.77,30.81,12,0 days 12:00:00.000000000
2019-04-22 13:00:00,21.82,24.96,13,0 days 13:00:00.000000000
2019-04-22 14:00:00,23.55,27.31,14,0 days 14:00:00.000000000
2019-04-22 15:00:00,23.06,26.79,15,0 days 15:00:00.000000000
2019-04-22 16:00:00,22.68,25.93,16,0 days 16:00:00.000000000
2019-04-22 17:00:00,23.61,27.13,17,0 days 17:00:00.000000000
2019-04-22 18:00:00,28.75,33.54,18,0 days 18:00:00.000000000
2019-04-22 19:00:00,50.26,60.83,19,0 days 19:00:00.000000000
2019-04-22 20:00:00,70.38,81.99,20,0 days 20:00:00.000000000
2019-04-22 21:00:00,68.28,76.55,21,0 days 21:00:00.000000000
2019-04-22 22:00:00,34.96,41.95,22,0 days 22:00:00.000000000
2019-04-22 23:00:00,34.96,41.34,23,0 days 23:00:00.000000000
2019-04-23 00:00:00,41.74,49.04,0,0 days 00:00:00.000000000
2019-04-23 01:00:00,11.85,13.96,1,0 days 01:00:00.000000000
2019-04-23 02:00:00,11.27,13.36,2,0 days 02:00:00.000000000
2019-04-23 03:00:00,13.31,15.57,3,0 days 03:00:00.000000000
2019-04-23 04:00:00,13.53,15.78,4,0 days 04:00:00.000000000
2019-04-23 05:00:00,19.1,22.14,5,0 days 05:00:00.000000000
2019-04-23 06:00:00,29.51,34.63,6,0 days 06:00:00.000000000
2019-04-23 07:00:00,40.05,47.24,7,0 days 07:00:00.000000000
2019-04-23 08:00:00,46.28,56.61,8,0 days 08:00:00.000000000
2019-04-23 09:00:00,99.78,108.52,9,0 days 09:00:00.000000000
2019-04-23 10:00:00,36.69,42.2,10,0 days 10:00:00.000000000
2019-04-23 11:00:00,29.13,33.88,11,0 days 11:00:00.000000000
2019-04-23 12:00:00,33.16,39.29,12,0 days 12:00:00.000000000
2019-04-23 13:00:00,30.56,35.64,13,0 days 13:00:00.000000000
2019-04-23 14:00:00,41.73,47.81,14,0 days 14:00:00.000000000
2019-04-23 15:00:00,45.49,52.23,15,0 days 15:00:00.000000000
2019-04-23 16:00:00,54.33,62.0,16,0 days 16:00:00.000000000
2019-04-23 17:00:00,45.19,53.78,17,0 days 17:00:00.000000000
2019-04-23 18:00:00,67.95,76.98,18,0 days 18:00:00.000000000
2019-04-23 19:00:00,54.75,66.52,19,0 days 19:00:00.000000000
2019-04-23 20:00:00,77.42,89.17,20,0 days 20:00:00.000000000
2019-04-23 21:00:00,62.93,75.43,21,0 days 21:00:00.000000000
2019-04-23 22:00:00,59.4,70.35,22,0 days 22:00:00.000000000
2019-04-23 23:00:00,41.66,51.51,23,0 days 23:00:00.000000000
2019-04-24 00:00:00,41.02,51.68,0,0 days 00:00:00.000000000
2019-04-24 01:00:00,31.48,37.81,1,0 days 01:00:00.000000000
2019-04-24 02:00:00,36.06,41.1,2,0 days 02:00:00.000000000
2019-04-24 03:00:00,37.79,44.68,3,0 days 03:00:00.000000000
2019-04-24 04:00:00,29.71,33.84,4,0 days 04:00:00.000000000
2019-04-24 05:00:00,47.36,54.16,5,0 days 05:00:00.000000000
2019-04-24 06:00:00,101.32,112.6,6,0 days 06:00:00.000000000
2019-04-24 07:00:00,86.22,97.35,7,0 days 07:00:00.000000000
2019-04-24 08:00:00,103.46,116.43,8,0 days 08:00:00.000000000
2019-04-24 09:00:00,43.94,52.77,9,0 days 09:00:00.000000000
2019-04-24 10:00:00,40.05,46.86,10,0 days 10:00:00.000000000
2019-04-24 11:00:00,27.9,32.3,11,0 days 11:00:00.000000000
2019-04-24 12:00:00,23.4,27.24,12,0 days 12:00:00.000000000
2019-04-24 13:00:00,52.53,60.89,13,0 days 13:00:00.000000000
2019-04-24 14:00:00,39.27,46.66,14,0 days 14:00:00.000000000
2019-04-24 15:00:00,26.32,30.27,15,0 days 15:00:00.000000000
2019-04-24 16:00:00,40.97,49.91,16,0 days 16:00:00.000000000
2019-04-24 17:00:00,37.54,45.5,17,0 days 17:00:00.000000000
2019-04-24 18:00:00,41.93,51.48,18,0 days 18:00:00.000000000
2019-04-24 19:00:00,53.25,66.09,19,0 days 19:00:00.000000000
2019-04-24 20:00:00,66.99,78.34,20,0 days 20:00:00.000000000
2019-04-24 21:00:00,45.16,57.3,21,0 days 21:00:00.000000000
2019-04-24 22:00:00,102.15,118.38,22,0 days 22:00:00.000000000
2019-04-24 23:00:00,40.3,50.5,23,0 days 23:00:00.000000000
2019-04-25 00:00:00,37.99,46.27,0,0 days 00:00:00.000000000
2019-04-25 01:00:00,45.23,53.72,1,0 days 01:00:00.000000000
2019-04-25 02:00:00,37.21,42.84,2,0 days 02:00:00.000000000
2019-04-25 03:00:00,33.42,39.57,3,0 days 03:00:00.000000000
2019-04-25 04:00:00,40.5,49.91,4,0 days 04:00:00.000000000
2019-04-25 05:00:00,39.62,47.61,5,0 days 05:00:00.000000000
2019-04-25 06:00:00,56.4,66.15,6,0 days 06:00:00.000000000
2019-04-25 07:00:00,81.1,93.6,7,0 days 07:00:00.000000000
2019-04-25 08:00:00,58.89,70.71,8,0 days 08:00:00.000000000
2019-04-25 09:00:00,72.46,83.02,9,0 days 09:00:00.000000000
2019-04-25 10:00:00,62.85,73.77,10,0 days 10:00:00.000000000
2019-04-25 11:00:00,46.65,56.84,11,0 days 11:00:00.000000000
2019-04-25 12:00:00,42.18,51.11,12,0 days 12:00:00.000000000
2019-04-25 13:00:00,52.41,63.02,13,0 days 13:00:00.000000000
2019-04-25 14:00:00,67.98,79.32,14,0 days 14:00:00.000000000
2019-04-25 15:00:00,49.08,58.0,15,0 days 15:00:00.000000000
2019-04-25 16:00:00,31.43,36.55,16,0 days 16:00:00.000000000
2019-04-25 17:00:00,27.27,32.25,17,0 days 17:00:00.000000000
2019-04-25 18:00:00,45.7,55.68,18,0 days 18:00:00.000000000
2019-04-25 19:00:00,79.0,90.68,19,0 days 19:00:00.000000000
2019-04-25 20:00:00,70.11,81.68,20,0 days 20:00:00.000000000
2019-04-25 21:00:00,56.95,68.52,21,0 days 21:00:00.000000000
2019-04-25 22:00:00,51.42,63.07,22,0 days 22:00:00.000000000
2019-04-25 23:00:00,44.14,54.78,23,0 days 23:00:00.000000000
2019-04-26 00:00:00,35.02,42.03,0,0 days 00:00:00.000000000
2019-04-26 01:00:00,22.59,25.79,1,0 days 01:00:00.000000000
2019-04-26 02:00:00,10.2,12.52,2,0 days 02:00:00.000000000
2019-04-26 03:00:00,9.27,10.9,3,0 days 03:00:00.000000000
2019-04-26 04:00:00,10.31,12.08,4,0 days 04:00:00.000000000
2019-04-26 05:00:00,24.1,27.74,5,0 days 05:00:00.000000000
2019-04-26 06:00:00,33.82,38.99,6,0 days 06:00:00.000000000
2019-04-26 07:00:00,77.7,88.8,7,0 days 07:00:00.000000000
2019-04-26 08:00:00,53.77,64.19,8,0 days 08:00:00.000000000
2019-04-26 09:00:00,51.57,61.68,9,0 days 09:00:00.000000000
2019-04-26 10:00:00,88.19,96.56,10,0 days 10:00:00.000000000
2019-04-26 11:00:00,47.56,56.46,11,0 days 11:00:00.000000000
2019-04-26 12:00:00,45.25,54.39,12,0 days 12:00:00.000000000
2019-04-26 13:00:00,67.86,77.21,13,0 days 13:00:00.000000000
2019-04-26 14:00:00,31.41,36.51,14,0 days 14:00:00.000000000
2019-04-26 15:00:00,34.11,40.02,15,0 days 15:00:00.000000000
2019-04-26 16:00:00,33.37,39.46,16,0 days 16:00:00.000000000
2019-04-26 17:00:00,29.14,34.82,17,0 days 17:00:00.000000000
2019-04-26 18:00:00,57.3,67.7,18,0 days 18:00:00.000000000
2019-04-26 19:00:00,85.06,94.78,19,0 days 19:00:00.000000000
2019-04-26 20:00:00,68.25,77.94,20,0 days 20:00:00.000000000
2019-04-26 21:00:00,51.24,61.67,21,0 days 21:00:00.000000000
2019-04-26 22:00:00,67.11,78.81,22,0 days 22:00:00.000000000
2019-04-26 23:00:00,53.05,64.7,23,0 days 23:00:00.000000000
2019-04-27 00:00:00,47.09,58.36,0,0 days 00:00:00.000000000
2019-04-27 01:00:00,42.32,52.28,1,0 days 01:00:00.000000000
2019-04-27 02:00:00,39.25,48.05,2,0 days 02:00:00.000000000
2019-04-27 03:00:00,27.77,32.17,3,0 days 03:00:00.000000000
2019-04-27 04:00:00,19.74,22.71,4,0 days 04:00:00.000000000
2019-04-27 05:00:00,20.0,23.2,5,0 days 05:00:00.000000000
2019-04-27 06:00:00,36.93,42.65,6,0 days 06:00:00.000000000
2019-04-27 07:00:00,61.14,70.75,7,0 days 07:00:00.000000000
2019-04-27 08:00:00,54.5,64.23,8,0 days 08:00:00.000000000
2019-04-27 09:00:00,49.01,56.69,9,0 days 09:00:00.000000000
2019-04-27 10:00:00,45.89,53.69,10,0 days 10:00:00.000000000
2019-04-27 11:00:00,28.22,33.61,11,0 days 11:00:00.000000000
2019-04-27 12:00:00,32.17,38.94,12,0 days 12:00:00.000000000
2019-04-27 13:00:00,34.4,40.74,13,0 days 13:00:00.000000000
2019-04-27 14:00:00,29.09,34.27,14,0 days 14:00:00.000000000
2019-04-27 15:00:00,31.7,38.14,15,0 days 15:00:00.000000000
2019-04-27 16:00:00,26.84,31.97,16,0 days 16:00:00.000000000
2019-04-27 17:00:00,56.48,64.96,17,0 days 17:00:00.000000000
2019-04-27 18:00:00,107.26,118.0,18,0 days 18:00:00.000000000
2019-04-27 19:00:00,68.91,78.93,19,0 days 19:00:00.000000000
2019-04-27 20:00:00,73.26,83.61,20,0 days 20:00:00.000000000
2019-04-27 21:00:00,66.59,78.16,21,0 days 21:00:00.000000000
2019-04-27 22:00:00,70.16,82.37,22,0 days 22:00:00.000000000
2019-04-27 23:00:00,37.6,45.17,23,0 days 23:00:00.000000000
2019-04-28 00:00:00,28.13,33.17,0,0 days 00:00:00.000000000
2019-04-28 01:00:00,22.34,26.29,1,0 days 01:00:00.000000000
2019-04-28 02:00:00,25.88,30.45,2,0 days 02:00:00.000000000
2019-04-28 03:00:00,36.64,43.5,3,0 days 03:00:00.000000000
2019-04-28 04:00:00,33.7,39.81,4,0 days 04:00:00.000000000
2019-04-28 05:00:00,38.07,45.06,5,0 days 05:00:00.000000000
2019-04-28 06:00:00,65.64,76.32,6,0 days 06:00:00.000000000
2019-04-28 07:00:00,92.38,103.94,7,0 days 07:00:00.000000000
2019-04-28 08:00:00,107.49,119.57,8,0 days 08:00:00.000000000
2019-04-28 09:00:00,69.36,80.39,9,0 days 09:00:00.000000000
2019-04-28 10:00:00,52.34,62.72,10,0 days 10:00:00.000000000
2019-04-28 11:00:00,39.12,45.92,11,0 days 11:00:00.000000000
2019-04-28 12:00:00,34.18,40.12,12,0 days 12:00:00.000000000
2019-04-28 13:00:00,33.59,39.2,13,0 days 13:00:00.000000000
2019-04-28 14:00:00,33.27,38.79,14,0 days 14:00:00.000000000
2019-04-28 15:00:00,31.31,36.59,15,0 days 15:00:00.000000000
2019-04-28 16:00:00,36.74,43.07,16,0 days 16:00:00.000000000
2019-04-28 17:00:00,44.12,52.15,17,0 days 17:00:00.000000000
2019-04-28 18:00:00,63.32,73.79,18,0 days 18:00:00.000000000
2019-04-28 19:00:00,70.31,81.95,19,0 days 19:00:00.000000000
2019-04-28 20:00:00,74.77,86.06,20,0 days 20:00:00.000000000
2019-04-28 21:00:00,70.71,82.43,21,0 days 21:00:00.000000000
2019-04-28 22:00:00,58.04,68.83,22,0 days 22:00:00.000000000
2019-04-28 23:00:00,49.28,58.95,23,0 days 23:00:00.000000000
2019-04-29 00:00:00,41.4,49.84,0,0 days 00:00:00.000000000
2019-04-29 01:00:00,39.09,46.47,1,0 days 01:00:00.000000000
2019-04-29 02:00:00,34.24,40.85,2,0 days 02:00:00.000000000
2019-04-29 03:00:00,30.97,36.81,3,0 days 03:00:00.000000000
2019-04-29 04:00:00,33.39,39.57,4,0 days 04:00:00.000000000
2019-04-29 05:00:00,43.98,51.37,5,0 days 05:00:00.000000000
2019-04-29 06:00:00,66.64,75.27,6,0 days 06:00:00.000000000
2019-04-29 07:00:00,81.48,92.04,7,0 days 07:00:00.000000000
2019-04-29 08:00:00,74.43,85.02,8,0 days 08:00:00.000000000
2019-04-29 09:00:00,61.91,71.53,9,0 days 09:00:00.000000000
2019-04-29 10:00:00,60.8,69.8,10,0 days 10:00:00.000000000
2019-04-29 11:00:00,39.12,45.92,11,0 days 11:00:00.000000000
2019-04-29 12:00:00,34.18,40.12,12,0 days 12:00:00.000000000
2019-04-29 13:00:00,33.59,39.2,13,0 days 13:00:00.000000000
2019-04-29 14:00:00,37.11,45.7,14,0 days 14:00:00.000000000
2019-04-29 15:00:00,26.99,31.62,15,0 days 15:00:00.000000000
2019-04-29 16:00:00,28.31,33.09,16,0 days 16:00:00.000000000
2019-04-29 17:00:00,39.94,48.34,17,0 days 17:00:00.000000000
2019-04-29 18:00:00,76.36,89.62,18,0 days 18:00:00.000000000
2019-04-29 19:00:00,59.4,72.67,19,0 days 19:00:00.000000000
2019-04-29 20:00:00,67.4,80.22,20,0 days 20:00:00.000000000
2019-04-29 21:00:00,56.59,67.64,21,0 days 21:00:00.000000000
2019-04-29 22:00:00,40.13,47.57,22,0 days 22:00:00.000000000
2019-04-29 23:00:00,57.84,69.96,23,0 days 23:00:00.000000000
2019-04-30 00:00:00,29.33,35.24,0,0 days 00:00:00.000000000
2019-04-30 01:00:00,39.09,46.47,1,0 days 01:00:00.000000000
2019-04-30 02:00:00,34.24,40.85,2,0 days 02:00:00.000000000
2019-04-30 03:00:00,30.97,36.81,3,0 days 03:00:00.000000000
2019-04-30 04:00:00,33.39,39.57,4,0 days 04:00:00.000000000
2019-04-30 05:00:00,43.98,51.37,5,0 days 05:00:00.000000000
2019-04-30 06:00:00,66.64,75.27,6,0 days 06:00:00.000000000
2019-04-30 07:00:00,81.48,92.04,7,0 days 07:00:00.000000000
2019-04-30 08:00:00,54.88,64.26,8,0 days 08:00:00.000000000
2019-04-30 09:00:00,48.99,58.37,9,0 days 09:00:00.000000000
2019-04-30 10:00:00,44.12,51.99,10,0 days 10:00:00.000000000
2019-04-30 11:00:00,38.46,45.57,11,0 days 11:00:00.000000000
2019-04-30 12:00:00,32.39,38.4,12,0 days 12:00:00.000000000
2019-04-30 13:00:00,29.88,35.0,13,0 days 13:00:00.000000000
2019-04-30 14:00:00,24.99,28.88,14,0 days 14:00:00.000000000
2019-04-30 15:00:00,25.56,29.62,15,0 days 15:00:00.000000000
2019-04-30 16:00:00,26.65,30.99,16,0 days 16:00:00.000000000
2019-04-30 17:00:00,51.78,61.03,17,0 days 17:00:00.000000000
2019-04-30 18:00:00,44.48,54.78,18,0 days 18:00:00.000000000
2019-04-30 19:00:00,68.73,79.79,19,0 days 19:00:00.000000000
2019-04-30 20:00:00,70.16,80.34,20,0 days 20:00:00.000000000
2019-04-30 21:00:00,54.14,65.21,21,0 days 21:00:00.000000000
2019-04-30 22:00:00,46.22,55.76,22,0 days 22:00:00.000000000
2019-04-30 23:00:00,40.19,48.97,23,0 days 23:00:00.000000000
2019-05-01 00:00:00,44.08,54.89,0,0 days 00:00:00.000000000
2019-05-01 01:00:00,35.2,42.15,1,0 days 01:00:00.000000000
2019-05-01 02:00:00,48.74,59.97,2,0 days 02:00:00.000000000
2019-05-01 03:00:00,48.33,59.46,3,0 days 03:00:00.000000000
2019-05-01 04:00:00,37.73,45.89,4,0 days 04:00:00.000000000
2019-05-01 05:00:00,50.91,60.1,5,0 days 05:00:00.000000000
2019-05-01 06:00:00,77.53,86.53,6,0 days 06:00:00.000000000
2019-05-01 07:00:00,118.97,131.16,7,0 days 07:00:00.000000000
2019-05-01 08:00:00,76.09,87.09,8,0 days 08:00:00.000000000
2019-05-01 09:00:00,41.4,51.27,9,0 days 09:00:00.000000000
2019-05-01 10:00:00,62.79,71.6,10,0 days 10:00:00.000000000
2019-05-01 11:00:00,33.07,39.2,11,0 days 11:00:00.000000000
2019-05-01 12:00:00,31.56,37.21,12,0 days 12:00:00.000000000
2019-05-01 13:00:00,26.47,30.45,13,0 days 13:00:00.000000000
2019-05-01 14:00:00,25.31,29.73,14,0 days 14:00:00.000000000
2019-05-01 15:00:00,26.33,30.83,15,0 days 15:00:00.000000000
2019-05-01 16:00:00,30.26,35.71,16,0 days 16:00:00.000000000
2019-05-01 17:00:00,52.94,61.6,17,0 days 17:00:00.000000000
2019-05-01 18:00:00,54.48,66.27,18,0 days 18:00:00.000000000
2019-05-01 19:00:00,59.25,70.48,19,0 days 19:00:00.000000000
2019-05-01 20:00:00,85.22,96.6,20,0 days 20:00:00.000000000
2019-05-01 21:00:00,96.73,108.28,21,0 days 21:00:00.000000000
2019-05-01 22:00:00,50.73,60.93,22,0 days 22:00:00.000000000
2019-05-01 23:00:00,46.46,54.32,23,0 days 23:00:00.000000000
2019-05-02 00:00:00,31.55,37.52,0,0 days 00:00:00.000000000
2019-05-02 01:00:00,32.38,38.16,1,0 days 01:00:00.000000000
2019-05-02 02:00:00,39.79,47.69,2,0 days 02:00:00.000000000
2019-05-02 03:00:00,39.02,47.41,3,0 days 03:00:00.000000000
2019-05-02 04:00:00,43.51,53.03,4,0 days 04:00:00.000000000
2019-05-02 05:00:00,52.97,61.6,5,0 days 05:00:00.000000000
2019-05-02 06:00:00,114.16,123.56,6,0 days 06:00:00.000000000
2019-05-02 07:00:00,96.78,107.32,7,0 days 07:00:00.000000000
2019-05-02 08:00:00,69.32,81.07,8,0 days 08:00:00.000000000
2019-05-02 09:00:00,57.9,68.28,9,0 days 09:00:00.000000000
2019-05-02 10:00:00,51.74,62.27,10,0 days 10:00:00.000000000
2019-05-02 11:00:00,40.74,48.05,11,0 days 11:00:00.000000000
2019-05-02 12:00:00,26.51,31.03,12,0 days 12:00:00.000000000
2019-05-02 13:00:00,32.9,39.12,13,0 days 13:00:00.000000000
2019-05-02 14:00:00,35.86,42.26,14,0 days 14:00:00.000000000
2019-05-02 15:00:00,37.74,45.92,15,0 days 15:00:00.000000000
2019-05-02 16:00:00,37.7,45.84,16,0 days 16:00:00.000000000
2019-05-02 17:00:00,79.64,93.8,17,0 days 17:00:00.000000000
2019-05-02 18:00:00,95.91,107.96,18,0 days 18:00:00.000000000
2019-05-02 19:00:00,95.14,107.69,19,0 days 19:00:00.000000000
2019-05-02 20:00:00,98.83,109.7,20,0 days 20:00:00.000000000
2019-05-02 21:00:00,67.81,79.11,21,0 days 21:00:00.000000000
2019-05-02 22:00:00,59.46,71.97,22,0 days 22:00:00.000000000
2019-05-02 23:00:00,54.63,67.05,23,0 days 23:00:00.000000000
2019-05-03 00:00:00,52.2,64.86,0,0 days 00:00:00.000000000
2019-05-03 01:00:00,42.54,52.81,1,0 days 01:00:00.000000000
2019-05-03 02:00:00,37.12,44.8,2,0 days 02:00:00.000000000
2019-05-03 03:00:00,41.8,50.72,3,0 days 03:00:00.000000000
2019-05-03 04:00:00,38.1,45.96,4,0 days 04:00:00.000000000
2019-05-03 05:00:00,65.0,75.13,5,0 days 05:00:00.000000000
2019-05-03 06:00:00,111.48,121.7,6,0 days 06:00:00.000000000
2019-05-03 07:00:00,124.34,135.39,7,0 days 07:00:00.000000000
2019-05-03 08:00:00,156.33,175.35,8,0 days 08:00:00.000000000
2019-05-03 09:00:00,60.41,70.59,9,0 days 09:00:00.000000000
2019-05-03 10:00:00,63.18,72.12,10,0 days 10:00:00.000000000
2019-05-03 11:00:00,40.89,48.4,11,0 days 11:00:00.000000000
2019-05-03 12:00:00,32.08,38.19,12,0 days 12:00:00.000000000
2019-05-03 13:00:00,33.59,39.63,13,0 days 13:00:00.000000000
2019-05-03 14:00:00,34.12,39.56,14,0 days 14:00:00.000000000
2019-05-03 15:00:00,30.6,35.62,15,0 days 15:00:00.000000000
2019-05-03 16:00:00,32.72,38.64,16,0 days 16:00:00.000000000
2019-05-03 17:00:00,44.43,53.8,17,0 days 17:00:00.000000000
2019-05-03 18:00:00,71.44,81.07,18,0 days 18:00:00.000000000
2019-05-03 19:00:00,115.3,131.44,19,0 days 19:00:00.000000000
2019-05-03 20:00:00,68.01,81.07,20,0 days 20:00:00.000000000
2019-05-03 21:00:00,81.62,96.51,21,0 days 21:00:00.000000000
2019-05-03 22:00:00,139.39,153.01,22,0 days 22:00:00.000000000
2019-05-03 23:00:00,43.79,54.6,23,0 days 23:00:00.000000000
2019-05-04 00:00:00,39.74,49.41,0,0 days 00:00:00.000000000
2019-05-04 01:00:00,25.79,29.95,1,0 days 01:00:00.000000000
2019-05-04 02:00:00,19.07,22.21,2,0 days 02:00:00.000000000
2019-05-04 03:00:00,20.01,23.18,3,0 days 03:00:00.000000000
2019-05-04 04:00:00,25.74,29.69,4,0 days 04:00:00.000000000
2019-05-04 05:00:00,33.48,38.57,5,0 days 05:00:00.000000000
2019-05-04 06:00:00,39.95,46.89,6,0 days 06:00:00.000000000
2019-05-04 07:00:00,49.8,60.19,7,0 days 07:00:00.000000000
2019-05-04 08:00:00,46.4,56.53,8,0 days 08:00:00.000000000
2019-05-04 09:00:00,49.74,58.53,9,0 days 09:00:00.000000000
2019-05-04 10:00:00,52.61,61.17,10,0 days 10:00:00.000000000
2019-05-04 11:00:00,38.31,45.29,11,0 days 11:00:00.000000000
2019-05-04 12:00:00,35.96,42.54,12,0 days 12:00:00.000000000
2019-05-04 13:00:00,31.22,36.92,13,0 days 13:00:00.000000000
2019-05-04 14:00:00,23.65,27.39,14,0 days 14:00:00.000000000
2019-05-04 15:00:00,28.6,33.8,15,0 days 15:00:00.000000000
2019-05-04 16:00:00,36.74,43.07,16,0 days 16:00:00.000000000
2019-05-04 17:00:00,45.82,53.96,17,0 days 17:00:00.000000000
2019-05-04 18:00:00,57.63,69.02,18,0 days 18:00:00.000000000
2019-05-04 19:00:00,55.31,68.41,19,0 days 19:00:00.000000000
2019-05-04 20:00:00,70.98,83.02,20,0 days 20:00:00.000000000
2019-05-04 21:00:00,54.14,66.85,21,0 days 21:00:00.000000000
2019-05-04 22:00:00,54.97,67.6,22,0 days 22:00:00.000000000
2019-05-04 23:00:00,42.08,50.49,23,0 days 23:00:00.000000000
2019-05-05 00:00:00,24.43,29.28,0,0 days 00:00:00.000000000
2019-05-05 01:00:00,18.44,21.47,1,0 days 01:00:00.000000000
2019-05-05 02:00:00,18.26,21.21,2,0 days 02:00:00.000000000
2019-05-05 03:00:00,16.6,19.72,3,0 days 03:00:00.000000000
2019-05-05 04:00:00,15.2,17.58,4,0 days 04:00:00.000000000
2019-05-05 05:00:00,16.91,19.43,5,0 days 05:00:00.000000000
2019-05-05 06:00:00,25.63,29.92,6,0 days 06:00:00.000000000
2019-05-05 07:00:00,45.43,55.96,7,0 days 07:00:00.000000000
2019-05-05 08:00:00,59.0,68.63,8,0 days 08:00:00.000000000
2019-05-05 09:00:00,36.27,43.15,9,0 days 09:00:00.000000000
2019-05-05 10:00:00,54.35,63.52,10,0 days 10:00:00.000000000
2019-05-05 11:00:00,46.63,56.14,11,0 days 11:00:00.000000000
2019-05-05 12:00:00,40.44,48.75,12,0 days 12:00:00.000000000
2019-05-05 13:00:00,29.23,34.43,13,0 days 13:00:00.000000000
2019-05-05 14:00:00,21.54,24.91,14,0 days 14:00:00.000000000
2019-05-05 15:00:00,28.76,33.59,15,0 days 15:00:00.000000000
2019-05-05 16:00:00,27.14,31.95,16,0 days 16:00:00.000000000
2019-05-05 17:00:00,32.33,38.52,17,0 days 17:00:00.000000000
2019-05-05 18:00:00,45.36,55.0,18,0 days 18:00:00.000000000
2019-05-05 19:00:00,57.95,68.48,19,0 days 19:00:00.000000000
2019-05-05 20:00:00,58.6,69.0,20,0 days 20:00:00.000000000
2019-05-05 21:00:00,42.66,53.09,21,0 days 21:00:00.000000000
2019-05-05 22:00:00,60.65,70.04,22,0 days 22:00:00.000000000
2019-05-05 23:00:00,21.79,25.26,23,0 days 23:00:00.000000000
2019-05-06 00:00:00,27.05,31.09,0,0 days 00:00:00.000000000
2019-05-06 01:00:00,18.14,21.01,1,0 days 01:00:00.000000000
2019-05-06 02:00:00,20.43,23.74,2,0 days 02:00:00.000000000
2019-05-06 03:00:00,24.46,28.18,3,0 days 03:00:00.000000000
2019-05-06 04:00:00,20.46,23.97,4,0 days 04:00:00.000000000
2019-05-06 05:00:00,38.4,44.34,5,0 days 05:00:00.000000000
2019-05-06 06:00:00,88.95,98.32,6,0 days 06:00:00.000000000
2019-05-06 07:00:00,80.01,90.67,7,0 days 07:00:00.000000000
2019-05-06 08:00:00,39.88,48.04,8,0 days 08:00:00.000000000
2019-05-06 09:00:00,55.55,63.16,9,0 days 09:00:00.000000000
2019-05-06 10:00:00,29.48,34.52,10,0 days 10:00:00.000000000
2019-05-06 11:00:00,31.94,37.18,11,0 days 11:00:00.000000000
2019-05-06 12:00:00,24.78,28.8,12,0 days 12:00:00.000000000
2019-05-06 13:00:00,29.94,34.81,13,0 days 13:00:00.000000000
2019-05-06 14:00:00,23.58,27.6,14,0 days 14:00:00.000000000
2019-05-06 15:00:00,24.0,28.17,15,0 days 15:00:00.000000000
2019-05-06 16:00:00,27.59,32.53,16,0 days 16:00:00.000000000
2019-05-06 17:00:00,26.19,30.77,17,0 days 17:00:00.000000000
2019-05-06 18:00:00,45.58,55.05,18,0 days 18:00:00.000000000
2019-05-06 19:00:00,57.25,67.8,19,0 days 19:00:00.000000000
2019-05-06 20:00:00,61.25,73.49,20,0 days 20:00:00.000000000
2019-05-06 21:00:00,41.28,51.51,21,0 days 21:00:00.000000000
2019-05-06 22:00:00,28.78,34.19,22,0 days 22:00:00.000000000
2019-05-06 23:00:00,31.98,38.54,23,0 days 23:00:00.000000000
2019-05-07 00:00:00,17.77,21.27,0,0 days 00:00:00.000000000
2019-05-07 01:00:00,11.38,14.37,1,0 days 01:00:00.000000000
2019-05-07 02:00:00,8.02,9.65,2,0 days 02:00:00.000000000
2019-05-07 03:00:00,10.27,11.9,3,0 days 03:00:00.000000000
2019-05-07 04:00:00,10.71,12.53,4,0 days 04:00:00.000000000
2019-05-07 05:00:00,19.62,22.66,5,0 days 05:00:00.000000000
2019-05-07 06:00:00,69.61,78.58,6,0 days 06:00:00.000000000
2019-05-07 07:00:00,77.74,87.18,7,0 days 07:00:00.000000000
2019-05-07 08:00:00,37.86,44.71,8,0 days 08:00:00.000000000
2019-05-07 09:00:00,48.07,57.11,9,0 days 09:00:00.000000000
2019-05-07 10:00:00,65.6,75.0,10,0 days 10:00:00.000000000
2019-05-07 11:00:00,31.7,35.91,11,0 days 11:00:00.000000000
2019-05-07 12:00:00,27.4,31.79,12,0 days 12:00:00.000000000
2019-05-07 13:00:00,23.93,27.89,13,0 days 13:00:00.000000000
2019-05-07 14:00:00,44.24,50.66,14,0 days 14:00:00.000000000
2019-05-07 15:00:00,28.43,33.49,15,0 days 15:00:00.000000000
2019-05-07 16:00:00,37.99,44.08,16,0 days 16:00:00.000000000
2019-05-07 17:00:00,43.0,49.85,17,0 days 17:00:00.000000000
2019-05-07 18:00:00,50.8,59.3,18,0 days 18:00:00.000000000
2019-05-07 19:00:00,118.25,126.74,19,0 days 19:00:00.000000000
2019-05-07 20:00:00,88.75,96.89,20,0 days 20:00:00.000000000
2019-05-07 21:00:00,69.13,79.03,21,0 days 21:00:00.000000000
2019-05-07 22:00:00,44.29,51.82,22,0 days 22:00:00.000000000
2019-05-07 23:00:00,31.18,36.54,23,0 days 23:00:00.000000000
2019-05-08 00:00:00,28.06,32.62,0,0 days 00:00:00.000000000
2019-05-08 01:00:00,31.33,37.0,1,0 days 01:00:00.000000000
2019-05-08 02:00:00,28.02,33.21,2,0 days 02:00:00.000000000
2019-05-08 03:00:00,26.36,30.28,3,0 days 03:00:00.000000000
2019-05-08 04:00:00,21.45,25.09,4,0 days 04:00:00.000000000
2019-05-08 05:00:00,25.77,30.54,5,0 days 05:00:00.000000000
2019-05-08 06:00:00,68.25,77.65,6,0 days 06:00:00.000000000
2019-05-08 07:00:00,71.91,82.15,7,0 days 07:00:00.000000000
2019-05-08 08:00:00,42.05,50.71,8,0 days 08:00:00.000000000
2019-05-08 09:00:00,46.77,56.86,9,0 days 09:00:00.000000000
2019-05-08 10:00:00,108.31,121.07,10,0 days 10:00:00.000000000
2019-05-08 11:00:00,35.33,41.33,11,0 days 11:00:00.000000000
2019-05-08 12:00:00,46.15,54.27,12,0 days 12:00:00.000000000
2019-05-08 13:00:00,29.67,35.0,13,0 days 13:00:00.000000000
2019-05-08 14:00:00,24.04,27.48,14,0 days 14:00:00.000000000
2019-05-08 15:00:00,27.99,33.56,15,0 days 15:00:00.000000000
2019-05-08 16:00:00,48.71,56.17,16,0 days 16:00:00.000000000
2019-05-08 17:00:00,41.53,49.16,17,0 days 17:00:00.000000000
2019-05-08 18:00:00,46.25,56.28,18,0 days 18:00:00.000000000
2019-05-08 19:00:00,43.73,55.04,19,0 days 19:00:00.000000000
2019-05-08 20:00:00,59.67,72.19,20,0 days 20:00:00.000000000
2019-05-08 21:00:00,42.58,52.45,21,0 days 21:00:00.000000000
2019-05-08 22:00:00,51.21,60.94,22,0 days 22:00:00.000000000
2019-05-08 23:00:00,217.06,238.18,23,0 days 23:00:00.000000000
2019-05-09 00:00:00,49.4,60.22,0,0 days 00:00:00.000000000
2019-05-09 01:00:00,49.71,60.02,1,0 days 01:00:00.000000000
2019-05-09 02:00:00,44.57,53.75,2,0 days 02:00:00.000000000
2019-05-09 03:00:00,42.04,51.24,3,0 days 03:00:00.000000000
2019-05-09 04:00:00,63.85,76.41,4,0 days 04:00:00.000000000
2019-05-09 05:00:00,80.65,90.74,5,0 days 05:00:00.000000000
2019-05-09 06:00:00,128.67,141.52,6,0 days 06:00:00.000000000
2019-05-09 07:00:00,86.87,98.15,7,0 days 07:00:00.000000000
2019-05-09 08:00:00,56.9,67.46,8,0 days 08:00:00.000000000
2019-05-09 09:00:00,51.55,61.18,9,0 days 09:00:00.000000000
2019-05-09 10:00:00,32.53,38.36,10,0 days 10:00:00.000000000
2019-05-09 11:00:00,25.88,30.27,11,0 days 11:00:00.000000000
2019-05-09 12:00:00,26.85,31.38,12,0 days 12:00:00.000000000
2019-05-09 13:00:00,35.93,41.01,13,0 days 13:00:00.000000000
2019-05-09 14:00:00,30.9,35.45,14,0 days 14:00:00.000000000
2019-05-09 15:00:00,29.83,35.05,15,0 days 15:00:00.000000000
2019-05-09 16:00:00,28.68,33.82,16,0 days 16:00:00.000000000
2019-05-09 17:00:00,51.02,60.48,17,0 days 17:00:00.000000000
2019-05-09 18:00:00,64.05,75.48,18,0 days 18:00:00.000000000
2019-05-09 19:00:00,63.03,74.84,19,0 days 19:00:00.000000000
2019-05-09 20:00:00,94.64,107.62,20,0 days 20:00:00.000000000
2019-05-09 21:00:00,55.93,69.27,21,0 days 21:00:00.000000000
2019-05-09 22:00:00,68.69,82.05,22,0 days 22:00:00.000000000
2019-05-09 23:00:00,40.68,49.84,23,0 days 23:00:00.000000000
2019-05-10 00:00:00,99.54,115.2,0,0 days 00:00:00.000000000
2019-05-10 01:00:00,267.86,310.72,1,0 days 01:00:00.000000000
2019-05-10 02:00:00,141.12,165.29,2,0 days 02:00:00.000000000
2019-05-10 03:00:00,36.63,44.72,3,0 days 03:00:00.000000000
2019-05-10 04:00:00,61.5,73.97,4,0 days 04:00:00.000000000
2019-05-10 05:00:00,59.74,71.45,5,0 days 05:00:00.000000000
2019-05-10 06:00:00,54.82,67.02,6,0 days 06:00:00.000000000
2019-05-10 07:00:00,87.84,101.2,7,0 days 07:00:00.000000000
2019-05-10 08:00:00,61.9,73.21,8,0 days 08:00:00.000000000
2019-05-10 09:00:00,49.5,60.04,9,0 days 09:00:00.000000000
2019-05-10 10:00:00,63.41,73.57,10,0 days 10:00:00.000000000
2019-05-10 11:00:00,27.5,32.3,11,0 days 11:00:00.000000000
2019-05-10 12:00:00,24.95,29.1,12,0 days 12:00:00.000000000
2019-05-10 13:00:00,29.61,35.78,13,0 days 13:00:00.000000000
2019-05-10 14:00:00,35.58,43.3,14,0 days 14:00:00.000000000
2019-05-10 15:00:00,26.35,30.79,15,0 days 15:00:00.000000000
2019-05-10 16:00:00,28.27,33.03,16,0 days 16:00:00.000000000
2019-05-10 17:00:00,43.13,53.34,17,0 days 17:00:00.000000000
2019-05-10 18:00:00,55.12,67.03,18,0 days 18:00:00.000000000
2019-05-10 19:00:00,55.08,66.26,19,0 days 19:00:00.000000000
2019-05-10 20:00:00,60.65,72.35,20,0 days 20:00:00.000000000
2019-05-10 21:00:00,46.78,58.21,21,0 days 21:00:00.000000000
2019-05-10 22:00:00,49.11,58.6,22,0 days 22:00:00.000000000
2019-05-10 23:00:00,39.34,47.82,23,0 days 23:00:00.000000000
2019-05-11 00:00:00,41.62,51.73,0,0 days 00:00:00.000000000
2019-05-11 01:00:00,78.26,96.44,1,0 days 01:00:00.000000000
2019-05-11 02:00:00,32.32,39.2,2,0 days 02:00:00.000000000
2019-05-11 03:00:00,25.97,29.91,3,0 days 03:00:00.000000000
2019-05-11 04:00:00,43.65,52.25,4,0 days 04:00:00.000000000
2019-05-11 05:00:00,44.54,53.51,5,0 days 05:00:00.000000000
2019-05-11 06:00:00,70.08,79.83,6,0 days 06:00:00.000000000
2019-05-11 07:00:00,58.5,67.37,7,0 days 07:00:00.000000000
2019-05-11 08:00:00,70.01,78.66,8,0 days 08:00:00.000000000
2019-05-11 09:00:00,57.0,66.22,9,0 days 09:00:00.000000000
2019-05-11 10:00:00,131.56,143.1,10,0 days 10:00:00.000000000
2019-05-11 11:00:00,63.6,73.1,11,0 days 11:00:00.000000000
2019-05-11 12:00:00,45.63,54.21,12,0 days 12:00:00.000000000
2019-05-11 13:00:00,35.51,42.51,13,0 days 13:00:00.000000000
2019-05-11 14:00:00,33.53,40.33,14,0 days 14:00:00.000000000
2019-05-11 15:00:00,31.61,36.94,15,0 days 15:00:00.000000000
2019-05-11 16:00:00,41.13,46.84,16,0 days 16:00:00.000000000
2019-05-11 17:00:00,48.03,57.08,17,0 days 17:00:00.000000000
2019-05-11 18:00:00,61.34,71.44,18,0 days 18:00:00.000000000
2019-05-11 19:00:00,67.23,77.17,19,0 days 19:00:00.000000000
2019-05-11 20:00:00,47.98,58.74,20,0 days 20:00:00.000000000
2019-05-11 21:00:00,47.76,59.11,21,0 days 21:00:00.000000000
2019-05-11 22:00:00,51.36,62.58,22,0 days 22:00:00.000000000
2019-05-11 23:00:00,62.08,72.8,23,0 days 23:00:00.000000000
2019-05-12 00:00:00,28.84,33.9,0,0 days 00:00:00.000000000
2019-05-12 01:00:00,27.37,31.58,1,0 days 01:00:00.000000000
2019-05-12 02:00:00,17.22,20.96,2,0 days 02:00:00.000000000
2019-05-12 03:00:00,11.85,13.82,3,0 days 03:00:00.000000000
2019-05-12 04:00:00,12.9,14.74,4,0 days 04:00:00.000000000
2019-05-12 05:00:00,20.44,23.11,5,0 days 05:00:00.000000000
2019-05-12 06:00:00,35.33,40.96,6,0 days 06:00:00.000000000
2019-05-12 07:00:00,45.38,52.53,7,0 days 07:00:00.000000000
2019-05-12 08:00:00,58.48,67.19,8,0 days 08:00:00.000000000
2019-05-12 09:00:00,57.9,67.41,9,0 days 09:00:00.000000000
2019-05-12 10:00:00,55.58,63.89,10,0 days 10:00:00.000000000
2019-05-12 11:00:00,29.84,34.83,11,0 days 11:00:00.000000000
2019-05-12 12:00:00,28.55,33.11,12,0 days 12:00:00.000000000
2019-05-12 13:00:00,30.6,35.79,13,0 days 13:00:00.000000000
2019-05-12 14:00:00,25.79,29.99,14,0 days 14:00:00.000000000
2019-05-12 15:00:00,26.21,30.7,15,0 days 15:00:00.000000000
2019-05-12 16:00:00,30.13,35.16,16,0 days 16:00:00.000000000
2019-05-12 17:00:00,43.11,50.99,17,0 days 17:00:00.000000000
2019-05-12 18:00:00,79.93,90.85,18,0 days 18:00:00.000000000
2019-05-12 19:00:00,72.83,85.69,19,0 days 19:00:00.000000000
2019-05-12 20:00:00,76.91,86.88,20,0 days 20:00:00.000000000
2019-05-12 21:00:00,57.89,68.21,21,0 days 21:00:00.000000000
2019-05-12 22:00:00,55.92,65.78,22,0 days 22:00:00.000000000
2019-05-12 23:00:00,55.97,66.05,23,0 days 23:00:00.000000000
2019-05-13 00:00:00,34.5,41.09,0,0 days 00:00:00.000000000
2019-05-13 01:00:00,27.37,31.88,1,0 days 01:00:00.000000000
2019-05-13 02:00:00,16.59,20.07,2,0 days 02:00:00.000000000
2019-05-13 03:00:00,11.7,13.73,3,0 days 03:00:00.000000000
2019-05-13 04:00:00,17.42,19.67,4,0 days 04:00:00.000000000
2019-05-13 05:00:00,16.67,19.48,5,0 days 05:00:00.000000000
2019-05-13 06:00:00,39.97,45.68,6,0 days 06:00:00.000000000
2019-05-13 07:00:00,80.97,89.57,7,0 days 07:00:00.000000000
2019-05-13 08:00:00,76.36,85.58,8,0 days 08:00:00.000000000
2019-05-13 09:00:00,48.84,57.3,9,0 days 09:00:00.000000000
2019-05-13 10:00:00,38.27,45.06,10,0 days 10:00:00.000000000
2019-05-13 11:00:00,30.69,35.88,11,0 days 11:00:00.000000000
2019-05-13 12:00:00,26.87,31.12,12,0 days 12:00:00.000000000
2019-05-13 13:00:00,25.33,29.56,13,0 days 13:00:00.000000000
2019-05-13 14:00:00,54.3,62.48,14,0 days 14:00:00.000000000
2019-05-13 15:00:00,46.04,53.54,15,0 days 15:00:00.000000000
2019-05-13 16:00:00,24.18,27.9,16,0 days 16:00:00.000000000
2019-05-13 17:00:00,28.83,33.56,17,0 days 17:00:00.000000000
2019-05-13 18:00:00,40.71,48.77,18,0 days 18:00:00.000000000
2019-05-13 19:00:00,54.31,64.51,19,0 days 19:00:00.000000000
2019-05-13 20:00:00,41.72,51.72,20,0 days 20:00:00.000000000
2019-05-13 21:00:00,54.25,65.37,21,0 days 21:00:00.000000000
2019-05-13 22:00:00,50.56,61.34,22,0 days 22:00:00.000000000
2019-05-13 23:00:00,35.88,43.2,23,0 days 23:00:00.000000000
2019-05-14 00:00:00,26.81,31.03,0,0 days 00:00:00.000000000
2019-05-14 01:00:00,20.84,23.61,1,0 days 01:00:00.000000000
2019-05-14 02:00:00,15.73,18.05,2,0 days 02:00:00.000000000
2019-05-14 03:00:00,27.11,31.54,3,0 days 03:00:00.000000000
2019-05-14 04:00:00,42.2,49.04,4,0 days 04:00:00.000000000
2019-05-14 05:00:00,43.98,52.47,5,0 days 05:00:00.000000000
2019-05-14 06:00:00,73.26,83.18,6,0 days 06:00:00.000000000
2019-05-14 07:00:00,96.33,105.73,7,0 days 07:00:00.000000000
2019-05-14 08:00:00,66.08,75.96,8,0 days 08:00:00.000000000
2019-05-14 09:00:00,50.14,58.15,9,0 days 09:00:00.000000000
2019-05-14 10:00:00,37.35,44.56,10,0 days 10:00:00.000000000
2019-05-14 11:00:00,26.57,30.88,11,0 days 11:00:00.000000000
2019-05-14 12:00:00,18.43,21.2,12,0 days 12:00:00.000000000
2019-05-14 13:00:00,26.82,31.14,13,0 days 13:00:00.000000000
2019-05-14 14:00:00,72.66,82.03,14,0 days 14:00:00.000000000
2019-05-14 15:00:00,36.18,42.78,15,0 days 15:00:00.000000000
2019-05-14 16:00:00,51.3,62.77,16,0 days 16:00:00.000000000
2019-05-14 17:00:00,48.35,57.51,17,0 days 17:00:00.000000000
2019-05-14 18:00:00,62.05,73.03,18,0 days 18:00:00.000000000
2019-05-14 19:00:00,80.58,91.97,19,0 days 19:00:00.000000000
2019-05-14 20:00:00,89.83,100.57,20,0 days 20:00:00.000000000
2019-05-14 21:00:00,51.94,62.63,21,0 days 21:00:00.000000000
2019-05-14 22:00:00,50.28,61.0,22,0 days 22:00:00.000000000
2019-05-14 23:00:00,44.39,55.39,23,0 days 23:00:00.000000000
2019-05-15 00:00:00,40.75,49.59,0,0 days 00:00:00.000000000
2019-05-15 01:00:00,24.69,28.7,1,0 days 01:00:00.000000000
2019-05-15 02:00:00,17.24,20.33,2,0 days 02:00:00.000000000
2019-05-15 03:00:00,9.42,11.24,3,0 days 03:00:00.000000000
2019-05-15 04:00:00,14.48,17.01,4,0 days 04:00:00.000000000
2019-05-15 05:00:00,30.67,34.94,5,0 days 05:00:00.000000000
2019-05-15 06:00:00,77.38,86.77,6,0 days 06:00:00.000000000
2019-05-15 07:00:00,90.37,100.43,7,0 days 07:00:00.000000000
2019-05-15 08:00:00,69.49,79.31,8,0 days 08:00:00.000000000
2019-05-15 09:00:00,55.4,65.24,9,0 days 09:00:00.000000000
2019-05-15 10:00:00,44.23,51.11,10,0 days 10:00:00.000000000
2019-05-15 11:00:00,24.94,28.75,11,0 days 11:00:00.000000000
2019-05-15 12:00:00,27.36,31.44,12,0 days 12:00:00.000000000
2019-05-15 13:00:00,31.88,36.31,13,0 days 13:00:00.000000000
2019-05-15 14:00:00,33.27,38.79,14,0 days 14:00:00.000000000
2019-05-15 15:00:00,31.31,36.59,15,0 days 15:00:00.000000000
2019-05-15 16:00:00,36.74,43.07,16,0 days 16:00:00.000000000
2019-05-15 17:00:00,44.12,52.15,17,0 days 17:00:00.000000000
2019-05-15 18:00:00,63.32,73.79,18,0 days 18:00:00.000000000
2019-05-15 19:00:00,83.71,93.84,19,0 days 19:00:00.000000000
2019-05-15 20:00:00,75.35,84.65,20,0 days 20:00:00.000000000
2019-05-15 21:00:00,44.33,54.18,21,0 days 21:00:00.000000000
2019-05-15 22:00:00,37.86,45.8,22,0 days 22:00:00.000000000
2019-05-15 23:00:00,45.99,56.58,23,0 days 23:00:00.000000000
2019-05-16 00:00:00,40.8,50.75,0,0 days 00:00:00.000000000
2019-05-16 01:00:00,36.81,44.5,1,0 days 01:00:00.000000000
2019-05-16 02:00:00,29.08,33.56,2,0 days 02:00:00.000000000
2019-05-16 03:00:00,25.64,29.4,3,0 days 03:00:00.000000000
2019-05-16 04:00:00,29.76,34.51,4,0 days 04:00:00.000000000
2019-05-16 05:00:00,45.34,53.08,5,0 days 05:00:00.000000000
2019-05-16 06:00:00,41.4,47.94,6,0 days 06:00:00.000000000
2019-05-16 07:00:00,76.71,85.14,7,0 days 07:00:00.000000000
2019-05-16 08:00:00,62.39,72.69,8,0 days 08:00:00.000000000
2019-05-16 09:00:00,49.79,59.28,9,0 days 09:00:00.000000000
2019-05-16 10:00:00,50.17,58.53,10,0 days 10:00:00.000000000
2019-05-16 11:00:00,31.09,36.5,11,0 days 11:00:00.000000000
2019-05-16 12:00:00,28.3,32.78,12,0 days 12:00:00.000000000
2019-05-16 13:00:00,26.34,30.55,13,0 days 13:00:00.000000000
2019-05-16 14:00:00,20.27,22.93,14,0 days 14:00:00.000000000
2019-05-16 15:00:00,23.11,26.55,15,0 days 15:00:00.000000000
2019-05-16 16:00:00,34.02,40.82,16,0 days 16:00:00.000000000
2019-05-16 17:00:00,38.59,46.05,17,0 days 17:00:00.000000000
2019-05-16 18:00:00,52.21,63.41,18,0 days 18:00:00.000000000
2019-05-16 19:00:00,53.25,65.96,19,0 days 19:00:00.000000000
2019-05-16 20:00:00,72.81,83.33,20,0 days 20:00:00.000000000
2019-05-16 21:00:00,59.03,69.6,21,0 days 21:00:00.000000000
2019-05-16 22:00:00,48.86,59.43,22,0 days 22:00:00.000000000
2019-05-16 23:00:00,43.22,53.12,23,0 days 23:00:00.000000000
2019-05-17 00:00:00,43.35,52.92,0,0 days 00:00:00.000000000
2019-05-17 01:00:00,22.2,25.5,1,0 days 01:00:00.000000000
2019-05-17 02:00:00,23.99,27.63,2,0 days 02:00:00.000000000
2019-05-17 03:00:00,22.69,26.06,3,0 days 03:00:00.000000000
2019-05-17 04:00:00,27.2,31.7,4,0 days 04:00:00.000000000
2019-05-17 05:00:00,32.25,37.42,5,0 days 05:00:00.000000000
2019-05-17 06:00:00,42.32,48.29,6,0 days 06:00:00.000000000
2019-05-17 07:00:00,61.23,70.67,7,0 days 07:00:00.000000000
2019-05-17 08:00:00,81.19,90.91,8,0 days 08:00:00.000000000
2019-05-17 09:00:00,76.67,86.32,9,0 days 09:00:00.000000000
2019-05-17 10:00:00,47.23,54.47,10,0 days 10:00:00.000000000
2019-05-17 11:00:00,30.03,34.14,11,0 days 11:00:00.000000000
2019-05-17 12:00:00,25.77,30.26,12,0 days 12:00:00.000000000
2019-05-17 13:00:00,44.12,50.43,13,0 days 13:00:00.000000000
2019-05-17 14:00:00,37.27,44.61,14,0 days 14:00:00.000000000
2019-05-17 15:00:00,33.6,39.86,15,0 days 15:00:00.000000000
2019-05-17 16:00:00,30.95,36.78,16,0 days 16:00:00.000000000
2019-05-17 17:00:00,29.39,34.7,17,0 days 17:00:00.000000000
2019-05-17 18:00:00,63.92,74.51,18,0 days 18:00:00.000000000
2019-05-17 19:00:00,71.67,85.41,19,0 days 19:00:00.000000000
2019-05-17 20:00:00,95.76,107.88,20,0 days 20:00:00.000000000
2019-05-17 21:00:00,183.34,195.86,21,0 days 21:00:00.000000000
2019-05-17 22:00:00,51.82,63.6,22,0 days 22:00:00.000000000
2019-05-17 23:00:00,41.54,50.57,23,0 days 23:00:00.000000000
2019-05-18 00:00:00,22.93,26.43,0,0 days 00:00:00.000000000
2019-05-18 01:00:00,25.99,30.45,1,0 days 01:00:00.000000000
2019-05-18 02:00:00,35.5,43.09,2,0 days 02:00:00.000000000
2019-05-18 03:00:00,30.65,35.88,3,0 days 03:00:00.000000000
2019-05-18 04:00:00,36.33,41.86,4,0 days 04:00:00.000000000
2019-05-18 05:00:00,19.85,22.89,5,0 days 05:00:00.000000000
2019-05-18 06:00:00,33.83,39.1,6,0 days 06:00:00.000000000
2019-05-18 07:00:00,65.71,74.63,7,0 days 07:00:00.000000000
2019-05-18 08:00:00,86.26,95.79,8,0 days 08:00:00.000000000
2019-05-18 09:00:00,64.05,74.71,9,0 days 09:00:00.000000000
2019-05-18 10:00:00,49.34,59.36,10,0 days 10:00:00.000000000
2019-05-18 11:00:00,29.49,34.45,11,0 days 11:00:00.000000000
2019-05-18 12:00:00,23.14,27.09,12,0 days 12:00:00.000000000
2019-05-18 13:00:00,43.56,50.04,13,0 days 13:00:00.000000000
2019-05-18 14:00:00,39.9,45.77,14,0 days 14:00:00.000000000
2019-05-18 15:00:00,36.01,42.62,15,0 days 15:00:00.000000000
2019-05-18 16:00:00,38.27,47.46,16,0 days 16:00:00.000000000
2019-05-18 17:00:00,51.19,61.77,17,0 days 17:00:00.000000000
2019-05-18 18:00:00,53.47,65.25,18,0 days 18:00:00.000000000
2019-05-18 19:00:00,56.87,68.62,19,0 days 19:00:00.000000000
2019-05-18 20:00:00,58.02,69.0,20,0 days 20:00:00.000000000
2019-05-18 21:00:00,68.02,78.32,21,0 days 21:00:00.000000000
2019-05-18 22:00:00,54.55,65.55,22,0 days 22:00:00.000000000
2019-05-18 23:00:00,33.79,40.94,23,0 days 23:00:00.000000000
2019-05-19 00:00:00,41.4,49.84,0,0 days 00:00:00.000000000
2019-05-19 01:00:00,39.09,46.47,1,0 days 01:00:00.000000000
2019-05-19 02:00:00,34.24,40.85,2,0 days 02:00:00.000000000
2019-05-19 03:00:00,30.97,36.81,3,0 days 03:00:00.000000000
2019-05-19 04:00:00,33.39,39.57,4,0 days 04:00:00.000000000
2019-05-19 05:00:00,43.98,51.37,5,0 days 05:00:00.000000000
2019-05-19 06:00:00,66.64,75.27,6,0 days 06:00:00.000000000
2019-05-19 07:00:00,81.48,92.04,7,0 days 07:00:00.000000000
2019-05-19 08:00:00,74.43,85.02,8,0 days 08:00:00.000000000
2019-05-19 09:00:00,61.91,71.53,9,0 days 09:00:00.000000000
2019-05-19 10:00:00,60.8,69.8,10,0 days 10:00:00.000000000
2019-05-19 11:00:00,39.12,45.92,11,0 days 11:00:00.000000000
2019-05-19 12:00:00,34.18,40.12,12,0 days 12:00:00.000000000
2019-05-19 13:00:00,33.59,39.2,13,0 days 13:00:00.000000000
2019-05-19 14:00:00,33.27,38.79,14,0 days 14:00:00.000000000
2019-05-19 15:00:00,31.31,36.59,15,0 days 15:00:00.000000000
2019-05-19 16:00:00,36.74,43.07,16,0 days 16:00:00.000000000
2019-05-19 17:00:00,44.12,52.15,17,0 days 17:00:00.000000000
2019-05-19 18:00:00,63.32,73.79,18,0 days 18:00:00.000000000
2019-05-19 19:00:00,70.31,81.95,19,0 days 19:00:00.000000000
2019-05-19 20:00:00,74.77,86.06,20,0 days 20:00:00.000000000
2019-05-19 21:00:00,70.71,82.43,21,0 days 21:00:00.000000000
2019-05-19 22:00:00,58.04,68.83,22,0 days 22:00:00.000000000
2019-05-19 23:00:00,49.28,58.95,23,0 days 23:00:00.000000000
2019-05-20 00:00:00,41.4,49.84,0,0 days 00:00:00.000000000
2019-05-20 01:00:00,39.09,46.47,1,0 days 01:00:00.000000000
2019-05-20 02:00:00,34.24,40.85,2,0 days 02:00:00.000000000
2019-05-20 03:00:00,30.97,36.81,3,0 days 03:00:00.000000000
2019-05-20 04:00:00,33.39,39.57,4,0 days 04:00:00.000000000
2019-05-20 05:00:00,43.98,51.37,5,0 days 05:00:00.000000000
2019-05-20 06:00:00,66.64,75.27,6,0 days 06:00:00.000000000
2019-05-20 07:00:00,81.48,92.04,7,0 days 07:00:00.000000000
2019-05-20 08:00:00,74.43,85.02,8,0 days 08:00:00.000000000
2019-05-20 09:00:00,61.91,71.53,9,0 days 09:00:00.000000000
2019-05-20 10:00:00,54.19,62.95,10,0 days 10:00:00.000000000
2019-05-20 11:00:00,32.58,38.89,11,0 days 11:00:00.000000000
2019-05-20 12:00:00,34.25,40.65,12,0 days 12:00:00.000000000
2019-05-20 13:00:00,32.4,38.57,13,0 days 13:00:00.000000000
2019-05-20 14:00:00,26.01,30.2,14,0 days 14:00:00.000000000
2019-05-20 15:00:00,23.56,27.42,15,0 days 15:00:00.000000000
2019-05-20 16:00:00,53.0,60.81,16,0 days 16:00:00.000000000
2019-05-20 17:00:00,78.87,92.74,17,0 days 17:00:00.000000000
2019-05-20 18:00:00,73.65,84.75,18,0 days 18:00:00.000000000
2019-05-20 19:00:00,62.86,74.76,19,0 days 19:00:00.000000000
2019-05-20 20:00:00,53.65,64.71,20,0 days 20:00:00.000000000
2019-05-20 21:00:00,147.81,163.77,21,0 days 21:00:00.000000000
2019-05-20 22:00:00,58.45,69.92,22,0 days 22:00:00.000000000
2019-05-20 23:00:00,77.72,89.85,23,0 days 23:00:00.000000000
2019-05-21 00:00:00,71.41,83.71,0,0 days 00:00:00.000000000
2019-05-21 01:00:00,37.9,45.03,1,0 days 01:00:00.000000000
2019-05-21 02:00:00,26.59,31.06,2,0 days 02:00:00.000000000
2019-05-21 03:00:00,27.99,32.91,3,0 days 03:00:00.000000000
2019-05-21 04:00:00,27.35,32.59,4,0 days 04:00:00.000000000
2019-05-21 05:00:00,36.56,43.99,5,0 days 05:00:00.000000000
2019-05-21 06:00:00,87.19,97.91,6,0 days 06:00:00.000000000
2019-05-21 07:00:00,55.76,67.41,7,0 days 07:00:00.000000000
2019-05-21 08:00:00,49.86,60.11,8,0 days 08:00:00.000000000
2019-05-21 09:00:00,49.02,57.34,9,0 days 09:00:00.000000000
2019-05-21 10:00:00,88.24,99.24,10,0 days 10:00:00.000000000
2019-05-21 11:00:00,57.72,66.16,11,0 days 11:00:00.000000000
2019-05-21 12:00:00,27.29,32.37,12,0 days 12:00:00.000000000
2019-05-21 13:00:00,21.46,25.14,13,0 days 13:00:00.000000000
2019-05-21 14:00:00,31.28,36.41,14,0 days 14:00:00.000000000
2019-05-21 15:00:00,26.96,31.78,15,0 days 15:00:00.000000000
2019-05-21 16:00:00,63.81,77.01,16,0 days 16:00:00.000000000
2019-05-21 17:00:00,26.24,31.33,17,0 days 17:00:00.000000000
2019-05-21 18:00:00,43.34,52.75,18,0 days 18:00:00.000000000
2019-05-21 19:00:00,42.62,53.65,19,0 days 19:00:00.000000000
2019-05-21 20:00:00,52.05,63.66,20,0 days 20:00:00.000000000
2019-05-21 21:00:00,61.51,74.43,21,0 days 21:00:00.000000000
2019-05-21 22:00:00,55.64,68.78,22,0 days 22:00:00.000000000
2019-05-21 23:00:00,48.75,61.11,23,0 days 23:00:00.000000000
2019-05-22 00:00:00,53.0,65.71,0,0 days 00:00:00.000000000
2019-05-22 01:00:00,43.4,53.45,1,0 days 01:00:00.000000000
2019-05-22 02:00:00,35.5,43.41,2,0 days 02:00:00.000000000
2019-05-22 03:00:00,36.89,43.83,3,0 days 03:00:00.000000000
2019-05-22 04:00:00,37.61,44.21,4,0 days 04:00:00.000000000
2019-05-22 05:00:00,79.52,91.54,5,0 days 05:00:00.000000000
2019-05-22 06:00:00,82.5,93.88,6,0 days 06:00:00.000000000
2019-05-22 07:00:00,59.56,70.5,7,0 days 07:00:00.000000000
2019-05-22 08:00:00,58.55,72.08,8,0 days 08:00:00.000000000
2019-05-22 09:00:00,57.15,65.96,9,0 days 09:00:00.000000000
2019-05-22 10:00:00,46.47,55.2,10,0 days 10:00:00.000000000
2019-05-22 11:00:00,38.36,45.22,11,0 days 11:00:00.000000000
2019-05-22 12:00:00,29.59,34.66,12,0 days 12:00:00.000000000
2019-05-22 13:00:00,45.32,53.14,13,0 days 13:00:00.000000000
2019-05-22 14:00:00,38.68,45.18,14,0 days 14:00:00.000000000
2019-05-22 15:00:00,28.26,32.94,15,0 days 15:00:00.000000000
2019-05-22 16:00:00,31.85,37.39,16,0 days 16:00:00.000000000
2019-05-22 17:00:00,45.38,55.22,17,0 days 17:00:00.000000000
2019-05-22 18:00:00,54.42,67.31,18,0 days 18:00:00.000000000
2019-05-22 19:00:00,56.12,69.74,19,0 days 19:00:00.000000000
2019-05-22 20:00:00,99.52,112.49,20,0 days 20:00:00.000000000
2019-05-22 21:00:00,96.46,113.33,21,0 days 21:00:00.000000000
2019-05-22 22:00:00,118.47,131.79,22,0 days 22:00:00.000000000
2019-05-22 23:00:00,84.82,96.45,23,0 days 23:00:00.000000000
2019-05-23 00:00:00,42.34,52.59,0,0 days 00:00:00.000000000
2019-05-23 01:00:00,32.85,39.45,1,0 days 01:00:00.000000000
2019-05-23 02:00:00,22.06,25.73,2,0 days 02:00:00.000000000
2019-05-23 03:00:00,22.02,25.25,3,0 days 03:00:00.000000000
2019-05-23 04:00:00,22.27,25.33,4,0 days 04:00:00.000000000
2019-05-23 05:00:00,22.4,26.02,5,0 days 05:00:00.000000000
2019-05-23 06:00:00,43.77,48.95,6,0 days 06:00:00.000000000
2019-05-23 07:00:00,74.55,84.63,7,0 days 07:00:00.000000000
2019-05-23 08:00:00,78.49,86.83,8,0 days 08:00:00.000000000
2019-05-23 09:00:00,96.42,105.6,9,0 days 09:00:00.000000000
2019-05-23 10:00:00,95.1,104.48,10,0 days 10:00:00.000000000
2019-05-23 11:00:00,44.47,52.41,11,0 days 11:00:00.000000000
2019-05-23 12:00:00,29.99,35.0,12,0 days 12:00:00.000000000
2019-05-23 13:00:00,26.86,30.9,13,0 days 13:00:00.000000000
2019-05-23 14:00:00,36.81,42.4,14,0 days 14:00:00.000000000
2019-05-23 15:00:00,47.76,55.56,15,0 days 15:00:00.000000000
2019-05-23 16:00:00,60.58,71.22,16,0 days 16:00:00.000000000
2019-05-23 17:00:00,35.8,42.73,17,0 days 17:00:00.000000000
2019-05-23 18:00:00,68.09,79.84,18,0 days 18:00:00.000000000
2019-05-23 19:00:00,62.25,73.31,19,0 days 19:00:00.000000000
2019-05-23 20:00:00,61.08,72.88,20,0 days 20:00:00.000000000
2019-05-23 21:00:00,65.0,75.25,21,0 days 21:00:00.000000000
2019-05-23 22:00:00,55.65,66.52,22,0 days 22:00:00.000000000
2019-05-23 23:00:00,41.73,51.0,23,0 days 23:00:00.000000000
2019-05-24 00:00:00,32.82,39.69,0,0 days 00:00:00.000000000
2019-05-24 01:00:00,23.7,27.92,1,0 days 01:00:00.000000000
2019-05-24 02:00:00,22.45,25.79,2,0 days 02:00:00.000000000
2019-05-24 03:00:00,27.77,32.97,3,0 days 03:00:00.000000000
2019-05-24 04:00:00,13.44,15.81,4,0 days 04:00:00.000000000
2019-05-24 05:00:00,17.77,20.32,5,0 days 05:00:00.000000000
2019-05-24 06:00:00,38.13,44.19,6,0 days 06:00:00.000000000
2019-05-24 07:00:00,46.63,55.52,7,0 days 07:00:00.000000000
2019-05-24 08:00:00,76.47,84.26,8,0 days 08:00:00.000000000
2019-05-24 09:00:00,59.33,68.84,9,0 days 09:00:00.000000000
2019-05-24 10:00:00,49.11,58.34,10,0 days 10:00:00.000000000
2019-05-24 11:00:00,53.02,63.24,11,0 days 11:00:00.000000000
2019-05-24 12:00:00,49.86,59.2,12,0 days 12:00:00.000000000
2019-05-24 13:00:00,41.31,48.43,13,0 days 13:00:00.000000000
2019-05-24 14:00:00,41.07,48.33,14,0 days 14:00:00.000000000
2019-05-24 15:00:00,62.75,72.34,15,0 days 15:00:00.000000000
2019-05-24 16:00:00,37.02,43.81,16,0 days 16:00:00.000000000
2019-05-24 17:00:00,95.42,105.81,17,0 days 17:00:00.000000000
2019-05-24 18:00:00,131.55,141.85,18,0 days 18:00:00.000000000
2019-05-24 19:00:00,57.36,69.05,19,0 days 19:00:00.000000000
2019-05-24 20:00:00,98.88,111.18,20,0 days 20:00:00.000000000
2019-05-24 21:00:00,104.98,121.38,21,0 days 21:00:00.000000000
2019-05-24 22:00:00,85.48,95.96,22,0 days 22:00:00.000000000
2019-05-24 23:00:00,81.25,93.53,23,0 days 23:00:00.000000000
2019-05-25 00:00:00,49.8,61.92,0,0 days 00:00:00.000000000
2019-05-25 01:00:00,50.86,63.33,1,0 days 01:00:00.000000000
2019-05-25 02:00:00,52.69,65.45,2,0 days 02:00:00.000000000
2019-05-25 03:00:00,42.93,53.03,3,0 days 03:00:00.000000000
2019-05-25 04:00:00,43.95,54.51,4,0 days 04:00:00.000000000
2019-05-25 05:00:00,48.36,60.2,5,0 days 05:00:00.000000000
2019-05-25 06:00:00,61.75,72.35,6,0 days 06:00:00.000000000
2019-05-25 07:00:00,59.05,69.05,7,0 days 07:00:00.000000000
2019-05-25 08:00:00,59.86,70.57,8,0 days 08:00:00.000000000
2019-05-25 09:00:00,52.43,62.64,9,0 days 09:00:00.000000000
2019-05-25 10:00:00,43.64,51.86,10,0 days 10:00:00.000000000
2019-05-25 11:00:00,39.85,47.38,11,0 days 11:00:00.000000000
2019-05-25 12:00:00,37.56,45.11,12,0 days 12:00:00.000000000
2019-05-25 13:00:00,31.67,37.11,13,0 days 13:00:00.000000000
2019-05-25 14:00:00,38.14,44.51,14,0 days 14:00:00.000000000
2019-05-25 15:00:00,39.91,48.01,15,0 days 15:00:00.000000000
2019-05-25 16:00:00,156.22,174.41,16,0 days 16:00:00.000000000
2019-05-25 17:00:00,38.08,46.36,17,0 days 17:00:00.000000000
2019-05-25 18:00:00,130.67,141.74,18,0 days 18:00:00.000000000
2019-05-25 19:00:00,191.55,207.96,19,0 days 19:00:00.000000000
2019-05-25 20:00:00,84.37,95.84,20,0 days 20:00:00.000000000
2019-05-25 21:00:00,64.06,74.9,21,0 days 21:00:00.000000000
2019-05-25 22:00:00,56.32,69.74,22,0 days 22:00:00.000000000
2019-05-25 23:00:00,47.89,60.72,23,0 days 23:00:00.000000000
2019-05-26 00:00:00,45.04,56.86,0,0 days 00:00:00.000000000
2019-05-26 01:00:00,38.16,46.45,1,0 days 01:00:00.000000000
2019-05-26 02:00:00,32.98,38.71,2,0 days 02:00:00.000000000
2019-05-26 03:00:00,36.59,43.29,3,0 days 03:00:00.000000000
2019-05-26 04:00:00,29.48,33.99,4,0 days 04:00:00.000000000
2019-05-26 05:00:00,40.11,47.9,5,0 days 05:00:00.000000000
2019-05-26 06:00:00,23.0,27.23,6,0 days 06:00:00.000000000
2019-05-26 07:00:00,44.32,50.85,7,0 days 07:00:00.000000000
2019-05-26 08:00:00,37.28,44.04,8,0 days 08:00:00.000000000
2019-05-26 09:00:00,92.25,102.22,9,0 days 09:00:00.000000000
2019-05-26 10:00:00,212.12,224.9,10,0 days 10:00:00.000000000
2019-05-26 11:00:00,93.66,104.7,11,0 days 11:00:00.000000000
2019-05-26 12:00:00,40.12,47.66,12,0 days 12:00:00.000000000
2019-05-26 13:00:00,29.98,34.79,13,0 days 13:00:00.000000000
2019-05-26 14:00:00,31.78,36.8,14,0 days 14:00:00.000000000
2019-05-26 15:00:00,31.61,36.0,15,0 days 15:00:00.000000000
2019-05-26 16:00:00,27.83,32.22,16,0 days 16:00:00.000000000
2019-05-26 17:00:00,31.01,35.79,17,0 days 17:00:00.000000000
2019-05-26 18:00:00,37.66,45.86,18,0 days 18:00:00.000000000
2019-05-26 19:00:00,63.86,74.19,19,0 days 19:00:00.000000000
2019-05-26 20:00:00,77.24,86.96,20,0 days 20:00:00.000000000
2019-05-26 21:00:00,86.61,99.84,21,0 days 21:00:00.000000000
2019-05-26 22:00:00,59.38,70.61,22,0 days 22:00:00.000000000
2019-05-26 23:00:00,48.35,58.61,23,0 days 23:00:00.000000000
2019-05-27 00:00:00,32.29,38.23,0,0 days 00:00:00.000000000
2019-05-27 01:00:00,32.28,36.85,1,0 days 01:00:00.000000000
2019-05-27 02:00:00,31.21,37.16,2,0 days 02:00:00.000000000
2019-05-27 03:00:00,17.1,19.51,3,0 days 03:00:00.000000000
2019-05-27 04:00:00,15.64,17.96,4,0 days 04:00:00.000000000
2019-05-27 05:00:00,10.99,12.79,5,0 days 05:00:00.000000000
2019-05-27 06:00:00,27.04,31.19,6,0 days 06:00:00.000000000
2019-05-27 07:00:00,48.17,56.43,7,0 days 07:00:00.000000000
2019-05-27 08:00:00,53.85,62.44,8,0 days 08:00:00.000000000
2019-05-27 09:00:00,54.71,63.6,9,0 days 09:00:00.000000000
2019-05-27 10:00:00,49.39,57.92,10,0 days 10:00:00.000000000
2019-05-27 11:00:00,34.94,41.52,11,0 days 11:00:00.000000000
2019-05-27 12:00:00,39.9,47.25,12,0 days 12:00:00.000000000
2019-05-27 13:00:00,36.42,42.89,13,0 days 13:00:00.000000000
2019-05-27 14:00:00,36.46,43.01,14,0 days 14:00:00.000000000
2019-05-27 15:00:00,22.86,26.2,15,0 days 15:00:00.000000000
2019-05-27 16:00:00,31.74,37.47,16,0 days 16:00:00.000000000
2019-05-27 17:00:00,42.78,52.15,17,0 days 17:00:00.000000000
2019-05-27 18:00:00,59.39,70.54,18,0 days 18:00:00.000000000
2019-05-27 19:00:00,63.65,76.32,19,0 days 19:00:00.000000000
2019-05-27 20:00:00,82.72,93.52,20,0 days 20:00:00.000000000
2019-05-27 21:00:00,106.21,118.21,21,0 days 21:00:00.000000000
2019-05-27 22:00:00,68.74,78.74,22,0 days 22:00:00.000000000
2019-05-27 23:00:00,37.71,45.3,23,0 days 23:00:00.000000000
2019-05-28 00:00:00,36.16,43.37,0,0 days 00:00:00.000000000
2019-05-28 01:00:00,27.18,31.21,1,0 days 01:00:00.000000000
2019-05-28 02:00:00,34.61,41.12,2,0 days 02:00:00.000000000
2019-05-28 03:00:00,30.08,35.29,3,0 days 03:00:00.000000000
2019-05-28 04:00:00,35.77,43.06,4,0 days 04:00:00.000000000
2019-05-28 05:00:00,53.48,65.84,5,0 days 05:00:00.000000000
2019-05-28 06:00:00,71.55,84.35,6,0 days 06:00:00.000000000
2019-05-28 07:00:00,129.36,143.24,7,0 days 07:00:00.000000000
2019-05-28 08:00:00,119.47,131.42,8,0 days 08:00:00.000000000
2019-05-28 09:00:00,78.57,87.72,9,0 days 09:00:00.000000000
2019-05-28 10:00:00,38.87,45.51,10,0 days 10:00:00.000000000
2019-05-28 11:00:00,30.5,35.59,11,0 days 11:00:00.000000000
2019-05-28 12:00:00,21.79,25.22,12,0 days 12:00:00.000000000
2019-05-28 13:00:00,27.65,32.66,13,0 days 13:00:00.000000000
2019-05-28 14:00:00,38.97,47.2,14,0 days 14:00:00.000000000
2019-05-28 15:00:00,36.88,43.67,15,0 days 15:00:00.000000000
2019-05-28 16:00:00,33.75,40.0,16,0 days 16:00:00.000000000
2019-05-28 17:00:00,43.5,51.74,17,0 days 17:00:00.000000000
2019-05-28 18:00:00,137.48,147.88,18,0 days 18:00:00.000000000
2019-05-28 19:00:00,101.18,111.64,19,0 days 19:00:00.000000000
2019-05-28 20:00:00,86.37,97.06,20,0 days 20:00:00.000000000
2019-05-28 21:00:00,110.63,122.29,21,0 days 21:00:00.000000000
2019-05-28 22:00:00,58.36,69.68,22,0 days 22:00:00.000000000
2019-05-28 23:00:00,52.07,62.68,23,0 days 23:00:00.000000000
2019-05-29 00:00:00,49.66,60.59,0,0 days 00:00:00.000000000
2019-05-29 01:00:00,57.34,70.11,1,0 days 01:00:00.000000000
2019-05-29 02:00:00,55.66,67.89,2,0 days 02:00:00.000000000
2019-05-29 03:00:00,54.1,64.26,3,0 days 03:00:00.000000000
2019-05-29 04:00:00,65.06,76.76,4,0 days 04:00:00.000000000
2019-05-29 05:00:00,49.15,59.74,5,0 days 05:00:00.000000000
2019-05-29 06:00:00,40.63,48.11,6,0 days 06:00:00.000000000
2019-05-29 07:00:00,61.54,71.8,7,0 days 07:00:00.000000000
2019-05-29 08:00:00,73.19,83.13,8,0 days 08:00:00.000000000
2019-05-29 09:00:00,66.82,77.21,9,0 days 09:00:00.000000000
2019-05-29 10:00:00,68.17,81.09,10,0 days 10:00:00.000000000
2019-05-29 11:00:00,35.36,41.78,11,0 days 11:00:00.000000000
2019-05-29 12:00:00,40.69,49.08,12,0 days 12:00:00.000000000
2019-05-29 13:00:00,42.82,51.11,13,0 days 13:00:00.000000000
2019-05-29 14:00:00,28.13,33.01,14,0 days 14:00:00.000000000
2019-05-29 15:00:00,27.78,32.04,15,0 days 15:00:00.000000000
2019-05-29 16:00:00,28.09,32.61,16,0 days 16:00:00.000000000
2019-05-29 17:00:00,66.78,75.7,17,0 days 17:00:00.000000000
2019-05-29 18:00:00,47.54,57.24,18,0 days 18:00:00.000000000
2019-05-29 19:00:00,69.06,80.0,19,0 days 19:00:00.000000000
2019-05-29 20:00:00,59.02,70.7,20,0 days 20:00:00.000000000
2019-05-29 21:00:00,78.42,93.68,21,0 days 21:00:00.000000000
2019-05-29 22:00:00,64.01,75.25,22,0 days 22:00:00.000000000
2019-05-29 23:00:00,46.47,56.8,23,0 days 23:00:00.000000000
2019-05-30 00:00:00,45.71,53.23,0,0 days 00:00:00.000000000
2019-05-30 01:00:00,27.68,32.03,1,0 days 01:00:00.000000000
2019-05-30 02:00:00,25.09,28.93,2,0 days 02:00:00.000000000
2019-05-30 03:00:00,23.24,26.63,3,0 days 03:00:00.000000000
2019-05-30 04:00:00,34.58,41.47,4,0 days 04:00:00.000000000
2019-05-30 05:00:00,54.7,62.97,5,0 days 05:00:00.000000000
2019-05-30 06:00:00,81.82,93.57,6,0 days 06:00:00.000000000
2019-05-30 07:00:00,100.89,112.9,7,0 days 07:00:00.000000000
2019-05-30 08:00:00,94.02,106.78,8,0 days 08:00:00.000000000
2019-05-30 09:00:00,71.99,80.34,9,0 days 09:00:00.000000000
2019-05-30 10:00:00,61.68,70.34,10,0 days 10:00:00.000000000
