{"error": null, "params": {"dates": [{"endDate": "04-23-2019", "startDate": "01-01-2017", "yearRange": [1980, 2050]}], "layers": [{"layer": "_1_km_monthly_EVI", "product": "MOD13A3.006"}, {"layer": "_1_km_monthly_NDVI", "product": "MOD13A3.006"}, {"layer": "_1_km_monthly_pixel_reliability", "product": "MOD13A3.006"}, {"layer": "_1_km_monthly_VI_Quality", "product": "MOD13A3.006"}], "coordinates": [{"latitude": 0.31569, "longitude": 32.57811}]}, "status": "processing", "created": "2019-04-24T05:26:42.951615", "task_id": "dd5823aa-58c5-4cde-bf66-8e9e94fcf8c0", "updated": "2019-04-24T05:26:45.264209", "user_id": "sserurich@gmail.com", "retry_at": null, "task_name": "KAMPALA_2017_2019", "task_type": "point", "api_version": null, "svc_version": "2.19", "web_version": "2.19", "expires_on": "2019-05-24T05:26:45.264209", "attempts": 1}
