{"error": null, "params": {"dates": [{"endDate": "06-15-2019", "startDate": "01-01-2017", "yearRange": [1980, 2050]}], "layers": [{"layer": "_1_km_monthly_EVI", "product": "MOD13A3.006"}, {"layer": "_1_km_monthly_NDVI", "product": "MOD13A3.006"}], "coordinates": [{"latitude": 0.3141877, "longitude": 32.5901072}]}, "status": "processing", "created": "2019-06-15T17:43:43.346862", "task_id": "5fd012f3-566c-4afb-a982-702505e901b6", "updated": "2019-06-15T17:43:45.353462", "user_id": "sserurich@gmail.com", "retry_at": null, "task_name": "jinja_road_2019", "task_type": "point", "api_version": null, "svc_version": "2.23", "web_version": "2.23", "expires_on": "2019-07-15T17:43:45.353462", "attempts": 1}
