TimeStamp,PM1(Ug/m3),PM2.5(Ug/m3),PM10(Ug/m3),MOD13A3_006_Line_Y_1km,MOD13A3_006_Sample_X_1km,EVI,NDVI,MOD13A3_006__1_km_monthly_VI_Quality,average humidity (%),total rainfall (mm),average pressure (kPa),total radiation (W/m2),average temperature (oC),average windspeed (m/s),min windspeed (m/s),max windspeed (m/s),winddirection_E,winddirection_N,winddirection_NE,winddirection_NW,winddirection_S,winddirection_SE,winddirection_SW,winddirection_W
2017-09-09,38.37,56.42,133.1,1157.0,310.0,0.1942,0.3566,2181.0,86.22,0.0,87.666,0.0,20.92,0.59,0.29,1.19,0,0,0,0,0,1,0,0
2017-09-10,37.62,52.33,121.29,1157.0,310.0,0.1942,0.3566,2181.0,78.17,0.0,87.715,3575.39,21.91,0.6,0.31,1.41,0,0,1,0,0,0,0,0
2017-09-11,40.55,59.36,149.85,1157.0,310.0,0.1942,0.3566,2181.0,75.27,1.77,87.65700000000001,4600.25,23.05,0.69,0.44,1.27,0,0,1,0,0,0,0,0
2017-09-13,21.02,28.63,44.71,1157.0,310.0,0.1942,0.3566,2181.0,90.0,0.0,87.73,0.0,20.46,0.91,0.91,0.91,1,0,0,0,0,0,0,0
2017-09-24,28.79,40.73,130.61,1157.0,310.0,0.1942,0.3566,2181.0,78.17,0.0,87.78,4839.53,22.02,0.88,0.3,1.63,0,0,0,0,0,1,0,0
2017-09-25,20.2,28.63,91.25,1157.0,310.0,0.1942,0.3566,2181.0,80.21,7.88,87.62700000000001,4820.36,21.65,0.7,0.39,1.03,1,0,0,0,0,0,0,0
2017-09-26,15.08,21.27,66.56,1157.0,310.0,0.1942,0.3566,2181.0,90.25,0.0,87.645,0.0,19.6,0.62,0.19,1.23,0,1,0,0,0,0,0,0
2017-10-31,14.31,21.1,76.77,1157.0,310.0,0.2023,0.3377,2116.0,84.5,1.07,87.665,0.0,20.55,0.95,0.71,1.24,0,0,1,0,0,0,0,0
2017-11-01,18.94,28.82,121.75,1157.0,310.0,0.1976,0.3479,2181.0,73.0,1.67,87.624,4707.15,23.25,0.69,0.32,1.38,0,0,0,0,0,1,0,0
2017-11-02,15.03,22.49,78.21,1157.0,310.0,0.1976,0.3479,2181.0,74.96,0.02,87.61,4683.44,22.99,0.66,0.22,1.28,0,0,0,0,0,0,0,1
2017-11-03,16.04,23.66,77.83,1157.0,310.0,0.1976,0.3479,2181.0,81.25,10.1,87.56,4773.7,22.08,0.77,0.18,1.31,0,0,0,0,0,0,0,1
2017-11-04,24.0,32.43,76.82,1157.0,310.0,0.1976,0.3479,2181.0,82.88,0.0,87.708,3302.85,20.49,1.14,0.72,2.1,0,0,0,0,0,1,0,0
2017-11-05,10.66,17.0,98.55,1157.0,310.0,0.1976,0.3479,2181.0,80.63,0.0,87.734,3079.76,21.23,0.55,0.18,0.9,1,0,0,0,0,0,0,0
2017-11-06,14.04,20.49,73.11,1157.0,310.0,0.1976,0.3479,2181.0,87.92,7.3,87.604,2781.42,20.95,0.57,0.2,1.0,1,0,0,0,0,0,0,0
2017-11-07,6.27,9.63,35.28,1157.0,310.0,0.1976,0.3479,2181.0,92.29,66.84,87.723,2762.91,19.38,1.65,0.15,22.84,0,0,0,0,0,1,0,0
2017-11-08,7.895,10.98,29.355,1157.0,310.0,0.1976,0.3479,2181.0,85.42,3.36,87.68700000000001,3191.81,21.62,0.53,0.23,0.83,1,0,0,0,0,0,0,0
2017-11-09,7.895,10.98,29.355,1157.0,310.0,0.1976,0.3479,2181.0,86.33,1.0,87.632,3439.81,21.52,0.53,0.2,0.93,1,0,0,0,0,0,0,0
2017-11-10,9.52,12.33,23.43,1157.0,310.0,0.1976,0.3479,2181.0,85.25,12.08,87.55799999999999,3612.91,21.24,0.7,0.4,1.19,1,0,0,0,0,0,0,0
2017-11-11,5.83,7.42,15.9,1157.0,310.0,0.1976,0.3479,2181.0,78.5,0.0,87.56299999999999,4988.47,22.97,0.63,0.23,1.23,0,0,1,0,0,0,0,0
2017-11-12,23.67,29.96,57.72,1157.0,310.0,0.1976,0.3479,2181.0,89.17,4.26,87.632,2888.44,21.12,0.55,0.2,1.04,1,0,0,0,0,0,0,0
2017-11-13,15.08,20.65,54.29,1157.0,310.0,0.1976,0.3479,2181.0,85.38,6.98,87.574,4226.36,21.72,0.55,0.18,0.88,0,0,0,0,0,1,0,0
2017-11-14,12.06,16.54,45.27,1157.0,310.0,0.1976,0.3479,2181.0,88.71,32.26,87.565,3049.48,20.91,0.42,0.0,1.62,0,1,0,0,0,0,0,0
2017-11-15,17.09,25.62,98.5,1157.0,310.0,0.1976,0.3479,2181.0,75.54,0.05,87.505,5064.27,23.26,0.65,0.0,3.18,0,0,0,0,0,0,1,0
2017-11-16,20.18,29.24,108.89,1157.0,310.0,0.1976,0.3479,2181.0,81.75,9.26,87.478,3873.78,22.2,0.61,0.29,1.12,0,0,0,0,1,0,0,0
2017-11-17,19.29,28.57,108.16,1157.0,310.0,0.1976,0.3479,2181.0,77.04,1.64,87.52,4096.07,22.06,0.6,0.2,1.13,1,0,0,0,0,0,0,0
2017-11-18,15.52,21.49,66.84,1157.0,310.0,0.1976,0.3479,2181.0,74.71,0.0,87.56299999999999,4927.37,22.61,0.57,0.2,1.28,0,0,0,1,0,0,0,0
2017-11-19,16.36,23.39,74.38,1157.0,310.0,0.1976,0.3479,2181.0,72.63,0.04,87.574,5279.71,23.58,0.71,0.23,1.28,0,0,0,0,1,0,0,0
2017-11-20,23.26,33.4,126.46,1157.0,310.0,0.1976,0.3479,2181.0,71.0,0.0,87.65100000000001,4566.07,23.17,0.73,0.35,1.39,0,0,1,0,0,0,0,0
2017-11-21,20.03,30.09,117.86,1157.0,310.0,0.1976,0.3479,2181.0,60.54,0.0,87.555,5359.13,24.24,0.66,0.24,1.06,1,0,0,0,0,0,0,0
2017-11-22,22.0,32.71,131.82,1157.0,310.0,0.1976,0.3479,2181.0,69.75,0.0,87.535,4130.73,23.58,0.56,0.21,1.48,0,0,0,1,0,0,0,0
2017-11-23,21.01,31.53,108.99,1157.0,310.0,0.1976,0.3479,2181.0,72.17,0.0,87.571,3628.69,22.93,0.78,0.37,1.22,1,0,0,0,0,0,0,0
2017-11-24,21.64,32.45,115.32,1157.0,310.0,0.1976,0.3479,2181.0,93.92,26.9,87.73700000000001,1205.04,19.13,0.57,0.27,1.42,1,0,0,0,0,0,0,0
2017-11-25,17.27,26.63,100.03,1157.0,310.0,0.1976,0.3479,2181.0,76.67,0.77,87.773,4122.03,22.63,0.7,0.22,1.16,0,0,1,0,0,0,0,0
2017-11-26,13.26,19.05,53.14,1157.0,310.0,0.1976,0.3479,2181.0,80.38,3.01,87.87200000000001,3721.45,21.57,0.62,0.26,1.03,0,0,0,1,0,0,0,0
2017-11-27,-3.072886288659792e+16,23.45,-185245935903.54,1157.0,310.0,0.1976,0.3479,2181.0,82.92,1.98,87.77799999999999,3635.92,22.12,0.64,0.32,1.22,0,0,0,0,0,0,1,0
2017-11-28,17.05,25.48,96.56,1157.0,310.0,0.1976,0.3479,2181.0,77.46,0.11,87.69,5622.47,23.11,0.77,0.35,1.25,0,0,1,0,0,0,0,0
2017-11-29,10.63,16.35,72.92,1157.0,310.0,0.1976,0.3479,2181.0,80.13,24.5,87.756,3927.77,22.05,0.68,0.31,0.99,1,0,0,0,0,0,0,0
2017-11-30,18.33,33.05,168.84,1157.0,310.0,0.1976,0.3479,2181.0,80.25,2.55,87.759,3589.94,21.77,0.81,0.35,1.41,1,0,0,0,0,0,0,0
2017-12-01,19.13,27.4,83.14,1157.0,310.0,0.1538,0.2998,2181.0,81.21,0.05,87.656,4460.95,22.0,0.61,0.25,1.19,0,0,0,0,0,0,1,0
2017-12-02,9.28,16.17,142.08,1157.0,310.0,0.1538,0.2998,2181.0,76.13,0.82,87.635,4100.75,22.57,0.53,0.26,1.16,0,0,0,1,0,0,0,0
2017-12-03,3.63,7.38,39.84,1157.0,310.0,0.1538,0.2998,2181.0,76.96,0.0,87.691,3999.69,22.66,0.7,0.28,1.21,0,0,0,1,0,0,0,0
2017-12-04,16.91,23.68,67.58,1157.0,310.0,0.1538,0.2998,2181.0,82.46,0.0,87.67299999999999,2855.72,22.3,0.61,0.32,1.15,0,0,0,1,0,0,0,0
2017-12-05,10.51,19.29,76.79,1157.0,310.0,0.1538,0.2998,2181.0,75.33,0.08,87.57799999999999,5203.02,23.23,0.68,0.24,1.44,0,0,0,0,0,0,1,0
2017-12-06,7.725,13.12,46.05500000000001,1157.0,310.0,0.1538,0.2998,2181.0,80.0,0.53,87.54899999999999,2411.81,22.33,0.54,0.29,1.13,0,0,0,1,0,0,0,0
2017-12-07,4.94,6.95,15.32,1157.0,310.0,0.1538,0.2998,2181.0,82.79,5.23,87.49799999999999,2946.75,22.4,0.53,0.19,1.0,0,0,0,1,0,0,0,0
2017-12-08,3.08,4.97,13.8,1157.0,310.0,0.1538,0.2998,2181.0,79.5,0.0,87.46,3535.43,23.24,0.51,0.23,0.95,0,0,0,0,0,0,0,1
2017-12-09,6.59,9.56,29.34,1157.0,310.0,0.1538,0.2998,2181.0,87.63,4.37,87.491,2687.9,21.45,0.6,0.25,1.12,0,0,0,0,0,0,1,0
2017-12-10,8.66,12.07,23.43,1157.0,310.0,0.1538,0.2998,2181.0,78.0,0.15,87.561,4194.82,22.95,0.57,0.32,0.89,0,1,0,0,0,0,0,0
2017-12-11,13.93,18.83,34.89,1157.0,310.0,0.1538,0.2998,2181.0,73.13,0.1,87.669,4254.06,22.64,0.68,0.27,1.23,0,0,0,0,1,0,0,0
2017-12-12,19.9,28.26,58.66,1157.0,310.0,0.1538,0.2998,2181.0,75.71,0.15,87.678,5118.76,22.73,0.78,0.21,1.51,0,0,0,0,1,0,0,0
2017-12-13,12.565,18.330000000000002,47.334999999999994,1157.0,310.0,0.1538,0.2998,2181.0,66.58,0.1,87.645,5425.89,23.54,0.92,0.4,1.86,0,0,0,0,1,0,0,0
2017-12-14,12.565,18.330000000000002,47.334999999999994,1157.0,310.0,0.1538,0.2998,2181.0,71.13,0.0,87.633,3940.04,23.69,0.59,0.27,1.1,0,0,0,0,0,0,1,0
2017-12-15,12.565,18.330000000000002,47.334999999999994,1157.0,310.0,0.1538,0.2998,2181.0,69.38,0.0,87.616,3312.54,24.1,0.84,0.31,1.38,0,0,0,0,1,0,0,0
2017-12-16,12.565,18.330000000000002,47.334999999999994,1157.0,310.0,0.1538,0.2998,2181.0,68.83,0.0,87.613,4209.28,23.85,0.75,0.27,1.75,0,0,0,0,1,0,0,0
2017-12-17,5.23,8.4,36.01,1157.0,310.0,0.1538,0.2998,2181.0,75.96,0.15,87.594,4018.11,23.3,0.69,0.24,1.35,0,0,0,0,1,0,0,0
2017-12-18,25.01,39.69,187.35,1157.0,310.0,0.1538,0.2998,2181.0,75.33,0.0,87.55799999999999,3302.82,23.05,0.66,0.35,1.17,0,0,0,0,1,0,0,0
2017-12-19,7.23,12.84,79.83,1157.0,310.0,0.1538,0.2998,2181.0,70.75,0.0,87.56299999999999,4857.77,24.04,1.01,0.17,2.07,0,0,0,0,1,0,0,0
2017-12-20,6.36,11.44,64.16,1157.0,310.0,0.1538,0.2998,2181.0,74.92,0.04,87.67,4974.24,23.82,0.94,0.29,1.97,0,0,0,0,1,0,0,0
2017-12-21,8.76,15.7,94.45,1157.0,310.0,0.1538,0.2998,2181.0,71.5,0.09,87.678,4655.03,23.23,0.9,0.33,1.83,0,0,0,0,1,0,0,0
2017-12-22,10.85,19.47,122.76,1157.0,310.0,0.1538,0.2998,2181.0,70.04,0.03,87.589,4909.77,23.71,0.9,0.17,1.83,0,0,0,0,1,0,0,0
2017-12-23,10.8,19.79,122.54,1157.0,310.0,0.1538,0.2998,2181.0,62.33,0.0,87.52600000000001,4543.12,24.41,0.97,0.23,1.76,0,0,0,0,1,0,0,0
2017-12-24,6.59,12.46,198.74,1157.0,310.0,0.1538,0.2998,2181.0,56.04,0.0,87.492,4719.5,24.7,1.38,0.41,2.15,0,0,0,0,0,1,0,0
2017-12-25,4.95,10.045,224.595,1157.0,310.0,0.1538,0.2998,2181.0,61.21,0.0,87.598,4441.08,24.27,1.03,0.3,2.06,0,0,0,0,1,0,0,0
2017-12-26,4.95,10.045,224.595,1157.0,310.0,0.1538,0.2998,2181.0,72.67,0.0,87.537,5055.94,23.94,1.01,0.32,2.02,0,0,0,0,1,0,0,0
2017-12-27,3.31,7.63,250.45,1157.0,310.0,0.1538,0.2998,2181.0,69.58,0.0,87.449,4832.5,23.97,1.17,0.23,2.77,0,0,0,0,1,0,0,0
2017-12-28,5.15,7.23,68.39,1157.0,310.0,0.1538,0.2998,2181.0,65.75,0.05,87.49600000000001,4392.59,24.49,1.04,0.22,2.42,0,0,0,0,0,1,0,0
2017-12-29,2.89,7.38,392.84,1157.0,310.0,0.1538,0.2998,2181.0,67.38,0.0,87.61399999999999,4151.41,24.15,1.23,0.26,2.71,0,0,0,0,0,1,0,0
2017-12-30,22.01,39.58,124.88,1157.0,310.0,0.1538,0.2998,2181.0,83.46,5.79,87.65299999999999,1843.19,21.77,0.52,0.24,1.0,0,0,0,1,0,0,0,0
2017-12-31,26.29,55.54,315.06,1157.0,310.0,0.1538,0.2998,2181.0,91.96,10.01,87.685,1119.67,19.9,0.58,0.28,1.14,0,0,1,0,0,0,0,0
2018-01-01,79.795,115.225,285.47,1157.0,310.0,0.1363,0.2782,2181.0,81.17,0.0,87.631,2829.12,21.65,0.77,0.2,2.35,0,0,0,0,0,1,0,0
2018-01-02,133.3,174.91,255.88,1157.0,310.0,0.1363,0.2782,2181.0,81.71,0.06,87.59,3262.32,21.82,0.6,0.29,1.28,0,0,0,0,0,0,1,0
2018-01-03,294.95,491.24,534.25,1157.0,310.0,0.1363,0.2782,2181.0,62.67,0.06,87.596,4191.76,23.04,1.48,0.24,2.72,0,0,0,0,0,1,0,0
2018-01-04,153.755,255.03,501.725,1157.0,310.0,0.1363,0.2782,2181.0,71.96,0.02,87.713,3715.14,22.24,0.99,0.27,2.72,0,0,0,0,0,1,0,0
2018-01-05,153.755,255.03,501.725,1157.0,310.0,0.1363,0.2782,2181.0,60.33,0.08,87.56299999999999,4203.79,23.28,1.1,0.22,2.03,0,0,0,0,0,1,0,0
2018-01-06,12.56,18.82,469.2,1157.0,310.0,0.1363,0.2782,2181.0,49.38,0.0,87.57799999999999,4063.62,22.86,1.35,0.74,2.4,0,0,0,0,0,1,0,0
2018-01-07,17.05,28.19,169.18,1157.0,310.0,0.1363,0.2782,2181.0,48.04,0.0,87.61,4169.88,22.85,1.55,0.67,2.75,0,0,0,0,0,1,0,0
2018-01-08,16.67,20.6,231.8,1157.0,310.0,0.1363,0.2782,2181.0,42.29,0.0,87.65299999999999,4798.52,23.7,1.69,0.74,2.97,0,0,0,0,0,1,0,0
2018-01-09,13.205000000000002,18.095,148.735,1157.0,310.0,0.1363,0.2782,2181.0,52.08,0.0,87.699,4710.61,23.53,1.62,0.32,3.17,0,0,0,0,0,1,0,0
2018-01-10,13.205000000000002,18.095,148.735,1157.0,310.0,0.1363,0.2782,2181.0,52.04,0.07,87.62100000000001,4064.56,24.46,1.18,0.3,2.15,0,0,0,0,0,1,0,0
2018-01-11,9.74,15.59,65.67,1157.0,310.0,0.1363,0.2782,2181.0,59.33,0.0,87.603,3672.02,24.48,1.29,0.32,2.81,0,0,0,0,1,0,0,0
2018-01-12,18.95,25.37,53.04,1157.0,310.0,0.1363,0.2782,2181.0,83.96,20.53,87.637,1804.81,20.85,0.7,0.0,3.1,0,0,0,1,0,0,0,0
2018-01-13,13.165,17.84,40.595,1157.0,310.0,0.1363,0.2782,2181.0,80.67,0.02,87.60600000000001,3120.51,22.38,0.67,0.38,1.16,0,0,0,0,0,0,1,0
2018-01-14,7.38,10.31,28.15,1157.0,310.0,0.1363,0.2782,2181.0,74.42,0.77,87.602,4307.81,22.78,0.61,0.31,1.34,0,0,0,0,0,0,1,0
2018-01-15,6.4,9.5,24.7,1157.0,310.0,0.1363,0.2782,2181.0,72.79,0.0,87.654,4218.56,23.74,1.09,0.23,2.96,0,0,0,0,0,1,0,0
2018-01-16,20.74,26.37,40.66,1157.0,310.0,0.1363,0.2782,2181.0,77.79,0.14,87.605,3986.33,23.33,0.63,0.17,1.33,0,0,0,0,1,0,0,0
2018-01-17,20.97,32.39,122.87,1157.0,310.0,0.1363,0.2782,2181.0,58.38,0.0,87.475,5122.16,24.03,0.75,0.21,1.25,0,0,1,0,0,0,0,0
2018-01-18,15.41,23.8,87.59,1157.0,310.0,0.1363,0.2782,2181.0,76.88,0.13,87.525,3739.29,23.37,0.65,0.28,1.15,0,0,0,0,0,0,1,0
2018-01-19,15.04,24.56,111.91,1157.0,310.0,0.1363,0.2782,2181.0,72.13,0.12,87.514,4324.3,24.27,0.72,0.26,1.29,0,0,0,0,0,1,0,0
2018-01-20,16.33,25.32,89.89,1157.0,310.0,0.1363,0.2782,2181.0,71.67,0.0,87.63799999999999,2433.21,22.74,0.61,0.24,1.11,0,0,0,0,0,0,1,0
2018-01-21,12.96,19.57,76.66,1157.0,310.0,0.1363,0.2782,2181.0,70.63,0.0,87.617,4919.34,23.03,0.88,0.31,1.69,0,0,0,0,0,0,0,1
2018-01-22,14.98,30.1,456.13,1157.0,310.0,0.1363,0.2782,2181.0,66.46,0.06,87.473,4437.5,24.16,0.77,0.32,1.36,0,0,0,0,1,0,0,0
2018-01-23,8.62,13.93,63.34,1157.0,310.0,0.1363,0.2782,2181.0,71.71,0.0,87.448,3471.57,23.03,0.81,0.31,1.67,0,0,0,0,1,0,0,0
2018-01-24,7.91,11.29,34.21,1157.0,310.0,0.1363,0.2782,2181.0,88.63,4.96,87.544,1640.06,19.65,0.54,0.24,1.05,0,0,0,0,0,0,0,1
2018-01-25,14.55,20.8,56.75,1157.0,310.0,0.1363,0.2782,2181.0,84.79,0.02,87.616,1552.61,19.29,0.51,0.19,0.99,0,0,0,0,0,0,0,1
2018-01-26,14.99,20.78,70.64,1157.0,310.0,0.1363,0.2782,2181.0,83.42,0.73,87.59899999999999,2012.86,20.85,0.56,0.24,0.74,0,0,0,0,0,0,1,0
2018-01-27,12.15,18.07,48.99,1157.0,310.0,0.1363,0.2782,2181.0,75.0,0.16,87.541,3883.04,23.01,0.67,0.38,1.17,0,0,0,0,0,1,0,0
2018-01-28,8.09,13.63,50.12,1157.0,310.0,0.1363,0.2782,2181.0,79.96,0.06,87.507,3750.27,22.57,0.66,0.29,1.69,0,0,0,0,0,0,1,0
2018-01-29,25.12,43.33,174.71,1157.0,310.0,0.1363,0.2782,2181.0,78.29,0.25,87.525,3357.97,23.14,0.63,0.35,1.15,0,0,0,0,0,0,1,0
2018-01-30,13.01,22.83,103.23,1157.0,310.0,0.1363,0.2782,2181.0,66.38,0.12,87.53399999999999,4469.12,24.16,0.68,0.27,1.19,1,0,0,0,0,0,0,0
2018-01-31,9.71,15.87,59.74,1157.0,310.0,0.1363,0.2782,2181.0,63.58,0.08,87.52799999999999,4984.53,24.22,1.08,0.39,2.52,0,0,0,0,0,0,1,0
2018-02-01,7.02,11.23,37.54,1157.0,310.0,0.1136,0.2143,2112.0,66.71,0.1,87.448,4380.57,24.02,0.72,0.29,1.55,0,0,0,0,0,0,0,1
2018-02-02,10.19,16.72,69.23,1157.0,310.0,0.1136,0.2143,2112.0,73.21,0.04,87.45,3705.59,23.97,0.75,0.37,1.38,0,0,0,0,0,0,1,0
2018-02-03,16.34,27.57,125.76,1157.0,310.0,0.1136,0.2143,2112.0,66.54,0.04,87.48100000000001,5132.9,24.87,0.81,0.42,1.49,0,0,0,0,0,0,1,0
2018-02-04,14.29,22.29,82.4,1157.0,310.0,0.1136,0.2143,2112.0,65.17,0.05,87.43700000000001,4977.85,24.85,1.14,0.39,2.8,0,0,0,0,1,0,0,0
2018-02-05,11.79,21.29,111.43,1157.0,310.0,0.1136,0.2143,2112.0,57.42,0.0,87.37299999999999,4577.99,25.79,0.84,0.44,1.77,0,0,0,0,0,0,0,1
2018-02-06,10.14,16.97,71.33,1157.0,310.0,0.1136,0.2143,2112.0,59.46,0.0,87.405,3343.79,25.05,0.99,0.32,2.21,0,0,0,0,1,0,0,0
2018-02-07,8.3,14.7,74.59,1157.0,310.0,0.1136,0.2143,2112.0,76.04,0.07,87.398,3683.76,24.06,0.89,0.31,1.8,0,1,0,0,0,0,0,0
2018-02-08,8.25,15.11,70.79,1157.0,310.0,0.1136,0.2143,2112.0,74.46,0.1,87.40100000000001,4288.39,24.65,0.75,0.27,1.38,0,0,0,0,0,0,1,0
2018-02-09,18.76,28.69,100.25,1157.0,310.0,0.1136,0.2143,2112.0,75.67,0.07,87.40799999999999,1576.59,22.29,0.55,0.33,0.91,0,0,0,0,0,0,1,0
2018-02-10,16.75,27.64,108.55,1157.0,310.0,0.1136,0.2143,2112.0,75.38,0.12,87.35,3824.68,24.21,0.66,0.31,1.23,0,0,0,0,0,0,1,0
2018-02-11,13.04,22.97,108.08,1157.0,310.0,0.1136,0.2143,2112.0,68.0,0.02,87.49799999999999,4553.84,24.51,0.8,0.34,1.82,0,0,0,0,1,0,0,0
2018-02-12,10.71,19.26,98.7,1157.0,310.0,0.1136,0.2143,2112.0,76.67,0.68,87.63799999999999,3509.53,23.5,0.69,0.36,1.51,0,0,0,0,0,0,1,0
2018-02-13,9.0,16.64,79.5,1157.0,310.0,0.1136,0.2143,2112.0,69.25,0.0,87.624,4829.82,24.7,0.81,0.32,1.54,0,0,0,0,1,0,0,0
2018-02-14,10.495000000000001,18.85,100.46000000000001,1157.0,310.0,0.1136,0.2143,2112.0,69.63,0.02,87.572,3715.19,24.88,0.75,0.3,1.43,0,0,0,0,0,0,0,1
2018-02-15,11.99,21.06,121.42,1157.0,310.0,0.1136,0.2143,2112.0,67.25,0.0,87.523,5386.66,25.3,0.9,0.34,1.9,0,0,0,0,1,0,0,0
2018-02-16,12.66,22.43,116.18,1157.0,310.0,0.1136,0.2143,2112.0,62.75,0.0,87.52,5139.5,25.52,0.91,0.34,1.96,0,0,0,0,1,0,0,0
2018-02-17,7.22,13.57,62.37,1157.0,310.0,0.1136,0.2143,2112.0,55.88,0.0,87.43700000000001,4915.15,26.28,1.17,0.26,2.47,0,0,0,0,1,0,0,0
2018-02-18,8.56,15.61,79.3,1157.0,310.0,0.1136,0.2143,2112.0,62.13,1.77,87.406,3545.44,25.27,1.19,0.45,2.57,0,0,0,0,1,0,0,0
2018-02-19,3.14,5.96,32.46,1157.0,310.0,0.1136,0.2143,2112.0,78.96,27.45,87.512,3050.26,22.12,1.77,0.0,16.74,0,0,0,0,0,0,1,0
2018-02-20,5.38,8.57,35.9,1157.0,310.0,0.1136,0.2143,2112.0,78.63,0.07,87.454,3438.21,22.7,0.89,0.38,1.55,1,0,0,0,0,0,0,0
2018-02-21,8.0,13.03,48.99,1157.0,310.0,0.1136,0.2143,2112.0,81.21,1.23,87.459,2705.65,21.37,0.56,0.29,0.99,0,0,0,1,0,0,0,0
2018-02-22,10.23,15.92,55.02,1157.0,310.0,0.1136,0.2143,2112.0,74.5,0.0,87.31299999999999,3785.42,23.6,0.67,0.25,1.35,0,0,0,0,0,0,1,0
2018-02-23,4.29,8.11,37.39,1157.0,310.0,0.1136,0.2143,2112.0,73.83,1.2,87.339,4499.87,24.04,0.81,0.4,1.49,0,0,0,0,0,0,0,1
2018-02-24,7.39,10.51,30.49,1157.0,310.0,0.1136,0.2143,2112.0,79.29,0.0,87.51700000000001,3559.51,22.66,0.73,0.32,1.41,0,0,0,0,0,0,1,0
2018-02-25,11.94,17.46,56.73,1157.0,310.0,0.1136,0.2143,2112.0,73.63,0.0,87.556,3983.18,23.7,0.69,0.35,1.2,0,0,0,0,0,0,1,0
2018-02-26,17.27,23.2,53.92,1157.0,310.0,0.1136,0.2143,2112.0,77.04,9.9,87.529,3783.19,22.42,0.63,0.0,1.69,0,0,1,0,0,0,0,0
2018-02-27,8.24,11.45,29.55,1157.0,310.0,0.1136,0.2143,2112.0,79.13,10.67,87.57799999999999,3805.53,22.08,0.71,0.28,1.22,0,0,0,1,0,0,0,0
2018-02-28,9.96,14.71,45.0,1157.0,310.0,0.1136,0.2143,2112.0,78.25,0.0,87.604,3128.3,22.62,0.77,0.32,1.46,1,0,0,0,0,0,0,0
2018-03-01,10.91,15.14,38.0,1157.0,310.0,0.1232,0.2331,2181.0,85.25,69.87,87.62799999999999,3223.45,20.63,0.44,0.0,1.63,0,1,0,0,0,0,0,0
2018-03-02,7.34,9.75,19.75,1157.0,310.0,0.1232,0.2331,2181.0,90.79,0.11,87.68,1751.82,19.3,1.09,0.0,11.99,1,0,0,0,0,0,0,0
2018-03-03,8.48,15.79,55.58,1157.0,310.0,0.1232,0.2331,2181.0,83.96,14.76,87.557,2776.52,20.83,0.79,0.4,1.91,0,1,0,0,0,0,0,0
2018-03-04,6.14,8.17,14.42,1157.0,310.0,0.1232,0.2331,2181.0,97.58,35.03,87.665,890.02,18.53,12.4,0.0,33.3,0,1,0,0,0,0,0,0
2018-03-05,8.08,13.1,37.98,1157.0,310.0,0.1232,0.2331,2181.0,84.29,0.04,87.63,2959.9,21.89,0.68,0.0,1.43,0,0,0,0,0,0,0,1
2018-03-06,7.33,11.51,34.86,1157.0,310.0,0.1232,0.2331,2181.0,91.04,3.36,87.779,1667.21,20.04,0.68,0.28,1.67,0,0,0,0,1,0,0,0
2018-03-07,8.9,12.62,31.3,1157.0,310.0,0.1232,0.2331,2181.0,77.08,0.15,87.758,5019.44,22.61,0.83,0.37,1.37,0,0,0,0,0,0,0,1
2018-03-08,8.43,13.49,44.6,1157.0,310.0,0.1232,0.2331,2181.0,76.04,1.33,87.632,5550.29,23.34,0.87,0.56,1.39,0,0,0,0,0,0,1,0
2018-03-09,5.44,9.85,46.84,1157.0,310.0,0.1232,0.2331,2181.0,76.38,0.0,87.52799999999999,3700.4,24.09,0.79,0.43,1.34,0,0,0,0,0,0,1,0
2018-03-10,6.55,9.9,29.13,1157.0,310.0,0.1232,0.2331,2181.0,78.29,0.86,87.57799999999999,3456.09,22.73,0.85,0.35,1.41,0,0,0,0,0,0,1,0
2018-03-11,3.61,5.57,18.0,1157.0,310.0,0.1232,0.2331,2181.0,76.83,0.0,87.66799999999999,4094.07,22.47,0.77,0.37,1.17,0,1,0,0,0,0,0,0
2018-03-12,6.2,10.33,32.35,1157.0,310.0,0.1232,0.2331,2181.0,82.75,2.36,87.77799999999999,1877.02,21.48,0.61,0.28,0.99,0,0,0,1,0,0,0,0
2018-03-13,6.83,11.92,41.67,1157.0,310.0,0.1232,0.2331,2181.0,84.42,0.0,87.76700000000001,2080.23,21.74,0.58,0.27,0.99,0,0,0,0,0,0,1,0
2018-03-14,12.16,18.44,54.8,1157.0,310.0,0.1232,0.2331,2181.0,86.42,5.47,87.57799999999999,2669.74,22.19,0.74,0.38,1.76,0,0,0,0,0,0,0,1
2018-03-15,3.98,5.54,13.05,1157.0,310.0,0.1232,0.2331,2181.0,96.21,24.82,87.726,804.91,19.15,0.69,0.2,1.38,0,0,1,0,0,0,0,0
2018-03-16,3.99,5.4,9.78,1157.0,310.0,0.1232,0.2331,2181.0,83.17,0.0,87.64200000000001,3314.87,22.3,0.73,0.4,1.15,0,0,0,0,0,0,0,1
2018-03-17,4.2,5.58,14.58,1157.0,310.0,0.1232,0.2331,2181.0,77.96,0.0,87.494,4493.03,23.77,0.77,0.31,1.41,0,0,0,0,0,0,0,1
2018-03-18,3.45,4.88,10.39,1157.0,310.0,0.1232,0.2331,2181.0,83.17,5.95,87.469,2278.77,21.17,0.7,0.24,1.35,0,0,0,1,0,0,0,0
2018-03-19,10.22,29.56,33.04,1157.0,310.0,0.1232,0.2331,2181.0,85.0,2.88,87.68,3428.57,20.95,0.93,0.23,1.86,0,0,1,0,0,0,0,0
2018-03-20,26.85,84.96,91.72,1157.0,310.0,0.1232,0.2331,2181.0,86.33,0.3,87.656,3262.86,21.25,0.77,0.0,2.7,0,1,0,0,0,0,0,0
2018-03-21,56.77,187.2,201.93,1157.0,310.0,0.1232,0.2331,2181.0,87.63,9.83,87.781,3215.46,21.21,0.51,0.0,1.06,0,0,0,0,0,0,0,1
2018-03-22,5.1,7.11,11.58,1157.0,310.0,0.1232,0.2331,2181.0,79.58,0.36,87.698,5318.26,23.06,0.81,0.42,1.3,0,0,0,0,0,0,0,1
2018-03-23,3.94,5.85,9.17,1157.0,310.0,0.1232,0.2331,2181.0,78.54,0.1,87.501,4925.53,24.05,0.82,0.48,1.25,0,0,0,0,0,0,0,1
2018-03-24,3.75,6.665,10.004999999999999,1157.0,310.0,0.1232,0.2331,2181.0,78.38,0.04,87.515,4017.79,23.77,0.85,0.51,1.22,0,0,0,0,0,0,1,0
2018-03-25,3.75,6.665,10.004999999999999,1157.0,310.0,0.1232,0.2331,2181.0,77.92,0.12,87.65,4748.45,22.93,0.8,0.33,1.34,0,0,0,0,0,0,1,0
2018-03-26,3.75,6.665,10.004999999999999,1157.0,310.0,0.1232,0.2331,2181.0,77.54,0.08,87.65299999999999,4461.32,23.66,0.83,0.4,1.22,0,0,0,0,0,0,0,1
2018-03-27,3.75,6.665,10.004999999999999,1157.0,310.0,0.1232,0.2331,2181.0,82.88,0.08,87.531,2849.16,22.81,0.72,0.39,1.33,0,0,0,1,0,0,0,0
2018-03-28,3.56,7.48,10.84,1157.0,310.0,0.1232,0.2331,2181.0,79.25,0.62,87.545,3300.59,22.27,5.68,0.43,34.99,0,0,0,1,0,0,0,0
2018-03-29,4.27,8.84,11.14,1157.0,310.0,0.1232,0.2331,2181.0,81.88,0.21,87.70700000000001,2449.3,21.77,0.74,0.38,1.26,0,0,0,1,0,0,0,0
2018-03-30,15.709999999999999,21.92,33.415,1157.0,310.0,0.1232,0.2331,2181.0,85.21,0.21,87.695,2502.43,22.1,0.71,0.41,1.25,0,0,0,1,0,0,0,0
2018-03-31,15.709999999999999,21.92,33.415,1157.0,310.0,0.1232,0.2331,2181.0,78.96,0.1,87.521,3409.52,22.94,0.77,0.39,1.28,0,0,0,0,0,0,0,1
2018-04-01,15.709999999999999,21.92,33.415,1157.0,310.0,0.2494,0.4126,2445.0,88.33,18.7,87.443,2250.86,21.56,1.8,0.0,27.0,0,0,0,1,0,0,0,0
2018-04-02,15.709999999999999,21.92,33.415,1157.0,310.0,0.2494,0.4126,2445.0,90.21,11.17,87.36399999999999,2572.58,21.55,0.67,0.37,1.08,0,0,0,1,0,0,0,0
2018-04-03,15.709999999999999,21.92,33.415,1157.0,310.0,0.2494,0.4126,2445.0,92.42,20.49,87.439,2929.92,20.7,2.67,0.41,22.56,0,0,0,0,0,0,1,0
2018-04-04,15.709999999999999,21.92,33.415,1157.0,310.0,0.2494,0.4126,2445.0,88.54,3.0,87.62,2566.76,20.48,0.69,0.33,1.39,0,0,0,1,0,0,0,0
2018-04-05,15.709999999999999,21.92,33.415,1157.0,310.0,0.2494,0.4126,2445.0,83.92,0.0,87.49600000000001,3512.24,21.37,0.76,0.44,1.17,0,0,0,0,0,0,1,0
2018-04-06,15.709999999999999,21.92,33.415,1157.0,310.0,0.2494,0.4126,2445.0,85.42,0.17,87.45700000000001,2065.05,21.09,0.68,0.41,0.96,0,0,0,1,0,0,0,0
2018-04-07,15.709999999999999,21.92,33.415,1157.0,310.0,0.2494,0.4126,2445.0,83.75,0.0,87.58,2646.75,21.21,0.73,0.42,1.07,0,0,0,1,0,0,0,0
2018-04-08,15.709999999999999,21.92,33.415,1157.0,310.0,0.2494,0.4126,2445.0,82.75,7.3,87.715,3586.29,21.07,0.74,0.31,1.07,0,0,0,0,0,1,0,0
2018-04-09,15.709999999999999,21.92,33.415,1157.0,310.0,0.2494,0.4126,2445.0,85.42,0.17,87.64200000000001,2700.17,21.18,0.71,0.36,1.15,0,0,0,1,0,0,0,0
2018-04-10,15.709999999999999,21.92,33.415,1157.0,310.0,0.2494,0.4126,2445.0,79.17,0.02,87.566,3059.13,22.48,0.67,0.29,1.07,0,0,0,0,0,0,0,1
2018-04-11,15.709999999999999,21.92,33.415,1157.0,310.0,0.2494,0.4126,2445.0,90.46,9.95,87.58200000000001,1727.71,20.49,0.59,0.24,1.03,0,0,0,1,0,0,0,0
2018-04-12,15.709999999999999,21.92,33.415,1157.0,310.0,0.2494,0.4126,2445.0,80.71,0.16,87.639,3930.66,22.13,0.81,0.42,1.23,0,0,0,1,0,0,0,0
2018-04-13,15.709999999999999,21.92,33.415,1157.0,310.0,0.2494,0.4126,2445.0,84.42,37.24,87.71,2893.87,21.95,0.82,0.44,1.28,0,0,0,1,0,0,0,0
2018-04-14,15.709999999999999,21.92,33.415,1157.0,310.0,0.2494,0.4126,2445.0,94.58,8.13,87.905,1620.33,18.51,1.04,0.0,13.12,0,0,1,0,0,0,0,0
2018-04-15,15.709999999999999,21.92,33.415,1157.0,310.0,0.2494,0.4126,2445.0,89.92,5.51,87.79299999999999,3141.82,20.77,0.85,0.35,1.94,0,0,0,1,0,0,0,0
2018-04-16,15.709999999999999,21.92,33.415,1157.0,310.0,0.2494,0.4126,2445.0,94.63,14.17,87.904,1446.86,19.32,0.98,0.31,5.65,0,0,0,0,0,0,1,0
2018-04-17,15.709999999999999,21.92,33.415,1157.0,310.0,0.2494,0.4126,2445.0,86.04,0.8,87.962,2907.17,21.16,0.8,0.48,1.21,0,0,0,0,0,0,1,0
2018-04-18,15.709999999999999,21.92,33.415,1157.0,310.0,0.2494,0.4126,2445.0,88.46,4.96,87.883,2493.19,21.67,0.69,0.4,1.16,0,0,0,0,0,0,1,0
2018-04-19,15.709999999999999,21.92,33.415,1157.0,310.0,0.2494,0.4126,2445.0,86.46,1.15,87.79299999999999,2590.13,21.85,0.66,0.34,1.15,0,0,0,0,0,0,1,0
2018-04-20,15.709999999999999,21.92,33.415,1157.0,310.0,0.2494,0.4126,2445.0,84.88,0.13,87.70700000000001,2818.05,22.74,0.73,0.32,1.24,0,0,0,1,0,0,0,0
2018-04-21,15.709999999999999,21.92,33.415,1157.0,310.0,0.2494,0.4126,2445.0,88.67,5.27,87.71,3781.26,21.23,1.03,0.0,11.48,0,0,0,0,0,0,0,1
2018-04-22,15.709999999999999,21.92,33.415,1157.0,310.0,0.2494,0.4126,2445.0,90.04,2.48,87.76899999999999,2275.87,20.46,1.04,0.33,1.61,0,0,0,0,0,0,1,0
2018-04-23,15.709999999999999,21.92,33.415,1157.0,310.0,0.2494,0.4126,2445.0,86.96,1.23,87.704,2917.4,22.12,0.86,0.44,1.6,0,0,0,0,0,0,1,0
2018-04-24,15.709999999999999,21.92,33.415,1157.0,310.0,0.2494,0.4126,2445.0,92.33,2.0,87.73200000000001,1630.92,20.93,0.79,0.31,2.33,0,0,0,0,0,0,1,0
2018-04-25,15.709999999999999,21.92,33.415,1157.0,310.0,0.2494,0.4126,2445.0,83.33,1.52,87.74,4291.82,22.19,0.75,0.34,1.16,0,0,0,0,0,0,0,1
2018-04-26,15.709999999999999,21.92,33.415,1157.0,310.0,0.2494,0.4126,2445.0,85.96,1.6,87.71700000000001,2849.58,21.18,0.72,0.42,1.24,0,0,0,0,0,0,0,1
2018-04-27,15.709999999999999,21.92,33.415,1157.0,310.0,0.2494,0.4126,2445.0,86.42,1.63,87.78299999999999,4099.34,21.14,0.76,0.0,1.98,0,0,0,0,0,0,0,1
2018-04-28,15.709999999999999,21.92,33.415,1157.0,310.0,0.2494,0.4126,2445.0,85.17,0.91,87.771,3740.79,22.31,0.76,0.32,1.25,0,0,0,0,0,0,1,0
2018-04-29,15.709999999999999,21.92,33.415,1157.0,310.0,0.2494,0.4126,2445.0,84.67,0.68,87.801,2893.9,21.67,0.83,0.43,1.44,0,0,0,1,0,0,0,0
2018-04-30,15.709999999999999,21.92,33.415,1157.0,310.0,0.2494,0.4126,2445.0,78.96,0.38,87.762,5125.62,22.86,0.9,0.47,1.37,0,0,0,0,0,0,1,0
2018-05-01,15.709999999999999,21.92,33.415,1157.0,310.0,0.1769,0.3624,2185.0,88.25,0.42,87.87700000000001,2578.19,21.05,0.89,0.0,6.7,0,1,0,0,0,0,0,0
2018-05-02,15.709999999999999,21.92,33.415,1157.0,310.0,0.1769,0.3624,2185.0,83.5,0.38,87.822,2906.37,21.85,0.75,0.33,1.53,0,0,0,1,0,0,0,0
2018-05-03,15.709999999999999,21.92,33.415,1157.0,310.0,0.1769,0.3624,2185.0,82.5,0.24,87.64,3846.21,23.13,0.73,0.36,1.16,0,0,0,0,0,0,1,0
2018-05-04,15.709999999999999,21.92,33.415,1157.0,310.0,0.1769,0.3624,2185.0,81.38,0.14,87.617,3835.08,23.5,0.76,0.45,1.27,0,0,0,0,0,0,1,0
2018-05-05,15.709999999999999,21.92,33.415,1157.0,310.0,0.1769,0.3624,2185.0,91.17,0.16,87.66799999999999,1450.53,21.59,0.69,0.4,1.31,0,0,0,0,0,0,0,1
2018-05-06,15.709999999999999,21.92,33.415,1157.0,310.0,0.1769,0.3624,2185.0,86.75,0.18,87.771,3040.48,22.07,0.72,0.31,1.48,0,0,0,0,0,0,0,1
2018-05-07,15.709999999999999,21.92,33.415,1157.0,310.0,0.1769,0.3624,2185.0,84.13,0.16,87.807,3396.68,22.46,0.75,0.4,1.33,0,0,0,0,0,0,0,1
2018-05-08,15.709999999999999,21.92,33.415,1157.0,310.0,0.1769,0.3624,2185.0,84.25,0.1,87.66799999999999,3159.08,22.48,0.73,0.37,1.41,0,0,0,0,0,0,1,0
2018-05-09,15.709999999999999,21.92,33.415,1157.0,310.0,0.1769,0.3624,2185.0,82.67,0.08,87.625,2605.26,22.89,0.74,0.32,1.54,0,0,0,1,0,0,0,0
2018-05-10,15.709999999999999,21.92,33.415,1157.0,310.0,0.1769,0.3624,2185.0,81.46,0.04,87.714,3593.77,23.32,0.76,0.4,1.24,0,0,0,0,0,0,0,1
2018-05-11,15.709999999999999,21.92,33.415,1157.0,310.0,0.1769,0.3624,2185.0,92.71,0.04,87.713,992.72,20.13,0.83,0.32,2.05,0,0,0,1,0,0,0,0
2018-05-12,15.709999999999999,21.92,33.415,1157.0,310.0,0.1769,0.3624,2185.0,86.71,0.02,87.676,3483.47,21.94,0.69,0.39,1.2,0,0,0,0,0,0,0,1
2018-05-13,15.709999999999999,21.92,33.415,1157.0,310.0,0.1769,0.3624,2185.0,84.58,0.02,87.613,3640.18,23.02,0.7,0.36,1.23,0,0,0,0,0,0,1,0
2018-05-14,15.709999999999999,21.92,33.415,1157.0,310.0,0.1769,0.3624,2185.0,75.96,0.02,87.585,4329.51,23.4,0.78,0.34,1.3,0,0,0,0,0,0,1,0
2018-05-15,15.709999999999999,21.92,33.415,1157.0,310.0,0.1769,0.3624,2185.0,80.79,0.0,87.697,2965.28,22.19,0.85,0.44,1.28,0,0,0,1,0,0,0,0
2018-05-16,15.709999999999999,21.92,33.415,1157.0,310.0,0.1769,0.3624,2185.0,80.21,0.0,87.777,2692.15,21.96,0.67,0.3,1.19,0,0,0,0,0,0,0,1
2018-05-17,15.709999999999999,21.92,33.415,1157.0,310.0,0.1769,0.3624,2185.0,78.42,0.0,87.70299999999999,4196.15,23.29,0.87,0.39,1.55,0,0,0,0,0,0,1,0
2018-05-18,15.709999999999999,21.92,33.415,1157.0,310.0,0.1769,0.3624,2185.0,85.5,0.14,87.619,2191.56,22.12,0.65,0.4,1.0,0,0,0,1,0,0,0,0
2018-05-19,15.709999999999999,21.92,33.415,1157.0,310.0,0.1769,0.3624,2185.0,87.38,0.07,87.697,2531.57,21.05,0.71,0.3,1.11,0,0,0,0,0,0,1,0
2018-05-20,15.709999999999999,21.92,33.415,1157.0,310.0,0.1769,0.3624,2185.0,85.96,0.02,87.609,2204.02,21.75,0.73,0.38,1.09,0,0,0,1,0,0,0,0
2018-05-21,15.709999999999999,21.92,33.415,1157.0,310.0,0.1769,0.3624,2185.0,84.33,0.0,87.72,2774.89,21.4,0.84,0.23,1.28,0,0,1,0,0,0,0,0
2018-05-22,15.709999999999999,21.92,33.415,1157.0,310.0,0.1769,0.3624,2185.0,87.58,0.0,87.884,1652.99,20.22,0.67,0.29,1.14,0,0,0,1,0,0,0,0
2018-05-23,15.709999999999999,21.92,33.415,1157.0,310.0,0.1769,0.3624,2185.0,80.67,0.0,87.87299999999999,3332.31,21.5,0.69,0.3,1.26,0,0,0,1,0,0,0,0
2018-05-24,15.709999999999999,21.92,33.415,1157.0,310.0,0.1769,0.3624,2185.0,79.17,0.0,87.779,4052.89,22.02,1.01,0.26,2.1,0,0,0,0,1,0,0,0
2018-05-25,15.709999999999999,21.92,33.415,1157.0,310.0,0.1769,0.3624,2185.0,89.75,0.1,87.712,1577.31,20.85,0.54,0.27,0.9,0,0,0,1,0,0,0,0
2018-05-26,15.709999999999999,21.92,33.415,1157.0,310.0,0.1769,0.3624,2185.0,86.25,0.0,87.749,2195.85,22.07,0.57,0.29,0.82,0,0,0,0,0,0,0,1
2018-05-27,15.709999999999999,21.92,33.415,1157.0,310.0,0.1769,0.3624,2185.0,86.13,0.0,87.84299999999999,2788.66,21.62,0.59,0.3,1.07,0,0,0,0,0,0,0,1
2018-05-28,15.709999999999999,21.92,33.415,1157.0,310.0,0.1769,0.3624,2185.0,79.63,0.0,87.846,4687.42,22.14,0.81,0.33,1.47,0,0,0,0,0,0,1,0
2018-05-29,15.709999999999999,21.92,33.415,1157.0,310.0,0.1769,0.3624,2185.0,73.0,0.07,87.81,4461.5,22.17,0.82,0.28,1.54,0,0,0,0,0,0,1,0
2018-05-30,15.709999999999999,21.92,33.415,1157.0,310.0,0.1769,0.3624,2185.0,70.04,0.0,87.837,3940.2,23.01,0.99,0.42,1.87,0,0,0,0,1,0,0,0
2018-05-31,15.709999999999999,21.92,33.415,1157.0,310.0,0.1769,0.3624,2185.0,84.96,0.09,87.86,1844.99,21.7,0.61,0.2,1.18,0,0,0,0,0,0,0,1
2018-06-01,15.709999999999999,21.92,33.415,1157.0,310.0,0.1641,0.3435,2181.0,79.67,0.02,87.85,3956.08,22.97,0.91,0.3,1.77,0,0,0,0,1,0,0,0
2018-06-02,15.709999999999999,21.92,33.415,1157.0,310.0,0.1641,0.3435,2181.0,84.83,0.0,87.852,2599.87,22.19,0.63,0.34,1.02,0,0,0,1,0,0,0,0
2018-06-03,15.709999999999999,21.92,33.415,1157.0,310.0,0.1641,0.3435,2181.0,83.58,0.0,87.76899999999999,2868.83,22.65,0.64,0.32,1.14,0,0,0,0,0,0,0,1
2018-06-04,15.709999999999999,21.92,33.415,1157.0,310.0,0.1641,0.3435,2181.0,92.46,0.0,87.76299999999999,873.28,20.28,0.62,0.3,1.44,0,0,0,0,0,0,1,0
2018-06-05,15.709999999999999,21.92,33.415,1157.0,310.0,0.1641,0.3435,2181.0,93.71,0.0,87.883,1233.57,18.74,0.59,0.21,1.41,0,0,1,0,0,0,0,0
2018-06-06,15.709999999999999,21.92,33.415,1157.0,310.0,0.1641,0.3435,2181.0,86.0,0.02,87.927,2072.75,20.42,0.52,0.24,0.68,0,0,0,1,0,0,0,0
2018-06-07,15.709999999999999,21.92,33.415,1157.0,310.0,0.1641,0.3435,2181.0,84.08,0.0,87.939,2089.16,21.69,0.56,0.24,1.21,0,0,0,0,1,0,0,0
2018-06-08,15.709999999999999,21.92,33.415,1157.0,310.0,0.1641,0.3435,2181.0,79.71,0.02,87.96799999999999,3045.74,21.91,0.89,0.32,2.05,0,0,0,0,1,0,0,0
2018-06-09,15.709999999999999,21.92,33.415,1157.0,310.0,0.1641,0.3435,2181.0,76.88,0.0,87.92299999999999,3109.6,22.13,0.94,0.37,2.0,0,0,0,0,1,0,0,0
2018-06-10,15.709999999999999,21.92,33.415,1157.0,310.0,0.1641,0.3435,2181.0,73.13,0.0,87.925,3948.96,22.81,0.8,0.26,1.55,0,0,0,0,0,0,1,0
2018-06-11,15.709999999999999,21.92,33.415,1157.0,310.0,0.1641,0.3435,2181.0,75.71,0.0,87.969,3909.36,23.09,0.77,0.26,1.6,0,0,0,0,0,0,1,0
2018-06-12,15.709999999999999,21.92,33.415,1157.0,310.0,0.1641,0.3435,2181.0,70.96,0.02,88.00200000000001,3167.84,22.18,0.65,0.27,1.28,0,0,0,0,1,0,0,0
2018-06-13,15.709999999999999,21.92,33.415,1157.0,310.0,0.1641,0.3435,2181.0,81.96,0.0,87.963,3277.2,21.04,0.62,0.27,1.2,0,0,0,1,0,0,0,0
2018-06-14,15.709999999999999,21.92,33.415,1157.0,310.0,0.1641,0.3435,2181.0,84.0,0.0,87.93,3422.2,21.51,0.76,0.28,1.89,0,0,0,1,0,0,0,0
2018-06-15,15.709999999999999,21.92,33.415,1157.0,310.0,0.1641,0.3435,2181.0,78.5,0.0,87.882,3218.6,22.64,0.65,0.36,1.19,0,0,0,1,0,0,0,0
2018-06-16,15.709999999999999,21.92,33.415,1157.0,310.0,0.1641,0.3435,2181.0,77.13,0.0,87.874,3931.31,23.01,0.71,0.33,1.39,0,0,0,0,0,0,1,0
2018-06-17,15.709999999999999,21.92,33.415,1157.0,310.0,0.1641,0.3435,2181.0,73.29,0.0,87.781,3214.84,22.77,0.78,0.4,1.51,0,0,0,0,1,0,0,0
2018-06-18,15.709999999999999,21.92,33.415,1157.0,310.0,0.1641,0.3435,2181.0,77.0,0.02,87.71,2915.39,22.69,0.69,0.43,1.18,0,0,0,0,0,0,1,0
2018-06-19,15.709999999999999,21.92,33.415,1157.0,310.0,0.1641,0.3435,2181.0,83.67,0.02,87.865,3374.57,21.21,0.66,0.29,1.32,0,0,0,0,0,0,0,1
2018-06-20,15.709999999999999,21.92,33.415,1157.0,310.0,0.1641,0.3435,2181.0,86.21,0.02,87.99799999999999,1956.14,20.38,0.57,0.27,1.04,0,0,0,0,0,0,1,0
2018-06-21,15.709999999999999,21.92,33.415,1157.0,310.0,0.1641,0.3435,2181.0,85.38,0.0,88.014,2725.06,20.96,0.54,0.28,0.97,0,0,0,1,0,0,0,0
2018-06-22,15.709999999999999,21.92,33.415,1157.0,310.0,0.1641,0.3435,2181.0,85.17,0.0,87.973,2289.35,20.11,0.6,0.28,1.01,0,0,0,0,0,0,0,1
2018-06-23,15.709999999999999,21.92,33.415,1157.0,310.0,0.1641,0.3435,2181.0,81.46,0.0,87.87899999999999,2450.9,21.28,0.64,0.36,1.02,0,0,0,0,0,0,0,1
2018-06-24,27.15,35.0,55.69,1157.0,310.0,0.1641,0.3435,2181.0,79.33,0.0,87.79700000000001,3092.42,21.67,0.63,0.36,0.94,0,1,0,0,0,0,0,0
2018-06-25,11.96,19.91,45.92,1157.0,310.0,0.1641,0.3435,2181.0,81.83,0.0,87.74700000000001,3820.87,21.75,0.66,0.37,1.09,0,0,0,0,0,0,1,0
2018-06-26,15.32,23.4,47.69,1157.0,310.0,0.1641,0.3435,2181.0,89.13,0.06,87.781,1674.84,19.69,0.52,0.28,0.96,0,0,0,0,0,0,1,0
2018-06-27,21.89,32.62,53.82,1157.0,310.0,0.1641,0.3435,2181.0,80.63,0.0,87.785,2922.46,21.24,0.72,0.32,1.46,0,0,0,0,0,0,0,1
2018-06-28,19.64,30.38,63.73,1157.0,310.0,0.1641,0.3435,2181.0,79.21,0.0,87.727,2939.07,21.76,0.7,0.3,1.6,0,0,0,0,1,0,0,0
2018-06-29,26.55,39.71,76.74,1157.0,310.0,0.1641,0.3435,2181.0,81.04,0.0,87.63799999999999,2275.58,21.79,0.58,0.27,0.9,0,0,0,1,0,0,0,0
2018-06-30,22.04,32.28,54.93,1157.0,310.0,0.1641,0.3435,2181.0,83.88,0.04,87.62100000000001,3046.81,21.28,0.66,0.33,1.33,0,0,0,0,0,0,1,0
2018-07-01,26.53,38.73,63.54,1157.0,310.0,0.1511,0.341,2185.0,85.38,0.0,87.675,2306.33,21.13,0.65,0.32,1.31,0,0,0,0,0,0,0,1
2018-07-02,17.99,26.24,48.02,1157.0,310.0,0.1511,0.341,2185.0,88.92,0.13,87.708,1931.16,20.21,0.53,0.28,0.94,0,0,0,0,0,0,0,1
2018-07-03,21.6,32.03,52.51,1157.0,310.0,0.1511,0.341,2185.0,82.46,0.02,87.73200000000001,3433.85,21.55,0.77,0.0,3.48,0,0,0,0,0,0,1,0
2018-07-04,30.72,47.23,85.06,1157.0,310.0,0.1511,0.341,2185.0,80.83,2.6,87.795,2723.78,21.61,0.66,0.25,1.32,0,0,0,0,1,0,0,0
2018-07-05,12.06,18.76,40.79,1157.0,310.0,0.1511,0.341,2185.0,80.08,0.06,87.936,4013.9,21.07,0.81,0.41,1.37,0,0,0,0,1,0,0,0
2018-07-06,8.03,13.08,33.3,1157.0,310.0,0.1511,0.341,2185.0,71.04,0.0,87.98899999999999,5342.13,21.25,1.24,0.24,2.31,0,0,0,0,0,1,0,0
2018-07-07,19.75,31.27,63.39,1157.0,310.0,0.1511,0.341,2185.0,74.88,0.02,87.929,5425.17,20.95,0.9,0.21,1.76,0,0,0,0,1,0,0,0
2018-07-08,14.7,23.96,58.98,1157.0,310.0,0.1511,0.341,2185.0,74.04,1.38,87.93,3181.08,21.14,0.89,0.21,1.86,0,0,0,0,0,1,0,0
2018-07-09,12.64,19.61,43.59,1157.0,310.0,0.1511,0.341,2185.0,79.75,0.04,87.949,3670.65,20.89,0.77,0.26,1.7,0,0,0,0,0,1,0,0
2018-07-10,16.56,26.18,58.47,1157.0,310.0,0.1511,0.341,2185.0,73.79,0.0,87.965,4355.11,22.15,0.77,0.25,1.56,0,0,0,0,1,0,0,0
2018-07-11,13.95,21.98,47.19,1157.0,310.0,0.1511,0.341,2185.0,83.17,2.82,87.98200000000001,1989.1,20.69,0.54,0.13,1.0,0,0,0,0,0,1,0,0
2018-07-12,20.16,30.62,56.2,1157.0,310.0,0.1511,0.341,2185.0,79.67,1.72,87.949,4235.45,21.39,0.67,0.2,1.45,0,0,0,0,1,0,0,0
2018-07-13,18.24,28.74,64.12,1157.0,310.0,0.1511,0.341,2185.0,77.0,0.0,87.87899999999999,3261.56,21.58,0.59,0.23,1.5,0,0,0,0,1,0,0,0
2018-07-14,29.52,47.34,103.72,1157.0,310.0,0.1511,0.341,2185.0,81.42,0.0,87.852,2109.57,20.78,0.59,0.16,1.28,0,0,0,0,1,0,0,0
2018-07-15,37.14,57.58,98.73,1157.0,310.0,0.1511,0.341,2185.0,79.04,0.39,87.852,3132.71,21.06,0.59,0.15,1.44,0,0,0,0,1,0,0,0
2018-07-16,20.19,31.19,65.72,1157.0,310.0,0.1511,0.341,2185.0,76.67,0.0,87.958,4202.57,20.59,0.81,0.18,1.8,0,0,0,0,1,0,0,0
2018-07-17,13.58,21.35,49.39,1157.0,310.0,0.1511,0.341,2185.0,70.29,0.09,87.97,5138.95,21.59,0.71,0.19,1.6,0,0,0,0,1,0,0,0
2018-07-18,7.86,12.99,37.75,1157.0,310.0,0.1511,0.341,2185.0,63.96,0.0,87.884,5136.87,22.47,1.0,0.2,1.85,0,0,0,0,0,1,0,0
2018-07-19,11.6,19.03,46.78,1157.0,310.0,0.1511,0.341,2185.0,67.38,0.0,87.848,5403.22,22.52,0.95,0.17,1.96,0,0,0,0,1,0,0,0
2018-07-20,17.57,28.22,59.4,1157.0,310.0,0.1511,0.341,2185.0,71.33,3.36,87.85799999999999,5595.04,21.74,0.66,0.14,1.38,0,0,0,0,1,0,0,0
2018-07-21,25.03,39.14,75.13,1157.0,310.0,0.1511,0.341,2185.0,74.04,0.0,87.87899999999999,4982.1,22.46,0.69,0.13,1.6,0,0,0,0,1,0,0,0
2018-07-22,12.52,20.38,43.64,1157.0,310.0,0.1511,0.341,2185.0,73.42,0.0,87.889,5137.42,22.86,0.84,0.22,1.61,0,0,0,0,1,0,0,0
2018-07-23,10.61,18.67,45.37,1157.0,310.0,0.1511,0.341,2185.0,68.58,0.0,87.87100000000001,4778.38,22.72,1.1,0.45,1.78,0,0,0,0,1,0,0,0
2018-07-24,9.2,16.48,43.14,1157.0,310.0,0.1511,0.341,2185.0,63.83,0.0,87.883,5077.03,22.48,1.15,0.36,1.94,0,0,0,0,1,0,0,0
2018-07-25,11.5,19.24,39.12,1157.0,310.0,0.1511,0.341,2185.0,71.21,0.12,87.822,3627.42,21.83,0.81,0.22,1.58,0,0,0,0,1,0,0,0
2018-07-26,13.41,20.86,42.93,1157.0,310.0,0.1511,0.341,2185.0,76.79,1.86,87.883,3956.88,21.95,0.57,0.15,1.39,0,0,0,0,1,0,0,0
2018-07-27,13.41,20.86,42.93,1157.0,310.0,0.1511,0.341,2185.0,73.08,0.0,87.963,4803.86,23.04,0.73,0.18,1.39,0,0,0,0,1,0,0,0
2018-07-28,13.41,20.86,42.93,1157.0,310.0,0.1511,0.341,2185.0,75.5,0.0,87.92,5142.08,22.55,0.68,0.17,1.39,0,0,0,0,1,0,0,0
2018-07-29,13.41,20.86,42.93,1157.0,310.0,0.1511,0.341,2185.0,73.67,0.0,87.874,4435.69,22.62,0.71,0.21,1.31,0,0,1,0,0,0,0,0
2018-07-30,13.41,20.86,42.93,1157.0,310.0,0.1511,0.341,2185.0,86.92,4.32,87.833,2469.56,20.7,0.55,0.27,1.06,0,0,0,0,0,1,0,0
2018-07-31,13.41,20.86,42.93,1157.0,310.0,0.1511,0.341,2185.0,82.54,1.02,87.735,4113.78,22.51,0.64,0.31,0.93,0,0,0,0,1,0,0,0
2018-08-01,13.41,20.86,42.93,1157.0,310.0,0.1607,0.2924,2112.0,88.88,29.44,87.836,2254.35,19.79,0.6,0.24,1.21,0,0,0,0,0,1,0,0
2018-08-02,15.32,22.48,46.74,1157.0,310.0,0.1607,0.2924,2112.0,77.79,0.0,87.825,4707.24,22.66,0.62,0.2,1.32,0,0,0,0,0,1,0,0
2018-08-03,21.9,32.43,61.02,1157.0,310.0,0.1607,0.2924,2112.0,79.42,7.48,87.867,4047.0,22.09,0.53,0.2,0.88,0,0,0,0,0,1,0,0
2018-08-04,18.41,27.96,54.94,1157.0,310.0,0.1607,0.2924,2112.0,83.71,9.08,87.87799999999999,3172.83,21.2,0.61,0.18,0.99,0,0,0,0,1,0,0,0
2018-08-05,17.95,25.69,43.36,1157.0,310.0,0.1607,0.2924,2112.0,80.17,0.04,87.863,4352.14,21.98,0.68,0.21,1.35,0,0,0,0,1,0,0,0
2018-08-06,16.07,24.16,43.21,1157.0,310.0,0.1607,0.2924,2112.0,86.79,10.17,87.92200000000001,3203.03,20.82,0.88,0.48,1.44,1,0,0,0,0,0,0,0
2018-08-07,12.69,20.41,41.52,1157.0,310.0,0.1607,0.2924,2112.0,77.13,0.0,87.887,5522.5,21.83,0.81,0.25,1.65,0,0,0,0,1,0,0,0
2018-08-08,21.59,34.69,67.06,1157.0,310.0,0.1607,0.2924,2112.0,77.17,0.02,87.87299999999999,4105.83,22.4,0.62,0.19,1.12,0,0,0,0,0,1,0,0
2018-08-09,21.61,34.31,63.94,1157.0,310.0,0.1607,0.2924,2112.0,77.67,0.0,87.896,4563.35,22.76,0.85,0.19,1.61,1,0,0,0,0,0,0,0
2018-08-10,21.38,34.12,73.13,1157.0,310.0,0.1607,0.2924,2112.0,76.29,1.11,87.91799999999999,3178.9,21.48,0.73,0.32,1.29,0,0,0,0,0,1,0,0
2018-08-11,26.32,40.02,70.13,1157.0,310.0,0.1607,0.2924,2112.0,0.0,0.05,87.825,5090.88,22.44,0.81,0.2,1.46,0,0,0,0,1,0,0,0
2018-08-12,14.9,21.77,42.78,1157.0,310.0,0.1607,0.2924,2112.0,0.0,0.0,87.91,3422.41,21.67,0.86,0.3,2.02,0,0,0,0,1,0,0,0
2018-08-13,10.1,15.094999999999999,33.835,1157.0,310.0,0.1607,0.2924,2112.0,0.0,0.17,87.92299999999999,2814.98,21.5,0.67,0.18,1.51,0,0,0,0,1,0,0,0
2018-08-14,10.1,15.094999999999999,33.835,1157.0,310.0,0.1607,0.2924,2112.0,0.0,0.0,87.90700000000001,4235.11,21.61,0.7,0.18,1.49,0,0,0,0,1,0,0,0
2018-08-15,5.3,8.42,24.89,1157.0,310.0,0.1607,0.2924,2112.0,0.0,0.0,87.85799999999999,5494.5,22.09,0.85,0.27,1.79,0,0,0,0,1,0,0,0
2018-08-16,12.700000000000001,19.065,35.795,1157.0,310.0,0.1607,0.2924,2112.0,0.0,0.0,87.88799999999999,3475.58,21.74,0.8,0.25,1.65,0,0,0,0,0,1,0,0
2018-08-17,12.700000000000001,19.065,35.795,1157.0,310.0,0.1607,0.2924,2112.0,0.0,0.0,87.791,4747.58,22.25,0.82,0.13,1.64,0,0,0,0,1,0,0,0
2018-08-18,12.700000000000001,19.065,35.795,1157.0,310.0,0.1607,0.2924,2112.0,0.0,0.0,87.728,2930.29,22.46,0.77,0.22,1.34,0,0,0,0,0,1,0,0
2018-08-19,12.700000000000001,19.065,35.795,1157.0,310.0,0.1607,0.2924,2112.0,0.0,0.0,87.771,3510.21,22.06,0.73,0.19,1.54,1,0,0,0,0,0,0,0
2018-08-20,12.700000000000001,19.065,35.795,1157.0,310.0,0.1607,0.2924,2112.0,60.54,0.0,87.76899999999999,3361.4,22.48,0.73,0.17,1.42,0,0,0,0,1,0,0,0
2018-08-21,12.700000000000001,19.065,35.795,1157.0,310.0,0.1607,0.2924,2112.0,87.13,1.69,87.927,1913.73,20.61,0.84,0.36,1.48,1,0,0,0,0,0,0,0
2018-08-22,12.700000000000001,19.065,35.795,1157.0,310.0,0.1607,0.2924,2112.0,80.0,0.0,87.84299999999999,4854.44,22.14,0.84,0.15,1.47,1,0,0,0,0,0,0,0
2018-08-23,12.700000000000001,19.065,35.795,1157.0,310.0,0.1607,0.2924,2112.0,86.54,0.06,87.79,2322.68,21.06,0.72,0.32,1.16,0,0,1,0,0,0,0,0
2018-08-24,12.700000000000001,19.065,35.795,1157.0,310.0,0.1607,0.2924,2112.0,86.17,0.18,87.883,2319.92,20.32,0.58,0.25,0.85,1,0,0,0,0,0,0,0
2018-08-25,20.1,29.71,46.7,1157.0,310.0,0.1607,0.2924,2112.0,89.04,1.88,87.926,2402.79,20.07,0.57,0.24,1.14,0,0,0,0,0,1,0,0
2018-08-26,23.68,33.89,45.82,1157.0,310.0,0.1607,0.2924,2112.0,85.5,19.73,87.8,4743.49,21.25,2.94,0.0,33.68,1,0,0,0,0,0,0,0
2018-08-27,10.61,15.95,26.18,1157.0,310.0,0.1607,0.2924,2112.0,90.08,2.01,87.845,2041.77,19.64,0.72,0.24,1.29,0,0,0,0,1,0,0,0
2018-08-28,32.42,47.83,66.29,1157.0,310.0,0.1607,0.2924,2112.0,81.42,0.08,87.773,3206.63,21.47,0.68,0.23,1.07,1,0,0,0,0,0,0,0
2018-08-29,21.165,31.994999999999997,52.040000000000006,1157.0,310.0,0.1607,0.2924,2112.0,85.38,2.62,87.833,3339.61,20.63,0.91,0.28,1.88,1,0,0,0,0,0,0,0
2018-08-30,9.91,16.16,37.79,1157.0,310.0,0.1607,0.2924,2112.0,82.46,1.07,87.667,4767.17,21.56,0.98,0.36,1.56,0,0,0,0,1,0,0,0
2018-08-31,23.59,38.36,87.66,1157.0,310.0,0.1607,0.2924,2112.0,84.58,0.0,87.65,2112.07,21.57,0.68,0.21,1.27,0,0,0,0,0,1,0,0
2018-09-01,19.41,31.01,60.23,1157.0,310.0,0.2102,0.3505,2517.0,83.33,0.41,87.676,3712.3,22.37,0.81,0.21,1.58,0,0,0,0,0,1,0,0
2018-09-02,16.19,26.5,59.78,1157.0,310.0,0.2102,0.3505,2517.0,75.88,0.19,87.586,4596.35,23.27,0.78,0.2,1.57,0,0,0,0,0,1,0,0
2018-09-03,21.62,33.99,59.24,1157.0,310.0,0.2102,0.3505,2517.0,85.92,0.84,87.618,2592.8,21.39,0.67,0.28,1.05,1,0,0,0,0,0,0,0
2018-09-04,10.825000000000001,17.015,29.64,1157.0,310.0,0.2102,0.3505,2517.0,86.79,15.88,87.729,2976.85,20.67,1.67,0.0,10.06,0,0,0,0,0,1,0,0
2018-09-05,10.825000000000001,17.015,29.64,1157.0,310.0,0.2102,0.3505,2517.0,87.79,2.02,87.77,2430.75,20.73,0.5,0.21,1.04,0,0,0,0,1,0,0,0
2018-09-06,10.825000000000001,17.015,29.64,1157.0,310.0,0.2102,0.3505,2517.0,81.0,0.2,87.686,4651.11,22.35,0.78,0.33,1.42,0,0,0,0,1,0,0,0
2018-09-07,10.825000000000001,17.015,29.64,1157.0,310.0,0.2102,0.3505,2517.0,78.5,0.04,87.59899999999999,4881.92,22.8,0.76,0.21,1.33,0,0,0,0,1,0,0,0
2018-09-08,10.825000000000001,17.015,29.64,1157.0,310.0,0.2102,0.3505,2517.0,87.04,36.32,87.66799999999999,2917.98,20.97,2.22,0.0,33.74,0,0,0,0,0,1,0,0
2018-09-09,10.825000000000001,17.015,29.64,1157.0,310.0,0.2102,0.3505,2517.0,80.92,0.05,87.704,4264.75,22.33,0.73,0.2,1.34,0,0,0,0,0,1,0,0
2018-09-10,10.825000000000001,17.015,29.64,1157.0,310.0,0.2102,0.3505,2517.0,81.21,2.35,87.691,3383.16,21.41,0.67,0.26,1.51,0,0,0,0,0,1,0,0
2018-09-11,10.825000000000001,17.015,29.64,1157.0,310.0,0.2102,0.3505,2517.0,78.92,0.12,87.69,3237.23,22.46,0.75,0.23,1.64,1,0,0,0,0,0,0,0
2018-09-12,0.03,0.04,0.04,1157.0,310.0,0.2102,0.3505,2517.0,84.67,2.66,87.756,2773.4,19.98,0.72,0.3,1.65,1,0,0,0,0,0,0,0
2018-09-13,0.01,0.01,0.01,1157.0,310.0,0.2102,0.3505,2517.0,75.42,0.0,87.719,5523.33,22.92,0.83,0.3,1.59,1,0,0,0,0,0,0,0
2018-09-14,0.02,0.02,0.02,1157.0,310.0,0.2102,0.3505,2517.0,78.79,0.66,87.719,3346.18,22.4,0.62,0.28,1.1,0,0,0,0,0,1,0,0
2018-09-15,0.015,0.015,0.015,1157.0,310.0,0.2102,0.3505,2517.0,72.29,0.0,87.652,5818.4,23.87,0.92,0.34,1.59,1,0,0,0,0,0,0,0
2018-09-16,0.015,0.015,0.015,1157.0,310.0,0.2102,0.3505,2517.0,78.13,0.4,87.60799999999999,3443.82,22.67,0.9,0.27,1.95,1,0,0,0,0,0,0,0
2018-09-17,0.01,0.01,0.01,1157.0,310.0,0.2102,0.3505,2517.0,77.67,0.0,87.565,4228.94,23.0,0.69,0.23,1.27,1,0,0,0,0,0,0,0
2018-09-18,4.78,5.67,9.705,1157.0,310.0,0.2102,0.3505,2517.0,74.13,0.08,87.585,4936.63,23.62,0.8,0.23,1.34,0,0,0,0,0,1,0,0
2018-09-19,4.78,5.67,9.705,1157.0,310.0,0.2102,0.3505,2517.0,81.5,1.62,87.68,3629.83,21.17,0.97,0.37,1.53,1,0,0,0,0,0,0,0
2018-09-20,4.78,5.67,9.705,1157.0,310.0,0.2102,0.3505,2517.0,77.42,0.0,87.65,4914.53,22.85,0.75,0.29,1.44,1,0,0,0,0,0,0,0
2018-09-21,9.55,11.33,19.4,1157.0,310.0,0.2102,0.3505,2517.0,75.79,0.04,87.60799999999999,4877.03,22.66,0.83,0.18,1.75,0,0,0,0,1,0,0,0
2018-09-22,11.56,14.61,21.619999999999997,1157.0,310.0,0.2102,0.3505,2517.0,74.54,0.06,87.59299999999999,4458.44,23.58,0.89,0.23,1.78,0,0,0,0,0,1,0,0
2018-09-23,11.56,14.61,21.619999999999997,1157.0,310.0,0.2102,0.3505,2517.0,84.17,3.63,87.646,2211.26,21.42,0.56,0.26,1.11,0,0,0,0,0,1,0,0
2018-09-24,13.57,17.89,23.84,1157.0,310.0,0.2102,0.3505,2517.0,76.42,0.26,87.595,4756.02,23.27,0.73,0.25,1.43,0,0,0,0,0,1,0,0
2018-09-25,21.14,29.21,38.61,1157.0,310.0,0.2102,0.3505,2517.0,66.92,0.0,87.67,5025.34,24.41,0.77,0.35,1.34,0,0,0,0,0,1,0,0
2018-09-26,16.2,22.49,27.16,1157.0,310.0,0.2102,0.3505,2517.0,70.21,0.0,87.654,4871.38,23.83,0.73,0.2,1.36,0,0,0,0,0,1,0,0
2018-09-27,34.49,47.95,55.31,1157.0,310.0,0.2102,0.3505,2517.0,73.25,0.0,87.555,3254.76,23.83,0.5,0.17,1.25,0,0,0,0,0,1,0,0
2018-09-28,19.85,27.66,33.53,1157.0,310.0,0.2102,0.3505,2517.0,80.88,9.07,87.52600000000001,3338.88,22.66,0.62,0.22,1.12,0,0,0,0,0,1,0,0
2018-09-29,11.71,16.68,21.6,1157.0,310.0,0.2102,0.3505,2517.0,77.25,1.04,87.661,5126.76,22.22,0.73,0.35,1.21,0,0,1,0,0,0,0,0
2018-09-30,17.16,24.11,30.07,1157.0,310.0,0.2102,0.3505,2517.0,74.38,0.0,87.64200000000001,4326.32,22.85,0.76,0.17,1.49,0,0,0,0,1,0,0,0
2018-10-01,21.27,29.76,37.02,1157.0,310.0,0.13,0.2341,2112.0,72.25,0.0,87.587,4552.24,23.22,0.71,0.37,1.25,0,0,0,0,0,1,0,0
2018-10-02,16.07,23.3,29.98,1157.0,310.0,0.13,0.2341,2112.0,68.25,0.0,87.626,4412.13,23.76,0.75,0.14,1.34,0,0,0,0,0,1,0,0
2018-10-03,19.22,27.48,34.24,1157.0,310.0,0.13,0.2341,2112.0,80.88,6.29,87.66799999999999,2006.32,21.35,0.55,0.32,0.82,0,0,1,0,0,0,0,0
2018-10-04,66.61,77.56,81.99,1157.0,310.0,0.13,0.2341,2112.0,78.33,0.09,87.711,2681.78,22.66,0.59,0.25,1.13,1,0,0,0,0,0,0,0
2018-10-05,43.49,52.735,57.574999999999996,1157.0,310.0,0.13,0.2341,2112.0,79.71,11.72,87.676,3632.1,22.96,0.78,0.2,2.22,0,0,1,0,0,0,0,0
2018-10-06,43.49,52.735,57.574999999999996,1157.0,310.0,0.13,0.2341,2112.0,75.5,0.93,87.663,5285.77,23.82,0.8,0.36,1.2,0,0,0,0,1,0,0,0
2018-10-07,43.49,52.735,57.574999999999996,1157.0,310.0,0.13,0.2341,2112.0,77.46,0.0,87.65799999999999,3711.49,22.09,0.92,0.46,1.76,1,0,0,0,0,0,0,0
2018-10-08,43.49,52.735,57.574999999999996,1157.0,310.0,0.13,0.2341,2112.0,82.75,0.02,87.618,3197.94,22.2,0.66,0.31,1.14,0,0,1,0,0,0,0,0
2018-10-09,43.49,52.735,57.574999999999996,1157.0,310.0,0.13,0.2341,2112.0,83.83,0.1,87.531,4069.43,22.75,0.66,0.23,1.62,0,0,0,0,1,0,0,0
2018-10-10,43.49,52.735,57.574999999999996,1157.0,310.0,0.13,0.2341,2112.0,91.42,4.33,87.654,2775.5,20.77,0.71,0.25,1.4,1,0,0,0,0,0,0,0
2018-10-11,20.37,27.91,33.16,1157.0,310.0,0.13,0.2341,2112.0,85.33,1.15,87.67200000000001,3241.78,21.29,0.68,0.26,1.15,1,0,0,0,0,0,0,0
2018-10-12,23.27,32.27,37.36,1157.0,310.0,0.13,0.2341,2112.0,86.71,0.48,87.682,1810.97,20.31,0.6,0.21,1.32,1,0,0,0,0,0,0,0
2018-10-13,29.05,38.56,42.61,1157.0,310.0,0.13,0.2341,2112.0,80.58,0.07,87.63,4507.94,22.82,0.75,0.2,1.36,1,0,0,0,0,0,0,0
2018-10-14,8.18,9.9,12.18,1157.0,310.0,0.13,0.2341,2112.0,88.54,48.23,87.789,2300.38,20.16,1.01,0.0,9.2,0,0,0,0,0,1,0,0
2018-10-15,11.1,14.22,16.86,1157.0,310.0,0.13,0.2341,2112.0,83.54,0.0,87.78200000000001,3640.5,21.76,0.7,0.21,1.28,0,0,0,0,0,1,0,0
2018-10-16,13.8,19.2,24.71,1157.0,310.0,0.13,0.2341,2112.0,82.63,19.77,87.74700000000001,3581.35,21.86,1.0,0.23,10.48,0,0,0,0,0,1,0,0
2018-10-17,8.43,11.26,14.32,1157.0,310.0,0.13,0.2341,2112.0,83.04,1.81,87.589,3494.6,22.37,0.73,0.32,1.26,0,0,0,0,0,1,0,0
2018-10-18,10.77,13.57,17.96,1157.0,310.0,0.13,0.2341,2112.0,82.88,0.0,87.572,3230.95,21.36,0.67,0.24,1.63,0,0,0,0,0,1,0,0
2018-10-19,11.98,16.4,20.9,1157.0,310.0,0.13,0.2341,2112.0,89.67,0.09,87.72399999999999,2220.65,19.91,0.81,0.45,1.04,1,0,0,0,0,0,0,0
2018-10-20,2.31,2.96,3.84,1157.0,310.0,0.13,0.2341,2112.0,82.5,0.45,87.70299999999999,4534.44,22.23,0.69,0.22,1.21,0,0,0,0,1,0,0,0
2018-10-21,31.83,43.05,49.88,1157.0,310.0,0.13,0.2341,2112.0,78.46,4.13,87.63,5659.36,23.42,0.83,0.29,1.46,0,0,0,0,1,0,0,0
2018-10-22,24.31,31.76,35.72,1157.0,310.0,0.13,0.2341,2112.0,70.38,0.0,87.624,5803.29,23.77,0.94,0.21,1.88,0,0,0,0,1,0,0,0
2018-10-23,39.99,48.31,53.15,1157.0,310.0,0.13,0.2341,2112.0,74.13,17.27,87.74600000000001,5562.18,23.18,0.95,0.0,1.92,0,0,0,0,0,1,0,0
2018-10-24,4.9,6.26,8.04,1157.0,310.0,0.13,0.2341,2112.0,78.0,2.33,87.678,4384.98,23.16,2.71,0.0,32.62,0,0,0,0,1,0,0,0
2018-10-25,6.82,8.475,10.385,1157.0,310.0,0.13,0.2341,2112.0,91.13,34.35,87.715,2094.59,20.51,1.85,0.0,22.1,0,0,0,0,0,1,0,0
2018-10-26,8.74,10.69,12.73,1157.0,310.0,0.13,0.2341,2112.0,84.67,13.84,87.77799999999999,4273.73,21.93,0.89,0.35,1.61,0,0,0,0,1,0,0,0
2018-10-27,9.77,12.370000000000001,15.965,1157.0,310.0,0.13,0.2341,2112.0,83.38,6.74,87.81,3612.22,22.41,1.02,0.67,1.61,0,0,0,0,0,1,0,0
2018-10-28,9.77,12.370000000000001,15.965,1157.0,310.0,0.13,0.2341,2112.0,76.58,2.3,87.75200000000001,4967.7,22.98,0.7,0.37,1.15,0,0,0,0,0,1,0,0
2018-10-29,10.8,14.05,19.2,1157.0,310.0,0.13,0.2341,2112.0,78.83,0.25,87.62799999999999,4459.35,23.06,0.97,0.36,2.29,0,0,0,0,0,1,0,0
2018-10-30,12.53,15.34,17.98,1157.0,310.0,0.13,0.2341,2112.0,86.25,44.93,87.57600000000001,3082.72,21.96,0.78,0.3,1.85,0,0,0,0,0,1,0,0
2018-10-31,14.13,18.09,20.09,1157.0,310.0,0.13,0.2341,2112.0,84.21,4.13,87.57,2576.05,21.58,0.69,0.28,1.8,0,0,0,0,0,0,1,0
2018-11-01,9.245000000000001,12.15,14.945,1157.0,310.0,0.1963,0.3466,2253.0,82.79,1.35,87.604,2828.78,21.46,0.88,0.3,2.07,0,0,0,0,1,0,0,0
2018-11-02,9.245000000000001,12.15,14.945,1157.0,310.0,0.1963,0.3466,2253.0,78.38,7.8,87.573,5318.15,23.19,0.7,0.24,1.17,0,0,0,0,1,0,0,0
2018-11-03,4.36,6.21,9.8,1157.0,310.0,0.1963,0.3466,2253.0,84.54,7.14,87.596,2907.88,22.08,0.62,0.26,1.22,0,0,0,0,0,1,0,0
2018-11-04,12.6,17.419999999999998,21.490000000000002,1157.0,310.0,0.1963,0.3466,2253.0,90.42,5.0,87.633,2375.95,21.0,0.63,0.31,1.17,0,0,1,0,0,0,0,0
2018-11-05,12.6,17.419999999999998,21.490000000000002,1157.0,310.0,0.1963,0.3466,2253.0,80.29,0.07,87.561,3968.53,22.74,0.74,0.19,1.57,0,0,0,0,1,0,0,0
2018-11-06,20.84,28.63,33.18,1157.0,310.0,0.1963,0.3466,2253.0,80.33,0.0,87.54700000000001,3843.58,22.7,0.62,0.28,1.12,0,0,0,0,0,1,0,0
2018-11-07,13.08,16.83,19.09,1157.0,310.0,0.1963,0.3466,2253.0,74.58,0.0,87.617,3935.9,23.98,0.81,0.28,1.89,0,0,0,0,0,1,0,0
2018-11-08,0.14,0.15,0.15,1157.0,310.0,0.1963,0.3466,2253.0,79.42,19.32,87.671,4653.88,22.74,0.76,0.29,1.55,1,0,0,0,0,0,0,0
2018-11-09,0.53,0.55,0.55,1157.0,310.0,0.1963,0.3466,2253.0,80.83,11.39,87.681,4057.21,21.9,1.03,0.36,2.44,0,0,0,0,0,1,0,0
2018-11-10,0.01,0.01,0.01,1157.0,310.0,0.1963,0.3466,2253.0,86.38,0.0,87.71799999999999,2318.92,21.12,0.84,0.36,1.21,1,0,0,0,0,0,0,0
2018-11-11,0.01,0.01,0.01,1157.0,310.0,0.1963,0.3466,2253.0,90.0,35.71,87.76700000000001,3025.11,20.65,2.04,0.0,28.34,0,0,0,0,0,1,0,0
2018-11-12,0.01,0.01,0.01,1157.0,310.0,0.1963,0.3466,2253.0,81.21,4.12,87.59700000000001,5403.87,23.07,0.92,0.28,1.49,0,0,0,0,1,0,0,0
2018-11-13,0.01,0.01,0.01,1157.0,310.0,0.1963,0.3466,2253.0,79.29,20.02,87.523,4295.44,22.64,0.87,0.0,2.07,0,0,0,0,0,1,0,0
2018-11-14,0.01,0.01,0.01,1157.0,310.0,0.1963,0.3466,2253.0,76.5,0.0,87.397,5205.46,23.78,1.12,0.3,2.89,0,0,0,0,0,1,0,0
2018-11-15,0.73,0.76,0.76,1157.0,310.0,0.1963,0.3466,2253.0,80.83,3.49,87.54,3022.36,22.52,1.17,0.33,3.14,0,0,0,0,0,1,0,0
2018-11-16,0.6,0.62,0.62,1157.0,310.0,0.1963,0.3466,2253.0,81.38,0.32,87.70700000000001,3215.17,22.54,0.93,0.44,2.06,0,0,0,0,0,1,0,0
2018-11-17,5.359999999999999,7.079999999999999,8.815000000000001,1157.0,310.0,0.1963,0.3466,2253.0,82.17,6.35,87.705,3282.16,22.8,1.15,0.4,2.48,0,0,0,0,0,1,0,0
2018-11-18,10.12,13.54,17.01,1157.0,310.0,0.1963,0.3466,2253.0,81.17,26.32,87.743,4053.65,22.42,0.88,0.5,1.58,0,0,0,0,1,0,0,0
2018-11-19,2.06,2.54,2.84,1157.0,310.0,0.1963,0.3466,2253.0,79.5,0.82,87.63,4089.4,23.32,0.73,0.32,1.19,0,0,0,0,0,1,0,0
2018-11-20,6.615,7.75,9.67,1157.0,310.0,0.1963,0.3466,2253.0,80.0,12.11,87.64,4630.45,23.45,0.7,0.29,1.29,0,0,0,0,1,0,0,0
2018-11-21,6.615,7.75,9.67,1157.0,310.0,0.1963,0.3466,2253.0,76.21,0.05,87.634,4508.37,23.77,0.67,0.31,1.31,0,0,0,0,1,0,0,0
2018-11-22,6.615,7.75,9.67,1157.0,310.0,0.1963,0.3466,2253.0,79.83,0.02,87.641,4369.34,23.47,1.13,0.46,2.64,0,0,0,0,1,0,0,0
2018-11-23,11.17,12.96,16.5,1157.0,310.0,0.1963,0.3466,2253.0,83.67,0.09,87.64299999999999,2820.5,22.5,0.73,0.37,1.18,0,0,0,0,1,0,0,0
2018-11-24,27.66,31.9,35.13,1157.0,310.0,0.1963,0.3466,2253.0,80.29,0.07,87.695,3845.44,23.11,0.87,0.44,1.7,0,0,0,0,1,0,0,0
2018-11-25,14.14,16.12,19.08,1157.0,310.0,0.1963,0.3466,2253.0,83.79,0.14,87.64200000000001,4334.46,23.41,0.9,0.37,1.75,0,0,0,0,1,0,0,0
2018-11-26,16.0,18.18,20.58,1157.0,310.0,0.1963,0.3466,2253.0,77.83,0.06,87.55799999999999,4034.99,23.69,0.98,0.31,2.02,0,0,0,0,1,0,0,0
2018-11-27,3.7,4.68,7.21,1157.0,310.0,0.1963,0.3466,2253.0,73.5,0.04,87.551,4916.73,24.45,1.02,0.22,1.98,0,0,0,0,1,0,0,0
2018-11-28,4.62,5.92,9.56,1157.0,310.0,0.1963,0.3466,2253.0,73.38,0.0,87.544,4716.37,24.39,0.98,0.27,2.07,0,0,0,0,1,0,0,0
2018-11-29,10.825000000000001,14.07,23.375,1157.0,310.0,0.1963,0.3466,2253.0,70.54,0.0,87.478,5049.9,24.65,0.95,0.26,2.08,0,0,0,0,0,1,0,0
2018-11-30,10.825000000000001,14.07,23.375,1157.0,310.0,0.1963,0.3466,2253.0,60.67,0.0,87.435,5149.88,24.98,2.05,0.51,3.44,0,0,0,0,0,1,0,0
2018-12-01,17.03,22.22,37.19,1157.0,310.0,0.184,0.3233,2112.0,65.04,0.0,87.456,4382.59,24.27,2.38,0.5,3.96,0,0,0,0,0,1,0,0
2018-12-02,13.26,17.3,26.19,1157.0,310.0,0.184,0.3233,2112.0,74.67,0.59,87.46,3712.15,23.8,1.65,0.28,3.86,0,0,0,0,0,1,0,0
2018-12-03,3.29,4.43,8.91,1157.0,310.0,0.184,0.3233,2112.0,82.92,10.41,87.444,3224.91,21.57,0.86,0.32,1.35,1,0,0,0,0,0,0,0
2018-12-04,2.88,3.68,4.56,1157.0,310.0,0.184,0.3233,2112.0,87.33,4.75,87.602,2449.84,21.3,0.57,0.2,0.89,0,0,0,0,0,1,0,0
2018-12-05,4.72,5.965,9.23,1157.0,310.0,0.184,0.3233,2112.0,85.54,0.02,87.661,3367.12,22.21,0.68,0.35,1.41,0,0,0,0,1,0,0,0
2018-12-06,4.72,5.965,9.23,1157.0,310.0,0.184,0.3233,2112.0,88.54,24.39,87.605,2505.44,21.68,1.11,0.0,6.65,0,0,0,0,1,0,0,0
2018-12-07,4.72,5.965,9.23,1157.0,310.0,0.184,0.3233,2112.0,77.42,0.12,87.432,4025.98,24.34,0.98,0.4,1.92,0,0,0,0,0,1,0,0
2018-12-08,4.72,5.965,9.23,1157.0,310.0,0.184,0.3233,2112.0,76.25,15.38,87.62299999999999,3762.12,23.56,1.34,0.48,4.21,0,0,0,0,0,1,0,0
2018-12-09,4.72,5.965,9.23,1157.0,310.0,0.184,0.3233,2112.0,91.79,0.95,87.881,2209.51,19.78,0.88,0.38,1.55,0,0,0,0,0,1,0,0
2018-12-10,4.72,5.965,9.23,1157.0,310.0,0.184,0.3233,2112.0,85.79,5.21,87.932,2585.12,21.1,0.75,0.37,1.27,0,0,0,0,0,1,0,0
2018-12-11,4.72,5.965,9.23,1157.0,310.0,0.184,0.3233,2112.0,98.29,17.84,88.014,757.54,17.91,1.01,0.73,1.55,0,0,0,0,0,1,0,0
2018-12-12,4.72,5.965,9.23,1157.0,310.0,0.184,0.3233,2112.0,83.33,0.04,87.92299999999999,3272.1,22.01,0.86,0.52,1.12,0,0,0,0,0,1,0,0
2018-12-13,4.72,5.965,9.23,1157.0,310.0,0.184,0.3233,2112.0,86.88,0.0,87.954,1994.96,21.42,0.65,0.4,0.97,0,0,0,0,1,0,0,0
2018-12-14,4.72,5.965,9.23,1157.0,310.0,0.184,0.3233,2112.0,83.46,0.0,87.89,3769.41,22.44,0.86,0.4,1.38,0,0,0,0,1,0,0,0
2018-12-15,4.72,5.965,9.23,1157.0,310.0,0.184,0.3233,2112.0,85.54,38.67,87.87299999999999,3753.42,22.02,0.89,0.4,1.94,0,0,0,0,1,0,0,0
2018-12-16,4.72,5.965,9.23,1157.0,310.0,0.184,0.3233,2112.0,81.71,0.54,87.838,4138.06,21.32,1.9,0.0,23.31,0,0,0,0,1,0,0,0
2018-12-17,4.72,5.965,9.23,1157.0,310.0,0.184,0.3233,2112.0,75.92,0.07,87.76299999999999,4934.68,23.9,1.78,0.51,4.25,0,0,0,0,0,1,0,0
2018-12-18,4.72,5.965,9.23,1157.0,310.0,0.184,0.3233,2112.0,85.46,0.33,87.71700000000001,1833.93,22.34,0.89,0.53,1.35,0,0,0,0,1,0,0,0
2018-12-19,4.72,5.965,9.23,1157.0,310.0,0.184,0.3233,2112.0,82.71,0.29,87.71700000000001,2154.82,22.74,1.3,0.38,3.41,0,0,0,0,0,1,0,0
2018-12-20,4.72,5.965,9.23,1157.0,310.0,0.184,0.3233,2112.0,86.92,0.97,87.68700000000001,1546.35,21.25,0.74,0.27,1.22,0,0,0,0,1,0,0,0
2018-12-21,4.72,5.965,9.23,1157.0,310.0,0.184,0.3233,2112.0,83.83,3.42,87.618,3013.8,22.34,1.47,0.29,3.74,0,0,0,0,0,1,0,0
2018-12-22,4.72,5.965,9.23,1157.0,310.0,0.184,0.3233,2112.0,80.92,0.11,87.501,4209.52,23.32,1.44,0.61,2.47,0,0,0,0,0,1,0,0
2018-12-23,4.72,5.965,9.23,1157.0,310.0,0.184,0.3233,2112.0,88.0,0.54,87.579,1204.27,20.92,0.76,0.41,1.35,0,0,0,0,0,1,0,0
2018-12-24,4.72,5.965,9.23,1157.0,310.0,0.184,0.3233,2112.0,83.38,0.81,87.60600000000001,3880.76,22.61,1.59,0.58,3.97,0,0,0,0,1,0,0,0
2018-12-25,4.72,5.965,9.23,1157.0,310.0,0.184,0.3233,2112.0,82.21,0.19,87.60799999999999,3730.86,22.74,1.02,0.52,1.81,0,0,0,0,1,0,0,0
2018-12-26,4.72,5.965,9.23,1157.0,310.0,0.184,0.3233,2112.0,80.88,0.15,87.63,4824.01,24.02,1.69,0.87,2.9,0,0,0,0,0,1,0,0
2018-12-27,4.72,5.965,9.23,1157.0,310.0,0.184,0.3233,2112.0,76.83,0.11,87.59899999999999,4630.73,23.92,1.25,0.6,1.78,0,0,0,0,0,1,0,0
2018-12-28,4.72,5.965,9.23,1157.0,310.0,0.184,0.3233,2112.0,76.63,0.18,87.625,3862.07,23.9,1.88,0.38,3.8,0,0,0,0,0,1,0,0
2018-12-29,4.72,5.965,9.23,1157.0,310.0,0.184,0.3233,2112.0,83.67,5.43,87.675,2808.7,21.24,1.15,0.41,3.6,0,0,0,0,0,1,0,0
2018-12-30,4.72,5.965,9.23,1157.0,310.0,0.184,0.3233,2112.0,75.67,0.0,87.68799999999999,4810.0,23.57,2.03,0.45,4.09,0,0,0,0,0,1,0,0
2018-12-31,4.72,5.965,9.23,1157.0,310.0,0.184,0.3233,2112.0,78.29,0.0,87.71600000000001,4296.84,23.44,1.77,0.43,3.8,0,0,0,0,0,1,0,0
2019-01-01,4.72,5.965,9.23,1157.0,310.0,0.2,0.3491,2112.0,79.17,20.11,87.805,4515.33,22.74,1.79,0.0,4.77,0,0,0,0,0,1,0,0
2019-01-02,4.72,5.965,9.23,1157.0,310.0,0.2,0.3491,2112.0,84.79,18.68,87.781,4294.26,22.27,0.92,0.39,1.48,0,0,0,0,1,0,0,0
2019-01-03,4.72,5.965,9.23,1157.0,310.0,0.2,0.3491,2112.0,76.5,8.34,87.68700000000001,3302.22,23.4,1.13,0.25,3.73,0,0,0,0,1,0,0,0
2019-01-04,4.72,5.965,9.23,1157.0,310.0,0.2,0.3491,2112.0,81.83,18.47,87.689,4347.27,22.61,1.21,0.0,3.84,0,0,0,0,0,1,0,0
2019-01-05,4.72,5.965,9.23,1157.0,310.0,0.2,0.3491,2112.0,73.0,0.1,87.666,5034.16,24.27,4.72,0.0,36.91,0,0,0,0,0,1,0,0
2019-01-06,4.72,5.965,9.23,1157.0,310.0,0.2,0.3491,2112.0,66.75,0.0,87.57600000000001,4612.63,24.76,2.11,0.55,4.24,0,0,0,0,0,1,0,0
2019-01-07,4.72,5.965,9.23,1157.0,310.0,0.2,0.3491,2112.0,65.58,0.0,87.536,4747.04,25.12,2.51,0.48,5.48,0,0,0,0,0,1,0,0
2019-01-08,4.72,5.965,9.23,1157.0,310.0,0.2,0.3491,2112.0,78.42,0.7,87.59200000000001,2510.11,22.67,1.61,0.41,3.78,0,0,0,0,0,1,0,0
2019-01-09,4.72,5.965,9.23,1157.0,310.0,0.2,0.3491,2112.0,76.71,0.0,87.581,4150.46,24.24,2.09,0.53,4.63,0,0,0,0,0,1,0,0
2019-01-10,4.72,5.965,9.23,1157.0,310.0,0.2,0.3491,2112.0,66.0,0.0,87.587,4031.51,25.47,2.93,0.57,5.23,0,0,0,0,0,1,0,0
2019-01-11,4.72,5.965,9.23,1157.0,310.0,0.2,0.3491,2112.0,68.21,0.0,87.523,4022.66,25.21,3.02,0.46,5.88,0,0,0,0,0,1,0,0
2019-01-12,4.72,5.965,9.23,1157.0,310.0,0.2,0.3491,2112.0,62.42,0.0,87.505,4914.39,24.88,3.26,0.63,5.81,0,0,0,0,0,1,0,0
2019-01-13,4.72,5.965,9.23,1157.0,310.0,0.2,0.3491,2112.0,68.42,0.04,87.54899999999999,5103.02,24.29,2.7,0.38,6.03,0,0,0,0,0,1,0,0
2019-01-14,4.72,5.965,9.23,1157.0,310.0,0.2,0.3491,2112.0,71.38,0.0,87.62899999999999,3265.53,24.29,2.05,0.38,4.3,0,0,0,0,0,1,0,0
2019-01-15,4.72,5.965,9.23,1157.0,310.0,0.2,0.3491,2112.0,77.5,0.31,87.745,3666.6,22.74,1.41,0.58,3.88,0,0,0,0,0,1,0,0
2019-01-16,4.72,5.965,9.23,1157.0,310.0,0.2,0.3491,2112.0,83.83,7.68,87.82799999999999,3840.94,21.77,1.7,0.56,3.34,0,0,0,0,0,1,0,0
2019-01-17,4.72,5.965,9.23,1157.0,310.0,0.2,0.3491,2112.0,83.17,0.04,87.66,3625.78,23.02,1.34,0.49,3.07,0,0,0,0,0,1,0,0
2019-01-18,4.72,5.965,9.23,1157.0,310.0,0.2,0.3491,2112.0,78.33,0.02,87.686,4100.23,23.3,1.44,0.44,3.36,0,0,0,0,0,1,0,0
2019-01-19,4.72,5.965,9.23,1157.0,310.0,0.2,0.3491,2112.0,84.54,5.57,87.713,2554.3,21.64,1.13,0.49,3.42,0,0,0,0,1,0,0,0
2019-01-20,4.72,5.965,9.23,1157.0,310.0,0.2,0.3491,2112.0,92.38,12.03,87.775,1598.53,20.43,0.75,0.42,1.22,0,0,0,0,1,0,0,0
2019-01-21,4.72,5.965,9.23,1157.0,310.0,0.2,0.3491,2112.0,86.13,2.39,87.818,2720.17,21.63,1.37,0.52,3.51,0,0,0,0,0,1,0,0
2019-01-22,4.72,5.965,9.23,1157.0,310.0,0.2,0.3491,2112.0,85.13,2.99,87.641,3449.64,22.61,1.34,0.47,3.46,0,0,0,0,1,0,0,0
2019-01-23,4.72,5.965,9.23,1157.0,310.0,0.2,0.3491,2112.0,87.92,3.47,87.645,2029.57,22.58,0.62,0.35,0.89,0,0,0,0,1,0,0,0
2019-01-24,4.72,5.965,9.23,1157.0,310.0,0.2,0.3491,2112.0,81.96,0.35,87.662,3375.54,23.73,1.41,0.46,3.36,0,0,0,0,0,1,0,0
2019-01-25,4.72,5.965,9.23,1157.0,310.0,0.2,0.3491,2112.0,79.33,0.08,87.70100000000001,4867.56,24.29,1.93,0.53,4.06,0,0,0,0,0,1,0,0
2019-01-26,4.72,5.965,9.23,1157.0,310.0,0.2,0.3491,2112.0,77.58,0.08,87.719,4731.17,23.98,1.88,0.67,3.73,0,0,0,0,0,1,0,0
2019-01-27,4.72,5.965,9.23,1157.0,310.0,0.2,0.3491,2112.0,80.75,0.18,87.624,3232.96,24.02,1.45,0.43,3.26,0,0,0,0,1,0,0,0
2019-01-28,4.72,5.965,9.23,1157.0,310.0,0.2,0.3491,2112.0,78.79,0.17,87.536,4213.23,24.58,1.79,0.37,3.9,0,0,0,0,0,1,0,0
2019-01-29,4.72,5.965,9.23,1157.0,310.0,0.2,0.3491,2112.0,74.54,0.05,87.585,4343.34,24.87,1.9,0.58,3.89,0,0,0,0,0,1,0,0
2019-01-30,4.72,5.965,9.23,1157.0,310.0,0.2,0.3491,2112.0,69.5,0.0,87.63600000000001,4672.8,24.59,2.5,0.38,4.82,0,0,0,0,0,1,0,0
2019-01-31,4.72,5.965,9.23,1157.0,310.0,0.2,0.3491,2112.0,72.63,0.04,87.624,4418.63,24.26,2.0,0.47,3.96,0,0,0,0,0,1,0,0
2019-02-01,4.72,5.965,9.23,1157.0,310.0,0.1621,0.3036,2112.0,75.17,0.13,87.63600000000001,4434.64,24.48,1.96,0.5,3.8,0,0,0,0,0,1,0,0
2019-02-02,4.72,5.965,9.23,1157.0,310.0,0.1621,0.3036,2112.0,66.63,0.04,87.575,4994.07,25.17,2.43,0.5,4.47,0,0,0,0,0,1,0,0
2019-02-03,4.72,5.965,9.23,1157.0,310.0,0.1621,0.3036,2112.0,71.33,0.14,87.51,4908.9,25.17,2.2,0.43,4.3,0,0,0,0,0,1,0,0
2019-02-04,4.72,5.965,9.23,1157.0,310.0,0.1621,0.3036,2112.0,73.67,0.12,87.479,4973.98,25.05,2.33,0.46,4.77,0,0,0,0,0,1,0,0
2019-02-05,4.72,5.965,9.23,1157.0,310.0,0.1621,0.3036,2112.0,76.79,0.02,87.53,3180.6,24.6,2.4,0.73,4.73,0,0,0,0,0,1,0,0
2019-02-06,4.72,5.965,9.23,1157.0,310.0,0.1621,0.3036,2112.0,76.5,0.08,87.58,4045.63,24.86,1.86,0.45,3.74,0,0,0,0,0,1,0,0
2019-02-07,6.56,8.25,13.9,1157.0,310.0,0.1621,0.3036,2112.0,79.0,0.08,87.63799999999999,3293.9,23.73,1.81,0.35,3.62,0,0,0,0,0,1,0,0
2019-02-08,7.97,11.7,26.75,1157.0,310.0,0.1621,0.3036,2112.0,76.88,0.04,87.541,4213.65,25.38,1.91,0.57,3.9,0,0,0,0,1,0,0,0
2019-02-09,12.65,20.51,46.45,1157.0,310.0,0.1621,0.3036,2112.0,77.54,0.0,87.431,3217.31,25.78,1.71,0.5,3.71,0,0,0,0,0,1,0,0
2019-02-10,17.81,29.02,61.09,1157.0,310.0,0.1621,0.3036,2112.0,68.42,0.0,87.476,4479.56,26.08,2.53,0.3,4.67,0,0,0,0,0,1,0,0
2019-02-11,17.38,30.31,76.7,1157.0,310.0,0.1621,0.3036,2112.0,71.29,0.0,87.585,2563.3,24.34,2.78,0.51,4.43,0,0,0,0,0,1,0,0
2019-02-12,15.625,26.72,65.695,1157.0,310.0,0.1621,0.3036,2112.0,79.13,0.12,87.509,3649.75,24.78,1.84,0.4,3.78,0,0,0,0,0,1,0,0
2019-02-13,13.87,23.13,54.69,1157.0,310.0,0.1621,0.3036,2112.0,68.17,0.12,87.63799999999999,4923.16,25.63,2.16,0.51,4.08,0,0,0,0,0,1,0,0
2019-02-14,13.1,21.52,47.83,1157.0,310.0,0.1621,0.3036,2112.0,59.63,0.0,87.736,4917.36,26.38,3.1,1.24,4.62,0,0,0,0,0,1,0,0
2019-02-15,22.95,39.29,82.1,1157.0,310.0,0.1621,0.3036,2112.0,67.08,1.99,87.792,3213.31,23.87,1.56,0.33,3.64,0,0,0,0,0,1,0,0
2019-02-16,16.65,27.3,52.63,1157.0,310.0,0.1621,0.3036,2112.0,65.96,0.0,87.795,5753.17,24.74,0.67,0.22,1.33,0,0,1,0,0,0,0,0
2019-02-17,18.89,30.36,56.85,1157.0,310.0,0.1621,0.3036,2112.0,74.71,1.47,87.735,3694.69,23.36,0.64,0.2,1.34,1,0,0,0,0,0,0,0
2019-02-18,19.07,32.26,66.16,1157.0,310.0,0.1621,0.3036,2112.0,66.17,0.46,87.63600000000001,4015.29,23.52,0.69,0.22,1.51,1,0,0,0,0,0,0,0
2019-02-19,20.97,35.98,72.26,1157.0,310.0,0.1621,0.3036,2112.0,62.92,0.0,87.571,5233.37,24.56,0.74,0.34,1.55,1,0,0,0,0,0,0,0
2019-02-20,10.69,17.84,35.69,1157.0,310.0,0.1621,0.3036,2112.0,68.13,0.0,87.635,5195.8,24.78,0.7,0.27,1.25,0,0,0,0,1,0,0,0
2019-02-21,6.91,11.29,24.04,1157.0,310.0,0.1621,0.3036,2112.0,78.71,24.87,87.721,5436.57,22.74,0.76,0.4,1.27,0,0,0,0,0,1,0,0
2019-02-22,6.6,11.07,23.97,1157.0,310.0,0.1621,0.3036,2112.0,75.13,12.46,87.723,5381.76,22.06,0.87,0.39,1.45,1,0,0,0,0,0,0,0
2019-02-23,8.24,13.01,20.0,1157.0,310.0,0.1621,0.3036,2112.0,78.79,36.88,87.74,5726.34,21.86,0.95,0.25,1.68,1,0,0,0,0,0,0,0
2019-02-24,4.65,7.36,13.78,1157.0,310.0,0.1621,0.3036,2112.0,83.38,3.77,87.804,5469.73,20.87,0.72,0.21,1.42,0,0,1,0,0,0,0,0
2019-02-25,5.63,9.02,17.05,1157.0,310.0,0.1621,0.3036,2112.0,78.21,0.48,87.72,6784.75,22.54,0.64,0.25,1.23,0,0,0,0,1,0,0,0
2019-02-26,12.6,20.58,38.38,1157.0,310.0,0.1621,0.3036,2112.0,72.0,0.0,87.54299999999999,6680.13,24.26,0.62,0.24,1.09,0,0,0,1,0,0,0,0
2019-02-27,15.25,25.03,46.69,1157.0,310.0,0.1621,0.3036,2112.0,73.5,0.0,87.56,7245.04,24.96,0.69,0.21,1.26,0,0,0,0,1,0,0,0
2019-02-28,19.6,31.61,60.56,1157.0,310.0,0.1621,0.3036,2112.0,69.21,0.04,87.588,5715.91,24.54,0.62,0.19,1.29,0,0,1,0,0,0,0,0
2019-03-01,17.74,29.03,58.94,1157.0,310.0,0.1848,0.2857,2185.0,66.92,0.0,87.67399999999999,5216.36,24.53,0.61,0.23,1.13,1,0,0,0,0,0,0,0
2019-03-02,20.12,34.65,50.93,1157.0,310.0,0.1848,0.2857,2185.0,77.67,0.53,87.83,3936.49,22.37,0.67,0.21,1.51,1,0,0,0,0,0,0,0
2019-03-03,18.94,33.13,49.48,1157.0,310.0,0.1848,0.2857,2185.0,73.79,0.0,87.764,4738.79,23.47,0.62,0.23,1.04,0,0,0,0,1,0,0,0
2019-03-04,10.18,17.71,29.66,1157.0,310.0,0.1848,0.2857,2185.0,87.21,21.32,87.756,4289.48,21.3,0.65,0.22,1.11,1,0,0,0,0,0,0,0
2019-03-05,8.3,13.8,21.09,1157.0,310.0,0.1848,0.2857,2185.0,78.54,0.14,87.738,5645.62,22.71,0.6,0.22,1.09,0,0,0,0,1,0,0,0
2019-03-06,9.0,15.18,29.51,1157.0,310.0,0.1848,0.2857,2185.0,73.71,3.98,87.823,5167.8,22.74,0.65,0.23,1.31,0,0,0,0,1,0,0,0
2019-03-07,4.68,6.93,11.6,1157.0,310.0,0.1848,0.2857,2185.0,77.58,0.37,87.76,5462.28,22.36,0.67,0.3,1.03,0,0,0,0,1,0,0,0
2019-03-08,6.965,10.765,21.485,1157.0,310.0,0.1848,0.2857,2185.0,63.13,0.0,87.696,4904.02,23.79,0.54,0.2,1.15,0,1,0,0,0,0,0,0
2019-03-09,6.965,10.765,21.485,1157.0,310.0,0.1848,0.2857,2185.0,69.46,0.0,87.711,5713.91,24.54,0.63,0.24,1.16,0,0,0,0,1,0,0,0
2019-03-10,6.965,10.765,21.485,1157.0,310.0,0.1848,0.2857,2185.0,74.13,0.0,87.73100000000001,6543.21,24.57,0.62,0.17,1.1,0,0,0,0,1,0,0,0
2019-03-11,6.965,10.765,21.485,1157.0,310.0,0.1848,0.2857,2185.0,73.42,0.0,87.71600000000001,4943.49,23.99,0.56,0.24,1.19,0,0,0,1,0,0,0,0
2019-03-12,9.25,14.6,31.37,1157.0,310.0,0.1848,0.2857,2185.0,74.13,0.07,87.652,6240.72,24.68,0.61,0.17,1.26,0,0,0,0,1,0,0,0
2019-03-13,9.49,15.35,32.78,1157.0,310.0,0.1848,0.2857,2185.0,70.13,0.0,87.71799999999999,6769.53,24.08,0.74,0.27,1.23,0,0,0,0,0,0,1,0
2019-03-14,9.84,16.64,39.93,1157.0,310.0,0.1848,0.2857,2185.0,73.21,0.0,87.684,6436.77,24.1,0.7,0.28,1.12,0,0,1,0,0,0,0,0
2019-03-15,10.78,17.5,35.08,1157.0,310.0,0.1848,0.2857,2185.0,71.0,0.0,87.58,6666.1,24.55,0.69,0.26,1.17,0,0,0,0,1,0,0,0
2019-03-16,14.94,24.76,54.4,1157.0,310.0,0.1848,0.2857,2185.0,70.67,0.0,87.57600000000001,6281.64,25.12,0.72,0.26,1.28,0,0,0,0,1,0,0,0
2019-03-17,11.69,19.2,43.33,1157.0,310.0,0.1848,0.2857,2185.0,67.04,0.0,87.64299999999999,5438.84,24.98,0.76,0.19,1.48,0,0,1,0,0,0,0,0
2019-03-18,10.28,17.35,41.38,1157.0,310.0,0.1848,0.2857,2185.0,70.96,0.0,87.663,6039.42,24.54,0.63,0.2,1.38,0,0,1,0,0,0,0,0
2019-03-19,10.59,17.57,40.61,1157.0,310.0,0.1848,0.2857,2185.0,71.96,0.02,87.51100000000001,5640.94,25.33,0.6,0.13,1.21,0,0,0,0,1,0,0,0
2019-03-20,11.77,19.43,45.39,1157.0,310.0,0.1848,0.2857,2185.0,69.54,0.06,87.455,6435.22,25.72,0.74,0.17,1.4,0,0,0,0,1,0,0,0
2019-03-21,12.39,20.23,45.07,1157.0,310.0,0.1848,0.2857,2185.0,70.08,0.0,87.535,5094.93,24.99,0.69,0.19,1.3,0,0,0,0,1,0,0,0
2019-03-22,9.47,16.15,41.59,1157.0,310.0,0.1848,0.2857,2185.0,71.46,0.0,87.506,6486.31,25.15,0.69,0.25,1.41,0,0,0,0,1,0,0,0
2019-03-23,17.14,28.69,69.99,1157.0,310.0,0.1848,0.2857,2185.0,69.54,0.0,87.42299999999999,6095.4,25.29,0.62,0.22,1.15,0,0,0,0,1,0,0,0
2019-03-24,20.22,32.83,65.97,1157.0,310.0,0.1848,0.2857,2185.0,75.54,0.08,87.42,5536.74,24.86,0.68,0.24,1.32,0,0,0,0,1,0,0,0
2019-03-25,16.04,26.46,59.43,1157.0,310.0,0.1848,0.2857,2185.0,73.04,0.43,87.56700000000001,4879.42,24.54,0.75,0.28,1.24,1,0,0,0,0,0,0,0
2019-03-26,9.5,15.83,40.67,1157.0,310.0,0.1848,0.2857,2185.0,70.5,0.0,87.77799999999999,4554.91,23.77,0.76,0.22,1.3,1,0,0,0,0,0,0,0
2019-03-27,12.08,19.56,43.47,1157.0,310.0,0.1848,0.2857,2185.0,85.46,11.56,87.90799999999999,2328.19,21.49,0.6,0.19,1.19,0,0,1,0,0,0,0,0
2019-03-28,6.78,10.19,17.5,1157.0,310.0,0.1848,0.2857,2185.0,81.42,0.34,87.932,4773.22,22.14,0.75,0.39,1.48,0,0,1,0,0,0,0,0
2019-03-29,8.46,13.08,25.21,1157.0,310.0,0.1848,0.2857,2185.0,76.5,0.0,87.715,5844.6,24.02,0.6,0.27,1.01,0,0,1,0,0,0,0,0
2019-03-30,7.29,11.75,25.24,1157.0,310.0,0.1848,0.2857,2185.0,78.13,0.0,87.709,4383.03,23.55,0.66,0.2,1.26,0,0,0,0,1,0,0,0
2019-03-31,5.63,9.17,21.8,1157.0,310.0,0.1848,0.2857,2185.0,75.5,0.0,87.62700000000001,4935.39,24.23,0.66,0.24,1.3,0,0,0,0,1,0,0,0
