{"error": null, "params": {"dates": [{"endDate": "06-15-2019", "startDate": "01-01-2017", "yearRange": [1980, 2050]}], "layers": [{"layer": "_1_km_monthly_EVI", "product": "MOD13A3.006"}, {"layer": "_1_km_monthly_NDVI", "product": "MOD13A3.006"}], "coordinates": [{"latitude": 0.34616, "longitude": 32.64833}]}, "status": "processing", "created": "2019-06-15T17:38:10.804371", "task_id": "bf8382a0-19b1-4507-942a-0d50c829a508", "updated": "2019-06-15T17:38:11.406242", "user_id": "sserurich@gmail.com", "retry_at": null, "task_name": "kireka_vi_2019", "task_type": "point", "api_version": null, "svc_version": "2.23", "web_version": "2.23", "expires_on": "2019-07-15T17:38:11.406242", "attempts": 1}
