Latitude,Longitude,Date,MODIS_Tile,MOD13A3_006_Line_Y_1km,MOD13A3_006_Sample_X_1km,MOD13A3_006__1_km_monthly_EVI,MOD13A3_006__1_km_monthly_NDVI,MOD13A3_006__1_km_monthly_VI_Quality,MOD13A3_006__1_km_monthly_VI_Quality_bitmask,MOD13A3_006__1_km_monthly_VI_Quality_MODLAND,MOD13A3_006__1_km_monthly_VI_Quality_MODLAND_Description,MOD13A3_006__1_km_monthly_VI_Quality_VI_Usefulness,MOD13A3_006__1_km_monthly_VI_Quality_VI_Usefulness_Description,MOD13A3_006__1_km_monthly_VI_Quality_Aerosol_Quantity,MOD13A3_006__1_km_monthly_VI_Quality_Aerosol_Quantity_Description,MOD13A3_006__1_km_monthly_VI_Quality_Adjacent_cloud_detected,MOD13A3_006__1_km_monthly_VI_Quality_Adjacent_cloud_detected_Description,MOD13A3_006__1_km_monthly_VI_Quality_Atmosphere_BRDF_Correction,MOD13A3_006__1_km_monthly_VI_Quality_Atmosphere_BRDF_Correction_Description,MOD13A3_006__1_km_monthly_VI_Quality_Mixed_Clouds,MOD13A3_006__1_km_monthly_VI_Quality_Mixed_Clouds_Description,MOD13A3_006__1_km_monthly_VI_Quality_Land/Water_Mask,MOD13A3_006__1_km_monthly_VI_Quality_Land/Water_Mask_Description,MOD13A3_006__1_km_monthly_VI_Quality_Possible_snow/ice,MOD13A3_006__1_km_monthly_VI_Quality_Possible_snow/ice_Description,MOD13A3_006__1_km_monthly_VI_Quality_Possible_shadow,MOD13A3_006__1_km_monthly_VI_Quality_Possible_shadow_Description
0.337679,32.577198,2017-01-01,h21v08,1159.0,309.0,0.1879,0.3286,2112.0,0b0000100001000000,0b00,"VI produced, good quality",0b0000,Highest quality,0b01,Low,0b0,No,0b0,No,0b0,No,0b001,Land (Nothing else but land),0b0,No,0b0,No
0.337679,32.577198,2017-02-01,h21v08,1159.0,309.0,0.1984,0.334,2181.0,0b0000100010000101,0b01,"VI produced, but check other QA",0b0001,Lower quality,0b10,Average,0b0,No,0b0,No,0b0,No,0b001,Land (Nothing else but land),0b0,No,0b0,No
0.337679,32.577198,2017-03-01,h21v08,1159.0,309.0,0.2414,0.3787,2181.0,0b0000100010000101,0b01,"VI produced, but check other QA",0b0001,Lower quality,0b10,Average,0b0,No,0b0,No,0b0,No,0b001,Land (Nothing else but land),0b0,No,0b0,No
0.337679,32.577198,2017-04-01,h21v08,1159.0,309.0,0.2521,0.4426,2181.0,0b0000100010000101,0b01,"VI produced, but check other QA",0b0001,Lower quality,0b10,Average,0b0,No,0b0,No,0b0,No,0b001,Land (Nothing else but land),0b0,No,0b0,No
0.337679,32.577198,2017-05-01,h21v08,1159.0,309.0,0.2249,0.4181,2112.0,0b0000100001000000,0b00,"VI produced, good quality",0b0000,Highest quality,0b01,Low,0b0,No,0b0,No,0b0,No,0b001,Land (Nothing else but land),0b0,No,0b0,No
0.337679,32.577198,2017-06-01,h21v08,1159.0,309.0,0.2267,0.418,2112.0,0b0000100001000000,0b00,"VI produced, good quality",0b0000,Highest quality,0b01,Low,0b0,No,0b0,No,0b0,No,0b001,Land (Nothing else but land),0b0,No,0b0,No
0.337679,32.577198,2017-07-01,h21v08,1159.0,309.0,0.2068,0.3579,2513.0,0b0000100111010001,0b01,"VI produced, but check other QA",0b0100,Decreasing quality (0100),0b11,High,0b1,Yes,0b0,No,0b0,No,0b001,Land (Nothing else but land),0b0,No,0b0,No
0.337679,32.577198,2017-08-01,h21v08,1159.0,309.0,0.1935,0.3249,2185.0,0b0000100010001001,0b01,"VI produced, but check other QA",0b0010,Decreasing quality (0010),0b10,Average,0b0,No,0b0,No,0b0,No,0b001,Land (Nothing else but land),0b0,No,0b0,No
0.337679,32.577198,2017-09-01,h21v08,1159.0,309.0,0.2245,0.3999,2181.0,0b0000100010000101,0b01,"VI produced, but check other QA",0b0001,Lower quality,0b10,Average,0b0,No,0b0,No,0b0,No,0b001,Land (Nothing else but land),0b0,No,0b0,No
0.337679,32.577198,2017-10-01,h21v08,1159.0,309.0,0.2728,0.416,2185.0,0b0000100010001001,0b01,"VI produced, but check other QA",0b0010,Decreasing quality (0010),0b10,Average,0b0,No,0b0,No,0b0,No,0b001,Land (Nothing else but land),0b0,No,0b0,No
0.337679,32.577198,2017-11-01,h21v08,1159.0,309.0,0.2165,0.4225,2181.0,0b0000100010000101,0b01,"VI produced, but check other QA",0b0001,Lower quality,0b10,Average,0b0,No,0b0,No,0b0,No,0b001,Land (Nothing else but land),0b0,No,0b0,No
0.337679,32.577198,2017-12-01,h21v08,1159.0,309.0,0.187,0.3653,2185.0,0b0000100010001001,0b01,"VI produced, but check other QA",0b0010,Decreasing quality (0010),0b10,Average,0b0,No,0b0,No,0b0,No,0b001,Land (Nothing else but land),0b0,No,0b0,No
0.337679,32.577198,2018-01-01,h21v08,1159.0,309.0,0.1697,0.3407,2181.0,0b0000100010000101,0b01,"VI produced, but check other QA",0b0001,Lower quality,0b10,Average,0b0,No,0b0,No,0b0,No,0b001,Land (Nothing else but land),0b0,No,0b0,No
0.337679,32.577198,2018-02-01,h21v08,1159.0,309.0,0.1571,0.2832,2181.0,0b0000100010000101,0b01,"VI produced, but check other QA",0b0001,Lower quality,0b10,Average,0b0,No,0b0,No,0b0,No,0b001,Land (Nothing else but land),0b0,No,0b0,No
0.337679,32.577198,2018-03-01,h21v08,1159.0,309.0,0.3304,0.5482,2372.0,0b0000100101000100,0b00,"VI produced, good quality",0b0001,Lower quality,0b01,Low,0b1,Yes,0b0,No,0b0,No,0b001,Land (Nothing else but land),0b0,No,0b0,No
0.337679,32.577198,2018-04-01,h21v08,1159.0,309.0,0.3304,0.5482,2372.0,0b0000100101000100,0b00,"VI produced, good quality",0b0001,Lower quality,0b01,Low,0b1,Yes,0b0,No,0b0,No,0b001,Land (Nothing else but land),0b0,No,0b0,No
0.337679,32.577198,2018-05-01,h21v08,1159.0,309.0,0.2672,0.4741,2112.0,0b0000100001000000,0b00,"VI produced, good quality",0b0000,Highest quality,0b01,Low,0b0,No,0b0,No,0b0,No,0b001,Land (Nothing else but land),0b0,No,0b0,No
0.337679,32.577198,2018-06-01,h21v08,1159.0,309.0,0.215,0.3463,2181.0,0b0000100010000101,0b01,"VI produced, but check other QA",0b0001,Lower quality,0b10,Average,0b0,No,0b0,No,0b0,No,0b001,Land (Nothing else but land),0b0,No,0b0,No
0.337679,32.577198,2018-07-01,h21v08,1159.0,309.0,0.183,0.377,2185.0,0b0000100010001001,0b01,"VI produced, but check other QA",0b0010,Decreasing quality (0010),0b10,Average,0b0,No,0b0,No,0b0,No,0b001,Land (Nothing else but land),0b0,No,0b0,No
0.337679,32.577198,2018-08-01,h21v08,1159.0,309.0,0.2285,0.4008,2112.0,0b0000100001000000,0b00,"VI produced, good quality",0b0000,Highest quality,0b01,Low,0b0,No,0b0,No,0b0,No,0b001,Land (Nothing else but land),0b0,No,0b0,No
0.337679,32.577198,2018-09-01,h21v08,1159.0,309.0,0.2112,0.3622,2257.0,0b0000100011010001,0b01,"VI produced, but check other QA",0b0100,Decreasing quality (0100),0b11,High,0b0,No,0b0,No,0b0,No,0b001,Land (Nothing else but land),0b0,No,0b0,No
0.337679,32.577198,2018-10-01,h21v08,1159.0,309.0,0.2477,0.408,2445.0,0b0000100110001101,0b01,"VI produced, but check other QA",0b0011,Decreasing quality (0011),0b10,Average,0b1,Yes,0b0,No,0b0,No,0b001,Land (Nothing else but land),0b0,No,0b0,No
0.337679,32.577198,2018-11-01,h21v08,1159.0,309.0,0.2589,0.4078,2112.0,0b0000100001000000,0b00,"VI produced, good quality",0b0000,Highest quality,0b01,Low,0b0,No,0b0,No,0b0,No,0b001,Land (Nothing else but land),0b0,No,0b0,No
0.337679,32.577198,2018-12-01,h21v08,1159.0,309.0,0.268,0.4378,2112.0,0b0000100001000000,0b00,"VI produced, good quality",0b0000,Highest quality,0b01,Low,0b0,No,0b0,No,0b0,No,0b001,Land (Nothing else but land),0b0,No,0b0,No
0.337679,32.577198,2019-01-01,h21v08,1159.0,309.0,0.2626,0.4309,2112.0,0b0000100001000000,0b00,"VI produced, good quality",0b0000,Highest quality,0b01,Low,0b0,No,0b0,No,0b0,No,0b001,Land (Nothing else but land),0b0,No,0b0,No
0.337679,32.577198,2019-02-01,h21v08,1159.0,309.0,0.2184,0.3975,2112.0,0b0000100001000000,0b00,"VI produced, good quality",0b0000,Highest quality,0b01,Low,0b0,No,0b0,No,0b0,No,0b001,Land (Nothing else but land),0b0,No,0b0,No
0.337679,32.577198,2019-03-01,h21v08,1159.0,309.0,0.2073,0.3637,2181.0,0b0000100010000101,0b01,"VI produced, but check other QA",0b0001,Lower quality,0b10,Average,0b0,No,0b0,No,0b0,No,0b001,Land (Nothing else but land),0b0,No,0b0,No
