{"error": null, "params": {"dates": [{"endDate": "04-28-2019", "startDate": "01-01-2017", "yearRange": [1980, 2050]}], "layers": [{"layer": "_1_km_monthly_EVI", "product": "MOD13A3.006"}, {"layer": "_1_km_monthly_NDVI", "product": "MOD13A3.006"}], "coordinates": [{"latitude": 0.337679, "longitude": 32.577198}]}, "status": "processing", "created": "2019-04-29T10:42:07.369234", "task_id": "3a6bf7b2-70c6-4323-ba7f-b1e8b3ab1bc3", "updated": "2019-04-29T10:42:10.093438", "user_id": "sserurich@gmail.com", "retry_at": null, "task_name": "Mulago_actual_coordinates_vi_2017_2019", "task_type": "point", "api_version": null, "svc_version": "2.19", "web_version": "2.19", "expires_on": "2019-05-29T10:42:10.093438", "attempts": 1}
